term,n,y0,peak_year,peak_share_pct,prevalence_2021_2025_pct,docs_total,kandydaci_na_poprzednika,tytuly_okolo_y0,tytuly_2023_2025,autor_top_pct,autor_eff_n,kraj_top,kraj_top_pct,kraj_eff_n,kraj_brak_pct,czasopismo_top_nlm,czasopismo_top_pct,czasopismo_eff_n,nachylenie_log,czas_podwojenia_lat,trwalosc_2025_do_szczytu,prac_w_oknie,kategoria,poprzednik,uwagi
cohort,1,2021,2025,21.584,17.823,28189,"background data although (lift 3.3, wsp. 25); study level ii (lift 3.1, wsp. 13); design prospective (lift 3.1, wsp. 131)",[2021] Quadriceps Strength and Functional Performance After Anterior Cruciate Ligament Reconstruction in Professional Soccer players at Time of Return to Sport. | [2021] Performance Outcomes and Return-to-Sport Rate of National Hockey League Athletes Vary After Common Orthopedic Surgical Procedures. | [2020] How Do Race and Insurance Status Affect the Care of Pediatric Anterior Cruciate Ligament Injuries?,"[2023] Immediate Effects of Walking With a Knee Brace After Anterior Cruciate Ligament Reconstruction: A Biomechanical, Biochemical, and Structural Approach. | [2023] Success Rate of Mandible Implants Placed in Vascularized Fibula Bone Graft: A Systematic Review. | [2023] Similar short-term KOOS between open-wedge high tibial osteotomy and total knee arthroplasty in patients over age 60: A propensity score-matched cohort study.",0.1,8715.6,USA,40.2,5.3,11.7,8703515,8.4,51.0,0.085,8.2,1.0,13109,,,
database,1,2016,2024,11.291,10.633,17568,"a computerized (lift 5.5, wsp. 20); conclusion on the (lift 5.3, wsp. 25); author conclusion (lift 5.0, wsp. 29); quasi randomized (lift 4.8, wsp. 20); reviewed our (lift 4.7, wsp. 17)",[2015] International classification of disease clinical modification 9 modeling of a patient comorbidity score predicts incidence of perioperative complications in a nationwide inpatient sample assessment of complications in spine surgery. | [2015] Surgically treated cases of lumbar spondylolysis and isthmic spondylolisthesis: a multicenter study. | [2015] Impact of starting point and C2 nerve status on the safety and accuracy of C1 lateral mass screws: meta-analysis and review of the literature.,[2023] Success Rate of Mandible Implants Placed in Vascularized Fibula Bone Graft: A Systematic Review. | [2023] Lumbar Fusion for Active Duty Service Members Performed at an Overseas Military Treatment Facility: A 2-Year Retrospective Analysis. | [2023] A Quantitative and Qualitative Literature Analysis of the Orthopedic Surgeons' Experience: Reflecting on 20 Years in the Global War on Terror.,0.2,8208.9,USA,43.5,4.5,12.0,8703515,8.4,55.4,0.065,10.7,0.95,13867,,,
cohort study,2,2019,2025,11.397,8.843,13230,"study level ii (lift 5.6, wsp. 18); design prospective (lift 5.2, wsp. 105); thromboembolism after (lift 3.5, wsp. 13); background data there (lift 3.4, wsp. 15); replacement performed (lift 3.4, wsp. 16)",[2018] Clinical and Radiological Mid-Term Outcomes of Lumbar Single-Level Total Disc Replacement. | [2018] Predictors of 30-Day Hospital Readmission After Posterior Cervical Fusion in 3401 Patients. | [2018] Compliance With a Comprehensive Antibiotic Protocol Improves Infection Incidence in Pediatric Spine Surgery.,[2023] Success Rate of Mandible Implants Placed in Vascularized Fibula Bone Graft: A Systematic Review. | [2023] Similar short-term KOOS between open-wedge high tibial osteotomy and total knee arthroplasty in patients over age 60: A propensity score-matched cohort study. | [2023] Does a Reduced Secondary Operation Rate Offset Higher Implant Charges when Utilizing Suture Button Fixation for Syndesmotic Injuries?,0.2,6322.4,USA,30.7,7.7,10.6,7609541,6.3,54.9,0.088,7.8,1.0,8579,,,
patient reported,2,2018,2025,9.518,8.133,11372,"outcome instrument (lift 12.2, wsp. 36); validated outcome (lift 5.6, wsp. 21); of the sf (lift 5.1, wsp. 17); form 36 sf (lift 4.5, wsp. 36); bodily pain (lift 4.4, wsp. 13)",[2019] A Systematic Review of Systemic Cobaltism After Wear or Corrosion of Chrome-Cobalt Hip Implants. | [2017] What Is the Frequency of Noise Generation in Modern Knee Arthroplasty and Is It Associated With Residual Symptoms? | [2017] Tramadol-Paracetamol Combination for Postoperative Pain Relief in Elective Single-level Microdisectomy Surgery.,[2023] Patient Acceptable Symptom State Versus Latent Class Analysis Outcome Classification: A Comparative Longitudinal Study of Knee Arthroplasty. | [2023] Improvement Trajectories in Patient-Reported Outcomes Between Males and Females After Anterior Cruciate Ligament Reconstruction. | [2023] Functional Outcomes of Dorsal Bridge Plating for Lisfranc Injuries With Routine Implant Retention: A Major Trauma Center Experience.,0.2,5053.5,USA,44.3,4.6,10.9,8703515,7.8,37.7,0.101,6.9,1.0,8475,,,
systematic review,2,2014,2025,7.612,7.055,10854,"quasi randomized (lift 9.3, wsp. 26); conclusion on the (lift 8.8, wsp. 24); we undertook a (lift 6.7, wsp. 13); english literature (lift 6.6, wsp. 18); searched the cochrane (lift 6.5, wsp. 15)","[2013] Lateral extracavitary, costotransversectomy, and transthoracic thoracotomy approaches to the thoracic spine: review of techniques and complications. | [2013] Computer-assisted total knee arthroplasty is currently of no proven clinical benefit: a systematic review. | [2013] Prevalence of adjacent segment degeneration after spine surgery: a systematic review and meta-analysis.",[2023] Success Rate of Mandible Implants Placed in Vascularized Fibula Bone Graft: A Systematic Review. | [2023] Evaluation of the Posterior Tilt Angle in Predicting Failure of Nondisplaced Femoral Neck Fractures After Internal Fixation: A Systematic Review. | [2023] Management of Proximal Humeral Fractures in Adults: A Systematic Review and Meta-Analysis.,0.2,6207.7,USA,24.8,8.5,8.5,8506498,5.3,68.7,0.086,8.0,1.0,9526,,,
patient reported outcome,3,2010,2025,7.986,6.718,8040,"outcome instrument (lift 30.2, wsp. 7); the instrument (lift 20.7, wsp. 5); of the sf (lift 19.4, wsp. 4); the sf 36 (lift 11.7, wsp. 8); 36 sf 36 (lift 8.9, wsp. 4)","[2009] Linking measurement error to minimal important change of patient-reported outcomes. | [2009] Outcome and knee-related quality of life after anterior cruciate ligament reconstruction: a long-term follow-up. | [2009] Medial opening wedge high tibial osteotomy: a prospective cohort study of gait, radiographic, and patient-reported outcomes.",[2023] Patient Acceptable Symptom State Versus Latent Class Analysis Outcome Classification: A Comparative Longitudinal Study of Knee Arthroplasty. | [2023] Improvement Trajectories in Patient-Reported Outcomes Between Males and Females After Anterior Cruciate Ligament Reconstruction. | [2023] Functional Outcomes of Dorsal Bridge Plating for Lisfranc Injuries With Routine Implant Retention: A Major Trauma Center Experience.,0.2,4459.0,USA,47.1,4.1,10.0,8703515,8.5,32.2,0.224,3.1,1.0,8005,,,
a systematic review,3,2014,2025,6.374,5.91,8794,"conclusion on the (lift 9.0, wsp. 19); we undertook a (lift 8.7, wsp. 13); quasi randomized (lift 8.4, wsp. 18); english literature (lift 8.2, wsp. 17); undertook a (lift 8.2, wsp. 14)",[2013] Computer-assisted total knee arthroplasty is currently of no proven clinical benefit: a systematic review. | [2013] Prevalence of adjacent segment degeneration after spine surgery: a systematic review and meta-analysis. | [2013] Risk factors for new osteoporotic vertebral compression fractures after vertebroplasty: a systematic review and meta-analysis.,[2023] Success Rate of Mandible Implants Placed in Vascularized Fibula Bone Graft: A Systematic Review. | [2023] Evaluation of the Posterior Tilt Angle in Predicting Failure of Nondisplaced Femoral Neck Fractures After Internal Fixation: A Systematic Review. | [2023] Management of Proximal Humeral Fractures in Adults: A Systematic Review and Meta-Analysis.,0.2,5393.3,USA,25.8,8.4,8.0,8506498,5.2,67.0,0.094,7.4,1.0,7825,,,
meta analysis,2,2014,2025,6.341,5.837,8831,"quasi randomized (lift 19.9, wsp. 44); searched the cochrane (lift 12.7, wsp. 23); author conclusion (lift 12.5, wsp. 32); collection and analysis (lift 12.0, wsp. 34); conclusion on the (lift 8.8, wsp. 19)",[2013] Prevalence of adjacent segment degeneration after spine surgery: a systematic review and meta-analysis. | [2013] Meta-analysis of vertebral augmentation compared with conservative treatment for osteoporotic spinal fractures. | [2013] Risk factors for new osteoporotic vertebral compression fractures after vertebroplasty: a systematic review and meta-analysis.,[2023] Success Rate of Mandible Implants Placed in Vascularized Fibula Bone Graft: A Systematic Review. | [2023] Individual participant data meta-analysis of metabolomics on sustained knee pain in primary osteoarthritis patients. | [2023] Management of Proximal Humeral Fractures in Adults: A Systematic Review and Meta-Analysis.,0.2,5131.8,China,34.7,5.9,8.0,101265112,5.4,60.7,0.09,7.7,1.0,7970,,,
retrospective cohort study,3,2017,2025,6.869,4.866,6123,"cephalogram (lift 6.7, wsp. 16); mandibular prognathism (lift 6.6, wsp. 11); background data there (lift 6.3, wsp. 9); prognathism (lift 6.0, wsp. 11); open bite (lift 5.3, wsp. 6)",[2016] Associations Between Body Mass and Revision Surgical Outcomes in Adult Scoliosis. | [2016] Perioperative Outcomes After Cervical Laminoplasty Versus Posterior Decompression and Fusion: Analysis of 779 Patients in the ACS-NSQIP Database. | [2016] The Mark Coventry Award: Custom Cutting Guides Do Not Improve Total Knee Arthroplasty Clinical Outcomes at 2 Years Followup.,[2023] Does a Reduced Secondary Operation Rate Offset Higher Implant Charges when Utilizing Suture Button Fixation for Syndesmotic Injuries? | [2023] Risk of Postoperative Sciatic Nerve Palsy After Posterior Acetabular Fracture Fixation: Does Patient Position Matter? | [2023] Radiological and Long-Term Functional Outcomes of Displaced Distal Clavicle Fractures.,0.3,3936.3,USA,35.0,6.2,13.4,8703515,5.9,52.4,0.139,5.0,1.0,5150,,,
systematic review and,3,2013,2025,4.936,4.345,5467,"quasi randomized (lift 20.8, wsp. 14); we undertook a (lift 10.6, wsp. 5); bankart lesion (lift 10.3, wsp. 5); temporomandibular joint ankylosis (lift 9.6, wsp. 4); joint ankylosis (lift 8.9, wsp. 4)",[2012] Evaluation of treatment effectiveness for the herniated cervical disc: a systematic review. | [2012] External fixation versus internal fixation for unstable distal radius fractures: a systematic review and meta-analysis of comparative clinical trials. | [2012] A systematic review of the effectiveness of revascularization of the ulcerated foot in patients with diabetes and peripheral arterial disease.,[2023] Success Rate of Mandible Implants Placed in Vascularized Fibula Bone Graft: A Systematic Review. | [2023] Management of Proximal Humeral Fractures in Adults: A Systematic Review and Meta-Analysis. | [2023] Predictors of Persistent Post-Surgical Pain Following Total Knee Arthroplasty: A Systematic Review and Meta-Analysis of Observational Studies.,0.3,3715.5,China,26.8,7.2,7.2,8506498,4.9,60.4,0.171,4.0,1.0,5288,,,
and meta analysis,3,2012,2025,4.709,4.132,5200,"quasi randomized (lift 33.9, wsp. 15); per cent (lift 11.1, wsp. 5); which to (lift 11.0, wsp. 4); conclusion on the (lift 9.1, wsp. 4); evidence therapeutic study (lift 9.0, wsp. 5)",[2011] Physiotherapy rehabilitation post first lumbar discectomy: a systematic review and meta-analysis of randomized controlled trials. | [2011] Systematic review and meta-analysis of the use of tranexamic acid in total hip replacement. | [2011] Systematic reviews and meta-analysis.,[2023] Success Rate of Mandible Implants Placed in Vascularized Fibula Bone Graft: A Systematic Review. | [2023] Management of Proximal Humeral Fractures in Adults: A Systematic Review and Meta-Analysis. | [2023] Predictors of Persistent Post-Surgical Pain Following Total Knee Arthroplasty: A Systematic Review and Meta-Analysis of Observational Studies.,0.2,3683.2,China,27.4,7.0,7.3,8506498,4.9,59.9,0.184,3.8,1.0,5099,,,
review and meta,3,2012,2025,4.628,4.083,5054,"quasi randomized (lift 37.3, wsp. 15); per cent (lift 12.2, wsp. 5); which to (lift 12.1, wsp. 4); evidence therapeutic study (lift 9.9, wsp. 5); prevention of venous (lift 8.8, wsp. 4)",[2011] Physiotherapy rehabilitation post first lumbar discectomy: a systematic review and meta-analysis of randomized controlled trials. | [2011] Systematic review and meta-analysis of the use of tranexamic acid in total hip replacement. | [2011] Systematic reviews and meta-analysis.,[2023] Success Rate of Mandible Implants Placed in Vascularized Fibula Bone Graft: A Systematic Review. | [2023] Management of Proximal Humeral Fractures in Adults: A Systematic Review and Meta-Analysis. | [2023] Predictors of Persistent Post-Surgical Pain Following Total Knee Arthroplasty: A Systematic Review and Meta-Analysis of Observational Studies.,0.2,3572.5,China,27.2,7.1,7.1,8506498,4.9,59.1,0.191,3.6,1.0,4971,,,
the impact of,3,2023,2025,5.826,3.956,5809,"medical outcome (lift 3.8, wsp. 5); replacement group (lift 3.6, wsp. 4); study design in (lift 3.5, wsp. 4); dramatic (lift 3.4, wsp. 10); effect are (lift 3.3, wsp. 5)",[2022] The prevalence and impact of sarcopenia in females undergoing total hip arthroplasty: A prospective study. | [2022] Impact of Obesity Severity on Achieving a Minimum Clinically Important Difference Following Minimally Invasive Transforaminal Lumbar Interbody Fusion. | [2022] Outcome Measures of Medicare Patients With Diabetes Mellitus Undergoing Thoracolumbar Deformity Surgery.,[2023] Beyond Limb Salvage: Limb Restoration Efforts Following Remote Combat-Related Extremity Injuries Optimize Outcomes and Support Sustained Surgical Readiness. | [2023] A Dedicated Orthopaedic Trauma Room Improves Efficiency While Remaining Financially Net Positive. | [2024] Epidemiology of cruciate ligament reconstruction in the Australian Defence Force and predictors of outcome.,0.3,1843.7,USA,34.4,6.1,9.4,8703515,7.5,57.7,0.268,2.6,1.0,2044,,,
registry,1,2018,2025,3.699,3.263,5645,"author conclusion (lift 25.5, wsp. 41); collection and analysis (lift 21.1, wsp. 42); searched the cochrane (lift 20.0, wsp. 25); quasi randomized (lift 10.6, wsp. 10); replacement performed (lift 8.8, wsp. 19)",[2017] What Sport Activity Levels Are Achieved in Patients After Resection and Endoprosthetic Reconstruction for a Proximal Femur Bone Sarcoma? | [2018] Risk Factors for Readmissions Following Anterior Lumbar Interbody Fusion. | [2017] Performing a Definitive Fusion in Juvenile CP Patients is a Good Surgical Option.,"[2023] A Quantitative and Qualitative Literature Analysis of the Orthopedic Surgeons' Experience: Reflecting on 20 Years in the Global War on Terror. | [2023] First-time revision knee arthroplasty using a hinged prosthesis : temporal trends, indications, and risk factors associated with re-revision using data from the National Joint Registry for 3,855 patients. | [2023] Minimally invasive versus open transforaminal lumbar interbody fusion for grade I lumbar spondylolisthesis: 5-year follow-up from the prospective multicenter Quality Outcomes Database registry.",0.5,2325.2,USA,28.6,8.5,9.8,8703515,9.7,40.2,0.046,14.9,1.0,3732,,,
single center,2,2015,2025,4.227,3.168,4347,"secondary patency rate (lift 13.6, wsp. 9); series method (lift 9.3, wsp. 5); duplex (lift 8.8, wsp. 11); to those reported (lift 8.4, wsp. 5); four consecutive (lift 7.8, wsp. 5)",[2014] Comparison of the clinical outcome in overweight or obese patients after minimally invasive versus open transforaminal lumbar interbody fusion. | [2015] Anterior or posterior surgery for right thoracic adolescent idiopathic scoliosis (AIS)? A prospective cohorts' comparison using radiologic and functional outcomes. | [2014] Clinical characteristics of severe supracondylar humerus fractures in children.,[2023] Functional Outcomes of Dorsal Bridge Plating for Lisfranc Injuries With Routine Implant Retention: A Major Trauma Center Experience. | [2023] Thin highly cross-linked polyethylene liners combined with large femoral heads in primary total hip arthroplasty show excellent survival and low wear rates at a mean follow-up of 12.8 years. | [2023] A clinical and radiological matched-pair analysis of patients treated with the PRECICE and STRYDE magnetically driven motorized intramedullary lengthening nails.,0.3,3114.6,USA,16.6,12.3,8.7,101494830,6.3,65.4,0.123,5.6,1.0,3804,,,
reported outcome measure,3,2011,2024,3.739,3.077,3351,"the instrument (lift 30.5, wsp. 4); outcome instrument (lift 27.9, wsp. 4); range of movement (lift 11.8, wsp. 5); arthroplasty of the (lift 11.8, wsp. 4); hip replacement in (lift 8.2, wsp. 4)",[2010] IKDC or KOOS: which one captures symptoms and disabilities most important to patients who have undergone initial anterior cruciate ligament reconstruction? | [2010] Clinical experiences with autologous osteochondral mosaicplasty in an athletic population: a 17-year prospective multicenter study. | [2010] [Schulthess Hip Score (5 items) for assessing disability in patients undergoing total hip arthroplasty. Development and validation].,[2023] Patient Acceptable Symptom State Versus Latent Class Analysis Outcome Classification: A Comparative Longitudinal Study of Knee Arthroplasty. | [2023] Functional Outcomes of Dorsal Bridge Plating for Lisfranc Injuries With Routine Implant Retention: A Major Trauma Center Experience. | [2023] Improvement following minimally invasive transforaminal lumbar interbody fusion in patients aged 70 years or older compared with younger age groups.,0.3,2176.1,USA,39.4,5.3,8.9,8703515,10.6,30.7,0.245,2.8,0.97,3334,,,
joint infection,2,2017,2025,3.144,2.916,4272,"infected total (lift 27.2, wsp. 62); eradication of (lift 24.1, wsp. 30); infected total knee (lift 23.9, wsp. 27); an infected (lift 18.3, wsp. 32); propionibacterium (lift 17.9, wsp. 30)","[2016] Diagnostic and therapeutic appropriateness in bone and joint infections: results of a national survey. | [2016] Complications of Total Hip Arthroplasty: Standardized List, Definitions, and Stratification Developed by The Hip Society. | [2016] Can Good Infection Control Be Obtained in One-stage Exchange of the Infected TKA to a Rotating Hinge Design? 10-year Results.",[2023] A Case of Periprosthetic Joint Infection Because of Rothia Mucilaginosa. | [2023] Targeted Versus Shotgun Metagenomic Sequencing-based Detection of Microorganisms in Sonicate Fluid for Periprosthetic Joint Infection Diagnosis. | [2023] Microbiological profiles and antibiotic resistance of periprosthetic joint infection after hip replacement in patients with fracture or non-fracture: A comparative study.,0.3,2199.3,USA,39.4,5.3,10.5,8703515,26.2,12.2,0.082,8.5,1.0,3372,,,
90 day,2,2017,2025,3.552,2.855,3651,"warfarin (lift 13.2, wsp. 14); no death (lift 9.4, wsp. 7); thromboembolism after (lift 9.3, wsp. 9); enoxaparin (lift 8.7, wsp. 9); prevention of venous (lift 8.5, wsp. 6)",[2016] Incidence of Deep Vein Thrombosis and Pulmonary Embolism in the Elective Pediatric Orthopaedic Patient. | [2016] Can an Arthroplasty Registry Help Decrease Transfusions in Primary Total Joint Replacement? A Quality Initiative. | [2016] Impact of Lumbar Fusion on Health Care Resource Utilization.,"[2023] Preoperative Comorbidities Associated With Early Mortality in Hip Fracture Patients: A Multicenter Study. | [2023] Are Short Stems Associated With Higher Fracture Rates and Early Revision Rates in Primary Total Hip Arthroplasty? A Noninferiority Analysis. | [2023] Discharge to inpatient rehabilitation following arthroplasty is a strong predictor of persistent opioid use 90 days after surgery: a prospective, observational study.",0.5,1904.5,USA,71.1,2.0,18.3,8703515,25.3,13.3,0.129,5.4,1.0,3108,,,
readmission,1,2014,2022,2.877,2.715,3905,"are encouraging (lift 6.4, wsp. 4); study see the (lift 6.2, wsp. 7); background data the (lift 5.2, wsp. 9); see the (lift 5.2, wsp. 7); knowledge there (lift 4.9, wsp. 5)",[2013] Complications of total knee arthroplasty: standardized list and definitions of the Knee Society. | [2013] A ten-year review of lower extremity burns in diabetics: small burns that lead to major problems. | [2013] Quality in orthopaedic surgery--an international perspective: AOA critical issues.,[2023] Streamlining orthopaedic trauma surgical care: do all patients need medical clearance? | [2023] Do older patients fare worse following unilateral or single stage bilateral total knee arthroplasty? | [2023] The implementation of enhanced recovery after surgery pathway in patients undergoing posterior thoracolumbar fusion for degenerative spinal deformity.,0.6,2228.7,USA,73.3,1.8,19.4,8703515,20.7,18.2,0.159,4.4,0.97,3685,,,
periprosthetic joint infection,3,2011,2024,2.801,2.565,3389,"propionibacterium (lift 47.5, wsp. 5); of the infection (lift 27.9, wsp. 5); infected total (lift 24.8, wsp. 10); infected total knee (lift 20.7, wsp. 5); antibiotic impregnated (lift 19.3, wsp. 4)",[2010] Antibiotics for prevention of periprosthetic joint infection following dentistry: time to focus on data. | [2010] Is there a role for tissue biopsy in the diagnosis of periprosthetic infection? | [2010] A two-stage retention débridement protocol for acute periprosthetic joint infections.,[2023] A Case of Periprosthetic Joint Infection Because of Rothia Mucilaginosa. | [2023] Targeted Versus Shotgun Metagenomic Sequencing-based Detection of Microorganisms in Sonicate Fluid for Periprosthetic Joint Infection Diagnosis. | [2023] Microbiological profiles and antibiotic resistance of periprosthetic joint infection after hip replacement in patients with fracture or non-fracture: A comparative study.,0.3,2147.3,USA,41.2,5.0,10.4,8703515,27.6,11.1,0.184,3.8,0.99,3348,,,
propensity,1,2016,2025,3.692,2.439,2805,"method and result (lift 11.2, wsp. 5); anterior fusion (lift 8.6, wsp. 4); limb ischemia cli (lift 6.9, wsp. 11); for critical limb (lift 6.5, wsp. 5); low molecular weight (lift 6.0, wsp. 4)",[2015] Pediatric monteggia fractures: a multicenter examination of treatment strategy and early clinical and radiographic results. | [2015] Operative versus nonoperative treatment of displaced proximal humeral physeal fractures: a matched cohort. | [2016] Perioperative Outcomes After Cervical Laminoplasty Versus Posterior Decompression and Fusion: Analysis of 779 Patients in the ACS-NSQIP Database.,[2023] Similar short-term KOOS between open-wedge high tibial osteotomy and total knee arthroplasty in patients over age 60: A propensity score-matched cohort study. | [2023] Risk of Postoperative Sciatic Nerve Palsy After Posterior Acetabular Fracture Fixation: Does Patient Position Matter? | [2023] Comparison of the clinical outcomes following total knee arthroplasty in osseous ankylosed and non-ankylosed knees using propensity-score matching.,0.5,1630.3,USA,47.6,3.9,11.7,8703515,12.7,34.8,0.196,3.5,1.0,2527,,,
a retrospective cohort,3,2016,2025,3.498,2.425,3155,"background data there (lift 10.0, wsp. 6); one consecutive (lift 8.5, wsp. 4); their age (lift 8.5, wsp. 4); patient died of (lift 8.3, wsp. 4); at operation (lift 7.5, wsp. 7)",[2016] Polyetheretherketone (PEEK) Rods in Lumbar Spine Degenerative Disease: A Case Series. | [2015] Removing Outer Gloves as a Method to Reduce Spinal Surgery Infection. | [2015] Analysis of Risk Factors Causing New Symptomatic Vertebral Compression Fractures After Percutaneous Vertebroplasty for Painful Osteoporotic Vertebral Compression Fractures: A 4-year Follow-up.,[2023] Total Knee Replacement After Arthroscopic Meniscectomy in Knee Osteoarthritis: A Nationwide Population-Based Cohort Study. | [2023] Correlation Analysis between Residual Pain after Vertebral Augmentation and the Diffusion Distribution of Bone Cement: A Retrospective Cohort Study. | [2023] Preoperative overweight and obesity do not cause inferior outcomes following open-wedge high tibial osteotomy: A retrospective cohort study of 123 patients.,0.4,2141.6,USA,32.9,6.3,13.7,8703515,5.9,54.9,0.133,5.2,1.0,2717,,,
postoperative outcome,2,2022,2025,3.705,2.391,3220,"study level iv (lift 7.3, wsp. 4); a computer assisted (lift 6.8, wsp. 4); background data there (lift 6.4, wsp. 5); form 36 sf (lift 5.2, wsp. 10); 36 sf 36 (lift 4.8, wsp. 10)",[2021] Effect of Remnant Tissues on Outcomes of Anterior Cruciate Ligament Reconstruction at Follow-up Arthroscopy. | [2021] Associations Between Preoperative Hyponatremia and 30-Day Perioperative Complications in Lumbar Interbody Spinal Fusion. | [2021] Comparison Between the Direct Anterior and Posterior Approaches for Total Hip Arthroplasty Performed for Femoral Neck Fracture.,[2023] Predicting outcomes after total knee arthroplasty using intraoperative knee kinematics measured by navigation. | [2023] Reverse shoulder arthroplasty for proximal humerus fractures: a comparison of the deltoid split and deltopectoral approaches. | [2023] The implementation of enhanced recovery after surgery pathway in patients undergoing posterior thoracolumbar fusion for degenerative spinal deformity.,0.3,1351.6,USA,45.8,3.9,11.6,8703515,8.2,46.1,0.203,3.4,1.0,1530,,,
revision rate,2,2020,2025,2.682,2.351,3718,"polyethylene in (lift 12.5, wsp. 14); metal total hip (lift 11.7, wsp. 18); on metal total (lift 11.0, wsp. 18); uncemented total (lift 10.6, wsp. 21); uncemented total hip (lift 10.5, wsp. 16)",[2019] Robotic-assisted Medial Unicompartmental Knee Arthroplasty: Options and Outcomes. | [2019] External Fixation in the Emergency Department for Pilon and Unstable Ankle Fractures. | [2019] Use of Magnetic Spinal Growth Rods (MCGR) With and Without Preoperative Halo-gravity Traction (HGT) for the Treatment of Severe Early-onset Scoliosis (EOS).,"[2023] First-time revision knee arthroplasty using a hinged prosthesis : temporal trends, indications, and risk factors associated with re-revision using data from the National Joint Registry for 3,855 patients. | [2023] Titanium niobium nitride knee implants are not inferior to chrome cobalt components for primary total knee arthroplasty at medium-term follow-up. | [2023] Mid-term Follow Up of a Highly Porous Acetabular Component for Primary Total Hip Arthroplasty.",0.5,1556.7,USA,31.6,7.7,10.0,8703515,12.4,26.1,0.063,11.0,1.0,2060,,,
healthcare,1,2019,2024,2.808,2.296,3649,"the guideline for (lift 14.8, wsp. 4); asked whether (lift 7.2, wsp. 5); waiting list (lift 6.7, wsp. 5); wanted to (lift 5.8, wsp. 9); wanted (lift 5.4, wsp. 10)",[2018] Predictors of 30-Day Hospital Readmission After Posterior Cervical Fusion in 3401 Patients. | [2018] Outpatient vs Inpatient Anterior Cervical Discectomy and Fusion: A Population-Level Analysis of Outcomes and Cost. | [2018] Treatment of Degenerative Lumbar Spondylolisthesis With Fusion or Decompression Alone Results in Similar Rates of Reoperation at 5 Years.,"[2023] The Effect of Preoperative Behavioral Intervention on Pain, Anxiety, Opioid Use, and Function in Patients Undergoing Total Knee Arthroplasty: A Randomized Controlled Study. | [2023] Physical and financial impacts caused by the COVID-19 pandemic exacerbate knee pain: A longitudinal study of a large-scale general population. | [2023] Individual participant data meta-analysis of metabolomics on sustained knee pain in primary osteoarthritis patients.",0.5,1866.6,USA,42.4,4.9,12.1,8703515,7.3,61.9,0.077,8.9,0.97,2289,,,
outcome between,2,2021,2025,2.582,2.154,3323,"evidence of loosening (lift 6.1, wsp. 5); resurfaced (lift 5.6, wsp. 6); was 24 month (lift 5.6, wsp. 6); patient because of (lift 5.3, wsp. 4); background data there (lift 5.1, wsp. 5)","[2020] Quadriceps Tendon Autograft in Anterior Cruciate Ligament Reconstruction. | [2020] Perioperative Outcome of Severe Idiopathic Scoliosis (Cobb Angle ≥ 90°): Is There Any Difference Between ""Daytime"" Versus ""After-hours"" Surgeries? | [2020] Comparison of Locked Plating of Varus Displaced Proximal Humeral Fractures With and Without Fibula Allograft Augmentation.","[2023] Immediate Effects of Walking With a Knee Brace After Anterior Cruciate Ligament Reconstruction: A Biomechanical, Biochemical, and Structural Approach. | [2023] Improvement Trajectories in Patient-Reported Outcomes Between Males and Females After Anterior Cruciate Ligament Reconstruction. | [2023] Locked Lateral Plating Versus Retrograde Nailing for Distal Femur Fractures: A Multicenter Randomized Trial.",0.3,1429.5,USA,28.4,7.2,8.5,8703515,4.7,52.3,0.074,9.4,1.0,1583,,,
clinically important,2,2017,2025,2.294,2.052,2548,"quasi randomized (lift 40.6, wsp. 14); author conclusion (lift 36.2, wsp. 19); searched the cochrane (lift 34.8, wsp. 12); collection and analysis (lift 30.9, wsp. 19); year followup (lift 14.7, wsp. 12)",[2016] Cost-Utility Analysis of 1- and 2-Level Dorsal Lumbar Fusions With and Without Recombinant Human Bone Morphogenic Protein-2 at 1-Year Follow-Up. | [2016] John Charnley Award: Preoperative Patient-reported Outcome Measures Predict Clinically Meaningful Improvement in Function After THA. | [2016] What Is the Clinical Relevance of Radiographic Nonunion After Single-Level Lumbar Interbody Arthrodesis in Degenerative Disc Disease?: A Meta-Analysis of the YODA Project Database.,[2023] Quadriceps Strength and Knee-Related Symptom State 6 Months After Anterior Cruciate Ligament Reconstruction. | [2023] Improvement following minimally invasive transforaminal lumbar interbody fusion in patients aged 70 years or older compared with younger age groups. | [2023] Minimally invasive versus open transforaminal lumbar interbody fusion for grade I lumbar spondylolisthesis: 5-year follow-up from the prospective multicenter Quality Outcomes Database registry.,0.8,1082.8,USA,50.8,3.6,8.1,8506498,16.6,17.6,0.153,4.5,1.0,2106,,,
robotic,1,2020,2025,2.903,1.996,2233,"navigated total knee (lift 20.7, wsp. 10); sectioned (lift 17.6, wsp. 11); medtronic (lift 17.3, wsp. 8); computer navigation (lift 15.9, wsp. 20); 6 degree (lift 14.5, wsp. 22)",[2019] Robotic-assisted Medial Unicompartmental Knee Arthroplasty: Options and Outcomes. | [2019] Three-Dimensional Takeoff Step Kinetics of Long Jumpers with and without a Transtibial Amputation. | [2019] Assuring the long-term total joint arthroplasty: a triad of variables.,"[2023] Caliper-Verified Kinematically Aligned Total Knee Arthroplasty: Rationale, Targets, Accuracy, Balancing, Implant Survival, and Outcomes. | [2023] Hot Topics and Current Controversies in Total Knee Arthroplasty. | [2023] A review of advances in image-guided orthopedic surgery.",0.5,1105.6,USA,34.2,5.9,6.9,9314730,8.5,33.9,0.238,2.9,1.0,1615,,,
and patient reported,3,2012,2025,2.441,1.943,2243,"bearing total (lift 19.8, wsp. 5); arthroplasty of the (lift 14.2, wsp. 4); design prospective (lift 6.6, wsp. 4); level iv therapeutic (lift 6.2, wsp. 5); therapeutic study see (lift 5.6, wsp. 4)",[2011] Is discharge knee range of motion a useful and relevant clinical indicator after total knee replacement? Part 2. | [2011] Anatomic plantar plate repair using the Weil metatarsal osteotomy approach. | [2011] Strength and function recovery after multiple-ligament reconstruction of the knee.,[2023] Quadriceps Strength and Knee-Related Symptom State 6 Months After Anterior Cruciate Ligament Reconstruction. | [2023] Oral functioning after open versus closed treatment of unilateral condylar neck or base fractures: A two-centre controlled clinical trial. | [2023] Radiographic alignment outcomes after the single-position prone transpsoas approach: a multi-institutional retrospective review of 363 cases.,0.2,1816.0,USA,46.0,4.3,10.4,8703515,8.8,37.0,0.222,3.1,1.0,2209,,,
patient specific,2,2015,2025,2.736,1.893,2909,"instrumentation for (lift 20.0, wsp. 28); computer assisted surgery (lift 18.1, wsp. 19); instrumentation the (lift 14.6, wsp. 14); rapid prototyping (lift 13.0, wsp. 12); a computer assisted (lift 12.8, wsp. 7)",[2014] Patient-specific guides do not improve accuracy in total knee arthroplasty: a prospective randomized controlled trial. | [2014] Bioreactor cultivation of anatomically shaped human bone grafts. | [2014] Patient-specific instrumentation and return to activities after unicondylar knee arthroplasty.,[2023] Functional Performance Outcomes of a Powered Knee-Ankle Prosthesis in Service Members With Unilateral Transfemoral Limb Loss. | [2023] Guided Bone Regeneration for Horizontal Maxillary Alveolar Ridge Augmentation Using Patient-Specific Solid Titanium Barriers: A Case Series | [2023] Failed and Revision Rotator Cuff Repair.,0.2,1994.6,USA,27.3,9.2,9.3,8703515,4.7,73.1,0.081,8.6,1.0,2460,,,
propensity score,2,2012,2025,2.963,1.883,2126,"limb ischemia cli (lift 12.7, wsp. 5); hip replacement in (lift 9.7, wsp. 5); we studied (lift 7.0, wsp. 4); of background data (lift 4.7, wsp. 14); summary of background (lift 4.7, wsp. 14)",[2011] Infrainguinal percutaneous transluminal angioplasty or bypass surgery in patients aged 80 years and older with critical leg ischaemia. | [2011] Infrainguinal bypass is associated with lower perioperative mortality than major amputation in high-risk surgical candidates. | [2011] Outcomes for single-level lumbar fusion: the role of bone morphogenetic protein.,[2023] Similar short-term KOOS between open-wedge high tibial osteotomy and total knee arthroplasty in patients over age 60: A propensity score-matched cohort study. | [2023] Risk of Postoperative Sciatic Nerve Palsy After Posterior Acetabular Fracture Fixation: Does Patient Position Matter? | [2023] Comparison of the clinical outcomes following total knee arthroplasty in osseous ankylosed and non-ankylosed knees using propensity-score matching.,0.4,1453.1,USA,41.2,4.8,11.1,8703515,11.9,37.7,0.221,3.1,1.0,2090,,,
clinically important difference,3,2016,2025,2.12,1.845,2041,"searched the cochrane (lift 34.4, wsp. 7); quasi randomized (lift 29.4, wsp. 7); of the sf (lift 20.3, wsp. 6); author conclusion (lift 18.2, wsp. 6); see the (lift 16.0, wsp. 6)",[2015] Recurrent Versus Primary Lumbar Disc Herniation Surgery: Patient-reported Outcomes in the Swedish Spine Register Swespine. | [2016] Cost-Utility Analysis of 1- and 2-Level Dorsal Lumbar Fusions With and Without Recombinant Human Bone Morphogenic Protein-2 at 1-Year Follow-Up. | [2015] Preservation of the rectus femoris origin during periacetabular osteotomy does not compromise acetabular reorientation.,[2023] Improvement following minimally invasive transforaminal lumbar interbody fusion in patients aged 70 years or older compared with younger age groups. | [2023] Minimally invasive versus open transforaminal lumbar interbody fusion for grade I lumbar spondylolisthesis: 5-year follow-up from the prospective multicenter Quality Outcomes Database registry. | [2023] Establishing minimum clinically important difference for patient-reported outcome measures in patients undergoing lateral lumbar interbody fusion.,1.0,913.9,USA,54.4,3.2,8.2,8506498,18.5,15.0,0.212,3.3,1.0,1864,,,
associated with increased,3,2019,2025,2.328,1.831,2929,"of carpal (lift 6.6, wsp. 5); hip replacement for (lift 5.9, wsp. 6); epidural anesthesia (lift 5.3, wsp. 6); thromboembolism after (lift 4.8, wsp. 4); limb ischemia cli (lift 4.7, wsp. 14)","[2018] Intraoperative Hypothermia is Common, but not Associated With Blood Loss or Transfusion in Pediatric Posterior Spinal Fusion. | [2018] Is Body Mass Index a Risk Factor for Revision Procedures After Minimally Invasive Transforaminal Lumbar Interbody Fusion? | [2018] Tissue Engineered Bone Differentiated From Human Adipose Derived Stem Cells Inhibit Posterolateral Fusion in an Athymic Rat Model.",[2023] Risk of Postoperative Sciatic Nerve Palsy After Posterior Acetabular Fracture Fixation: Does Patient Position Matter? | [2023] Preoperative Blood Loss of Isolated Acetabular Fractures. | [2023] Preoperative Comorbidities Associated With Early Mortality in Hip Fracture Patients: A Multicenter Study.,0.3,1618.2,USA,61.1,2.6,13.6,8703515,14.0,31.5,0.071,9.8,1.0,1832,,,
undergoing primary,2,2022,2025,1.986,1.736,2800,"prospectively randomized (lift 10.4, wsp. 7); 100 consecutive (lift 5.7, wsp. 6); time of final (lift 5.5, wsp. 4); also were (lift 5.5, wsp. 4); hip replacement were (lift 5.2, wsp. 6)",[2021] Diabetes Status Affects Odds of Body Mass Index-dependent Adverse Outcomes After Total Hip Arthroplasty. | [2021] Effect of Operative Timing and Bone Grafting on Postoperative Cephalometric Indices in Nonsyndromic Sagittal Synostosis. | [2021] A Matched Control Analysis on the Effects of Alcohol Use Disorder After Primary Total Knee Arthroplasty in Medicare Patients.,[2023] Predisposing factors for allogeneic blood transfusion in patients with ankylosing spondylitis undergoing primary unilateral total hip arthroplasty: a retrospective study. | [2023] Effectiveness of different antithrombotic agents in combination with tranexamic acid for venous thromboembolism prophylaxis and blood management after total knee replacement: a prospective randomized study. | [2023] Avoiding Lateral Laxity in Robotic Arm-Assisted Total Knee Arthroplasty-A Surgical Technique Describing a New Method of Gap Capture and Balancing Strategy.,0.5,831.6,USA,57.1,2.9,9.1,8703515,21.2,16.1,0.05,14.0,1.0,1058,,,
a single center,3,2016,2025,2.094,1.735,2361,"one patient required (lift 8.3, wsp. 5); polyethylene in (lift 7.9, wsp. 4); patient four (lift 7.6, wsp. 4); patient developed a (lift 7.3, wsp. 6); duplex (lift 6.9, wsp. 5)",[2015] Anterior or posterior surgery for right thoracic adolescent idiopathic scoliosis (AIS)? A prospective cohorts' comparison using radiologic and functional outcomes. | [2015] Coronal Spinal Balance in Adult Spine Deformity Patients With Long Spinal Fusions: A Minimum 2- to 5-Year Follow-up Study. | [2015] Validity of E-PASS System for Postoperative Morbidity of Spinal Surgery.,[2023] Thin highly cross-linked polyethylene liners combined with large femoral heads in primary total hip arthroplasty show excellent survival and low wear rates at a mean follow-up of 12.8 years. | [2023] A clinical and radiological matched-pair analysis of patients treated with the PRECICE and STRYDE magnetically driven motorized intramedullary lengthening nails. | [2023] Robotic guidance for percutaneous placement of triangular osteosynthesis in vertically unstable sacrum fractures: a single-center retrospective study.,0.5,1684.7,USA,19.6,11.5,9.1,101494830,4.6,68.9,0.123,5.6,1.0,1991,,,
clinical efficacy,2,2019,2025,2.468,1.68,2199,"female ranging in (lift 23.0, wsp. 7); ranging in age (lift 17.6, wsp. 9); lower cervical (lift 17.4, wsp. 10); an excellent result (lift 14.7, wsp. 6); month all the (lift 14.4, wsp. 7)","[2018] Clinical and Radiological Mid-Term Outcomes of Lumbar Single-Level Total Disc Replacement. | [2018] One-stage Posterior Approach in the Treatment of Consecutive Multi-segment Thoracic Tuberculosis with Kyphosis. | [2019] Which Combination Treatment Is Better for Spinal Metastasis: Percutaneous Vertebroplasty With Radiofrequency Ablation, 125I Seed, Zoledronic Acid, or Radiotherapy?",[2023] Bilateral percutaneous kyphoplasty achieves more satisfactory outcomes compared to unilateral percutaneous kyphoplasty in osteoporotic vertebral compression fractures: A comprehensive comparative study. | [2023] A comparative study of PSPVP and PSIBG in the treatment of stage II-III Kummell's disease. | [2023] Minimally invasive decompression alone versus fusion surgery for acute lumbar disk herniation combined incomplete cauda equina syndrome.,0.3,1344.2,China,88.6,1.3,4.6,9815790,15.9,18.6,0.173,4.0,1.0,1532,,,
return to sport,3,2018,2025,1.926,1.615,2407,"the mean lysholm (lift 16.4, wsp. 11); slap lesion (lift 15.5, wsp. 11); iv therapeutic case (lift 11.9, wsp. 17); mean lysholm (lift 11.4, wsp. 11); mean lysholm score (lift 11.1, wsp. 8)",[2017] Lemierre Disease: A Case With Multilevel Epidural Abscess and Aggressive Neurological Weakness: Case Report and Literature Review. | [2018] The Open Bankart Repair for Traumatic Anterior Shoulder Instability in Teenage Athletes. | [2018] What's New in Pediatric and Adolescent Anterior Cruciate Ligament Injuries?,[2023] Quadriceps Strength and Knee-Related Symptom State 6 Months After Anterior Cruciate Ligament Reconstruction. | [2023] Validation of a Survey to Characterize Barriers to Physical Activity After Anterior Cruciate Ligament Reconstruction. | [2023] Editorial Commentary: Return to Play in Overhead Athletes After Biceps Tenodesis for SLAP Lesions Is Inconsistent.,0.8,1097.4,USA,35.7,6.6,10.2,7609541,12.5,19.7,0.075,9.2,1.0,1722,,,
meta analysis of,3,2014,2024,1.674,1.6,2715,"quasi randomized (lift 16.3, wsp. 13); searched the cochrane (lift 12.3, wsp. 8); conclusion on the (lift 11.6, wsp. 9); xa (lift 11.0, wsp. 8); cervical arthroplasty (lift 10.3, wsp. 6)",[2013] Prevalence of adjacent segment degeneration after spine surgery: a systematic review and meta-analysis. | [2013] Meta-analysis of vertebral augmentation compared with conservative treatment for osteoporotic spinal fractures. | [2013] Risk factors for new osteoporotic vertebral compression fractures after vertebroplasty: a systematic review and meta-analysis.,[2023] Individual participant data meta-analysis of metabolomics on sustained knee pain in primary osteoarthritis patients. | [2023] Management of Proximal Humeral Fractures in Adults: A Systematic Review and Meta-Analysis. | [2023] Predictors of Persistent Post-Surgical Pain Following Total Knee Arthroplasty: A Systematic Review and Meta-Analysis of Observational Studies.,0.4,1792.1,China,37.8,5.4,8.2,101265112,5.5,57.1,0.066,10.5,0.95,2349,,,
reoperation rate,2,2020,2025,1.866,1.57,2296,"cervical arthroplasty (lift 12.9, wsp. 6); have been few (lift 12.3, wsp. 6); disc replacement tdr (lift 11.9, wsp. 7); background data there (lift 11.4, wsp. 8); tdr (lift 11.2, wsp. 9)",[2019] Comparison of Outcomes Following Anterior vs Posterior Fusion Surgery for Patients With Degenerative Cervical Myelopathy: An Analysis From Quality Outcomes Database. | [2019] Outpatient and Inpatient Single-level Cervical Total Disc Replacement: A Comparison of 30-day Outcomes. | [2019] Reoperation Rate After Microsurgical Uni- or Bilateral Laminotomy for Lumbar Spinal Stenosis With and Without Low-grade Spondylolisthesis: What do Preoperative Radiographic Parameters Tell Us?,[2023] Functional Outcomes of Dorsal Bridge Plating for Lisfranc Injuries With Routine Implant Retention: A Major Trauma Center Experience. | [2023] Management of Proximal Humeral Fractures in Adults: A Systematic Review and Meta-Analysis. | [2023] Improvement following minimally invasive transforaminal lumbar interbody fusion in patients aged 70 years or older compared with younger age groups.,0.3,1156.4,USA,46.4,4.2,13.5,8703515,6.5,41.2,0.101,6.9,1.0,1344,,,
a meta analysis,3,2014,2020,1.576,1.403,2893,"quasi randomized (lift 16.4, wsp. 17); cervical arthroplasty (lift 14.5, wsp. 11); searched the cochrane (lift 9.4, wsp. 8); we carried out (lift 9.2, wsp. 6); prevention of venous (lift 8.4, wsp. 8)",[2013] Mid- to long-term outcomes in adolescent idiopathic scoliosis after instrumented posterior spinal fusion: a meta-analysis. | [2013] Reply to letter to the editor: Is there really no benefit of vertebroplasty for osteoporotic vertebral fractures? A meta-analysis. | [2013] Letter to the editor: Is there really no benefit of vertebroplasty for osteoporotic vertebral fractures? A meta-analysis.,"[2023] The subscapularis muscle: A meta-analysis of its variations, prevalence, and anatomy. | [2023] Is unilateral pedicle screw fixation as effective as bilateral pedicle screw fixation in transforaminal lumbar interbody fusion: a meta-analysis of randomized controlled trials. | [2023] Comparing external fixators and intramedullary nailing for treating open tibia fractures: a meta-analysis of randomized controlled trials.",0.4,1828.1,China,51.7,3.4,8.5,2985248R,8.0,42.7,0.044,15.8,0.84,2481,,,
and reoperation,2,2017,2025,1.639,1.372,1964,"with bone morphogenetic (lift 16.0, wsp. 6); therapeutic study see (lift 12.4, wsp. 4); study see (lift 12.2, wsp. 5); migration or (lift 10.7, wsp. 4); believed to be (lift 10.6, wsp. 5)",[2016] Polyetheretherketone (PEEK) Rods in Lumbar Spine Degenerative Disease: A Case Series. | [2016] Preoperative Nutritional Status as an Adjunct Predictor of Major Postoperative Complications Following Anterior Cervical Discectomy and Fusion. | [2016] Variation in 60-day Readmission for Surgical-site Infections (SSIs) and Reoperation Following Spinal Fusion Operations for Neuromuscular Scoliosis.,[2023] Management of Proximal Humeral Fractures in Adults: A Systematic Review and Meta-Analysis. | [2023] A 10- to 12-year follow-up study of delta ceramic-on-ceramic total hip arthroplasty. | [2023] The implementation of enhanced recovery after surgery pathway in patients undergoing posterior thoracolumbar fusion for degenerative spinal deformity.,0.3,1322.0,USA,52.5,3.4,15.2,8703515,10.4,33.3,0.095,7.3,1.0,1555,,,
commentary,1,2010,2024,1.701,1.252,2285,"total disc (lift 5.3, wsp. 4); disc replacement (lift 3.7, wsp. 4)","[2009] The Manitoba arthroplasty waiting list: impact on health-related quality of life and initiatives to remedy the problem. | [2009] Commentary on ""dialysis access steal syndromes"". | [2009] Case study. Waiting it out. Commentary.",[2023] Commentary on: Outcomes of Tibiotalocalcaneal Hindfoot Fusion Nails Used for Acute Lower Extremity Trauma in a High-Risk Patient Population. | [2023] Editorial Commentary: We Should Be Cautious About Using Catching and Locking as an Indication for Knee Arthroscopy: Mechanical Symptoms May Be Multifactorial in Their Causes. | [2023] Editorial Commentary: Excessive Femoral Retroversion and Increased Femoral Anteversion Has a Negative Effect on Hip Arthroscopy Outcomes: Symptomatic Extremes of Version Require an Osteotomy.,1.6,760.3,USA,70.7,2.0,43.5,8506498,54.3,3.0,0.106,6.5,0.47,2243,,,
retrospective comparative,2,2018,2025,1.458,1.226,2142,"finding at (lift 9.3, wsp. 5); degree or (lift 8.7, wsp. 4); 8 degree (lift 8.7, wsp. 10); degree p (lift 8.5, wsp. 15); arthroscopic examination (lift 7.9, wsp. 5)",[2017] What is the Risk of Developing Proximal Junctional Kyphosis During Growth Friendly Treatments for Early-onset Scoliosis? | [2017] Is There a Deficit After Nonoperative Versus Operative Treatment of Shortened Midshaft Clavicular Fractures in Adolescents? | [2017] Severity of Asynchronous Slipped Capital Femoral Epiphyses in Skeletally Immature Versus More Skeletally Mature Patients.,"[2023] What Is the Safe Window from Definitive Fixation to Flap Coverage in Type 3B Open Tibia Fractures? Supporting Plastics and Orthopaedics Alliance in Reducing Trauma Adverse Events (SPARTA). | [2023] Combined Anterior-Posterior versus Posterior-Only Fixation of Stress-Positive Minimally Displaced Lateral Compression Type 1 (LC1) Pelvic Ring Injuries. | [2023] True ""outpatient discharge"" following single-stage bilateral unicompartmental knee arthroplasty may be unrealistic for most.",0.6,1144.3,USA,31.2,6.9,9.5,8506498,17.6,18.8,0.033,21.0,1.0,1428,,,
printed,1,2015,2025,1.578,1.202,1459,"resin (lift 39.1, wsp. 4); rapid prototyping (lift 38.5, wsp. 9); the computer (lift 23.6, wsp. 7); lactic (lift 23.5, wsp. 4); seeded (lift 23.5, wsp. 4)",[2014] Fabrication of printed titanium shells for containment of BMP-2 composite graft materials for alveolar bone reconstruction. | [2014] Mandibular reconstruction with a prefabricated free vascularized fibula and implant-supported prosthesis based on fully three-dimensional virtual planning. | [2014] [Postoperative rehabilitation strategy for acetabular fracture: application of 3D printing technique].,[2023] Custom-made 3D-printed porous metal acetabular composite component in revision hip arthroplasty with Paprosky type III acetabular defects: A case report. | [2023] Rehabilitation of long-term mandibular defects by whole-process digital fibula flap combining with implants: A case report. | [2023] C2 pedicle screw placement on 3D-printed models for the performance assessment of CTA-based screw preclusion.,0.3,1268.3,China,34.2,6.3,8.2,9010410,3.6,88.8,0.18,3.9,1.0,1425,,,
propensity score matching,3,2014,2025,2.06,1.199,1236,"of background data (lift 6.0, wsp. 11); summary of background (lift 6.0, wsp. 11)",[2013] Outpatient surgery reduces short-term complications in lumbar discectomy: an analysis of 4310 patients from the ACS-NSQIP database. | [2013] Distal anastomotic vein adjunct usage in infrainguinal prosthetic bypasses. | [2013] Do biologic drugs affect the need for and outcome of joint replacements in patients with rheumatoid arthritis? A register-based study.,[2023] Similar short-term KOOS between open-wedge high tibial osteotomy and total knee arthroplasty in patients over age 60: A propensity score-matched cohort study. | [2023] Comparison of the clinical outcomes following total knee arthroplasty in osseous ankylosed and non-ankylosed knees using propensity-score matching. | [2023] Recovery ratios and minimum clinically important difference for clinical outcomes in workers' compensation recipients undergoing MIS-TLIF versus ALIF.,0.6,918.5,USA,32.6,5.9,10.3,8703515,9.3,44.6,0.257,2.7,1.0,1210,,,
of periprosthetic joint,3,2011,2023,1.397,1.147,1545,"treatment of this (lift 20.4, wsp. 4); cultured (lift 16.1, wsp. 4); study see guideline (lift 13.8, wsp. 7); study see (lift 13.6, wsp. 11); see guideline for (lift 12.6, wsp. 7)",[2010] Antibiotics for prevention of periprosthetic joint infection following dentistry: time to focus on data. | [2010] Is there a role for tissue biopsy in the diagnosis of periprosthetic infection? | [2010] Blood culture flasks for culturing synovial fluid in prosthetic joint infections.,[2023] A Case of Periprosthetic Joint Infection Because of Rothia Mucilaginosa. | [2023] Microbiological profiles and antibiotic resistance of periprosthetic joint infection after hip replacement in patients with fracture or non-fracture: A comparative study. | [2023] Documented Penicillin Allergies Should Not Preclude Use of Preoperative Cefazolin in Hip and Knee Arthroplasty.,0.3,1181.1,USA,41.8,4.8,10.7,8703515,27.4,11.2,0.184,3.8,0.79,1525,,,
for periprosthetic,2,2015,2023,1.247,1.134,1646,"infected total (lift 24.4, wsp. 17); an infected (lift 23.2, wsp. 12); resection arthroplasty (lift 18.7, wsp. 9); infected total knee (lift 17.6, wsp. 7); mean knee society (lift 16.9, wsp. 6)",[2014] High rate of infection after aseptic revision of failed metal-on-metal total hip arthroplasty. | [2014] Organism profile in periprosthetic joint infection: pathogens differ at two arthroplasty infection referral centers in Europe and in the United States. | [2014] Evaluation of white cell count and differential in synovial fluid for diagnosing infections after total hip or knee arthroplasty.,[2023] Targeted Versus Shotgun Metagenomic Sequencing-based Detection of Microorganisms in Sonicate Fluid for Periprosthetic Joint Infection Diagnosis. | [2023] Salvage total hip arthroplasty after failed internal fixation for proximal femur and acetabular fractures. | [2023] The exeter cemented stem provides outstanding long-term fixation and bone load at 15 years follow-up: A systematic review and meta-analysis.,0.5,1131.2,USA,38.6,5.5,11.1,8703515,27.2,11.0,0.128,5.4,0.94,1405,,,
cone,1,2014,2025,1.311,1.111,2107,"the mandibular ramus (lift 29.0, wsp. 9); the atrophic (lift 22.8, wsp. 9); mandible were (lift 20.5, wsp. 18); of the grafted (lift 19.5, wsp. 9); a maxillary (lift 19.2, wsp. 8)",[2013] Estimating the effective radiation dose imparted to patients by intraoperative cone-beam computed tomography in thoracolumbar spinal surgery. | [2013] Effect of setback Le Fort I osteotomy on midfacial soft-tissue changes as evaluated by cone-beam computed tomography superimposition for cases of skeletal Class III malocclusion. | [2013] Three-dimensional changes of the hyoid bone and airway volumes related to its relationship with horizontal anatomic planes after bimaxillary surgery in skeletal Class III patients.,"[2023] Bone dimensional changes after flapless immediate implant placement with and without bone grafting: Randomized clinical trial. | [2023] Individual ""alveolar phenotype"" limits dimensions of lateral bone augmentation. | [2023] [Decompensation effectiveness and alveolar bone remodeling analysis of mandibular anterior teeth after preoperative orthodontic treatment in high-angle patients with skeletal class Ⅱ malocclusion].",0.3,1505.1,China,17.0,13.6,13.8,8605826,6.4,45.5,0.038,18.1,1.0,1757,,,
md,1,2010,2025,1.331,1.111,1714,"author conclusion (lift 37.9, wsp. 9); collection and analysis (lift 37.9, wsp. 9); searched the cochrane (lift 24.4, wsp. 4)","[2009] Clubfoot: etiology and treatment Ignacio V. Ponseti, MD, 1914-. | [2009] Application of curative therapy in the ward. 1920. | [2009] Hard and soft tissue changes after correction of mandibular prognathism and facial asymmetry by mandibular setback surgery: three-dimensional analysis using computerized tomography.","[2023] Retrospective Analysis of Paraspinal Muscle-Splitting Microscopic-Assisted Discectomy Versus Percutaneous Endoscopic Lumbar Discectomy for the Treatment of Far-Lateral Lumbar Disc Herniation. | [2023] Combined Anterior-Posterior versus Posterior-Only Fixation of Stress-Positive Minimally Displaced Lateral Compression Type 1 (LC1) Pelvic Ring Injuries. | [2023] Rotational Issues in Total Knee Arthroplasty: Commentary on an article by Eugene S. Jang, MD, MS, et al.: ""Reference Axes for Tibial Component Rotation in Total Knee Arthroplasty. Computed Tomography-Based Study of 1,351 Tibiae"".",0.9,1254.9,China,33.1,5.1,9.7,0014030,19.6,19.5,0.092,7.6,1.0,1671,,,
limb threatening,2,2021,2025,1.291,1.107,1175,"secondary patency rate (lift 34.2, wsp. 11); duplex (lift 32.2, wsp. 17); for critical limb (lift 32.1, wsp. 14); of the leg (lift 18.4, wsp. 12); method and result (lift 17.8, wsp. 6)",[2020] Descriptive title: The body with chronic limb-threatening ischaemia: A phenomenologically derived understanding. | [2020] Paclitaxel-Coated Balloon for the Treatment of Infrainguinal Disease: 12-Month Outcomes in the All-Comers Cohort of BIOLUX P-III Global Registry. | [2020] Outcomes of Pedal Artery Angioplasty Are Independent of the Severity of Inframalleolar Disease: A Subanalysis of the Multicenter RENDEZVOUS Registry.,[2023] Outcomes of Tibiotalocalcaneal Hindfoot Fusion Nails Used for Acute Lower Extremity Trauma in a High-Risk Patient Population. | [2023] Evaluation of the Angiosome Concept Using Near-Infrared Fluorescence Imaging with Indocyanine Green. | [2023] Long Term Results of a Randomised Trial of Stenting of the Superficial Femoral Artery for Intermittent Claudication.,1.6,458.9,USA,32.1,6.9,16.5,8407742,20.4,11.8,0.095,7.3,1.0,814,,,
3d printed,2,2015,2025,1.478,1.07,1208,"rapid prototyping (lift 44.6, wsp. 7); the computer (lift 25.1, wsp. 5); the dental (lift 20.1, wsp. 4); onto the (lift 16.4, wsp. 4); poly (lift 11.1, wsp. 5)",[2014] [Application of three-dimensional printing technique in artificial bone fabrication for bone defect after mandibular angle ostectomy]. | [2014] The radiological feature of anterior occiput-to-axis screw fixation as it guides the screw trajectory on 3D printed models: a feasibility study on 3D images and 3D printed models. | [2015] Improved accuracy of 3D-printed navigational template during complicated tibial plateau fracture surgery.,[2023] Custom-made 3D-printed porous metal acetabular composite component in revision hip arthroplasty with Paprosky type III acetabular defects: A case report. | [2023] Rehabilitation of long-term mandibular defects by whole-process digital fibula flap combining with implants: A case report. | [2023] C2 pedicle screw placement on 3D-printed models for the performance assessment of CTA-based screw preclusion.,0.3,1086.3,China,35.0,6.1,7.1,101265112,3.8,84.1,0.213,3.3,1.0,1202,,,
reverse total shoulder,3,2013,2025,1.311,1.047,1548,"total shoulder replacement (lift 73.5, wsp. 13); shoulder prosthesis (lift 66.6, wsp. 26); mean active (lift 30.9, wsp. 9); prosthesis have (lift 23.6, wsp. 6); the infraspinatus (lift 20.5, wsp. 4)",[2012] The cost-effectiveness of reverse total shoulder arthroplasty compared with hemiarthroplasty for rotator cuff tear arthropathy. | [2012] The use of the Lima reverse shoulder arthroplasty for the treatment of fracture sequelae of the proximal humerus. | [2012] Complications of the reverse prosthesis: prevention and treatment.,[2023] Treatment of Massive Rotator Cuff Tears with Reverse Shoulder Arthroplasty. | [2023] Augmentation of Arthroscopic Rotator Cuff Repair: Biologics and Grafts. | [2023] My Reverse Has Failed: Top Five Complications and How to Manage Them.,0.5,945.8,USA,56.1,3.0,10.1,9206499,45.7,4.6,0.109,6.4,1.0,1421,,,
cross sectional study,3,2018,2025,1.257,1.021,1593,"setting university (lift 12.7, wsp. 6); reflex (lift 11.5, wsp. 4); in a group (lift 7.4, wsp. 5); was done in (lift 6.0, wsp. 4); with metal on (lift 5.4, wsp. 4)",[2017] Relationship between body height and spatiotemporal parameters during a 100-m sprint in able-bodied and unilateral transtibial sprinters. | [2017] Can Surgical Trainees Achieve Arthroscopic Competence at the End of Training Programs? A Cross-sectional Study Highlighting the Impact of Working Time Directives. | [2017] Prosthesis donning and doffing questionnaire: Development and validation.,[2023] Single-Legged Triple-Hop Propulsion Strategies in Females With and Those Without a History of Anterior Cruciate Ligament Reconstruction. | [2023] Improvement Trajectories in Patient-Reported Outcomes Between Males and Females After Anterior Cruciate Ligament Reconstruction. | [2023] Quadriceps Strength and Knee-Related Symptom State 6 Months After Anterior Cruciate Ligament Reconstruction.,0.4,997.4,USA,25.8,11.0,8.9,7609541,6.5,72.0,0.08,8.7,1.0,1094,,,
robot,1,2022,2024,1.363,1.012,1163,"medtronic (lift 18.3, wsp. 7); initial experience (lift 15.1, wsp. 4); inserted with (lift 13.4, wsp. 4); cadaver specimen (lift 11.3, wsp. 6); were inserted in (lift 11.2, wsp. 5)","[2021] The Cost of Robot-assisted Total Hip Arthroplasty: Comparing Safety and Hospital Charges to Conventional Total Hip Arthroplasty. | [2021] Letter to the Editor regarding: ""Risk of Postoperative Complications and Revision Surgery Following Robot-assisted Posterior Lumbar Spinal Fusion"" by Yang et al. | [2021] Total knee arthroplasty: Latest robotics implantation techniques.",[2023] Extreme Lateral Lumbar Interbody Fusion Surgery with a Robot-Assisted System in a Swine Model. | [2023] Current Practices for Esthetic Facial Bone Contouring Surgery in Asians. | [2023] Robotic guidance for percutaneous placement of triangular osteosynthesis in vertically unstable sacrum fractures: a single-center retrospective study.,0.6,550.0,China,60.2,2.6,6.1,101300401,8.1,40.2,0.232,3.0,0.95,644,,,
editor,1,2013,2023,1.653,0.992,1904,,[2012] Comparison of arthroplasty trial publications after registration in ClinicalTrials.gov. | [2012] Letter to the editor: Surgical technique: Medial column arthrodesis in rigid spastic planovalgus feet. | [2012] Correspondence (letter to the editor): S3 guideline was not mentioned.,"[2023] Letter to the editor regarding ""Leveraging HFRS to Assess How Frailty Affects Health Care Resource Utilization after Elective ACDF for CSM"". | [2023] Prevention of Postoperative Cognitive Dysfunction by Minocycline in Elderly Patients after Total Knee Arthroplasty: A Randomized, Double-blind, Placebo-controlled Clinical Trial. | [2023] Answer to the Letter to the Editor of K. Minami, et al. concerning ""An unexpected connection: A narrative review of the associations between gut microbiome and musculoskeletal pain"" by Tonelli et al. (Eur Spine J; 2022: doi:10.1007/s00586-022-07429-y).",2.9,594.3,USA,28.6,7.5,16.6,8703515,18.2,11.7,0.075,9.2,0.07,1775,,,
femoroacetabular impingement,2,2018,2021,1.267,0.982,1828,"femoral epiphysis (lift 22.0, wsp. 19); chondral defect (lift 21.0, wsp. 19); the hip in (lift 18.2, wsp. 16); hip we (lift 17.1, wsp. 7); at arthroscopy (lift 14.5, wsp. 4)",[2017] Long-term Results of Combined Epiphysiodesis and Imhauser Intertrochanteric Osteotomy in SCFE: A Retrospective Study on 53 Hips. | [2017] The John Charnley Award: Redefining the Natural History of Osteoarthritis in Patients With Hip Dysplasia and Impingement. | [2018] Clinically Meaningful Improvements After Hip Arthroscopy for Femoroacetabular Impingement in Adolescent and Young Adult Patients Regardless of Gender.,[2023] Editorial Commentary: Hip Arthroscopy in Patients With Moderate to Advanced Osteoarthritis Shows Unpredictable Results. | [2023] Arthroscopy Confers Excellent Clinical Outcomes in Femoroacetabular Impingement Syndrome (FAIS) Patients Aged 50 Years and Above. | [2023] Editorial Commentary: Diminished Hip Labral Width May Predict Inferior Outcome After Hip Femoroacetabular Impingement Surgery: Diminutive Labral Width Is a Relative Indication for Labral Reconstruction.,1.0,582.5,USA,57.1,2.9,13.8,8506498,34.8,6.3,0.149,4.6,0.69,1130,,,
day readmission,2,2013,2024,1.046,0.96,1331,"background data the (lift 14.5, wsp. 5); of background data (lift 3.6, wsp. 9); summary of background (lift 3.6, wsp. 9)","[2012] Hospital quality and the cost of inpatient surgery in the United States. | [2012] Medical and financial risks associated with surgery in the elderly obese. | [2012] Total knee arthroplasty volume, utilization, and outcomes among Medicare beneficiaries, 1991-2010.",[2023] The implementation of enhanced recovery after surgery pathway in patients undergoing posterior thoracolumbar fusion for degenerative spinal deformity. | [2023] Does Surgical Approach to the Hip Play a Role in Same-Day Discharge Outcomes? | [2023] Utility of the LET-IN-OUT Clinical Decision Support Tool for Medical Risk Stratification Prior to Outpatient Total Hip or Knee Arthroplasty.,0.8,926.7,USA,77.8,1.6,19.9,8703515,23.6,14.4,0.16,4.3,0.95,1322,,,
robotic assisted,2,2018,2025,1.632,0.954,881,"computer assisted (lift 8.1, wsp. 7); acetabular component (lift 3.8, wsp. 4)",[2017] Survivorship and patient satisfaction of robotic-assisted medial unicompartmental knee arthroplasty at a minimum two-year follow-up. | [2017] Introduction of a computer-based method for automated planning of reduction paths under consideration of simulated muscular forces. | [2017] Navigation and Robotics in Spinal Surgery: Where Are We Now?,[2023] Individualized alignment and ligament balancing technique with the ROSA® robotic system for total knee arthroplasty. | [2023] Avoiding Lateral Laxity in Robotic Arm-Assisted Total Knee Arthroplasty-A Surgical Technique Describing a New Method of Gap Capture and Balancing Strategy. | [2023] No difference in clinical outcomes between functionally aligned cruciate-retaining and posterior-stabilized robotic-assisted total knee arthroplasty.,0.6,617.3,USA,36.3,5.6,5.5,101300401,10.2,22.7,0.334,2.1,1.0,807,,,
chronic limb threatening,3,2019,2025,1.164,0.946,833,"secondary patency rate (lift 40.0, wsp. 7); of the leg (lift 29.4, wsp. 10); mm hg (lift 23.7, wsp. 5); the arterial (lift 23.3, wsp. 4); duplex (lift 21.0, wsp. 6)",[2018] Editor's Choice - A Comparison of Clinical Outcomes Between Primary Bypass and Secondary Bypass After Failed Plain Balloon Angioplasty in the Bypass versus Angioplasty for Severe Ischaemia of the Limb (BASIL) Trial. | [2018] Treatment outcomes in diabetic patients with chronic limb-threatening ischemia. | [2018] Hemodialysis patients have worse outcomes after infrageniculate revascularization procedures.,[2023] Long Term Results of a Randomised Trial of Stenting of the Superficial Femoral Artery for Intermittent Claudication. | [2023] Limb outcomes based on limb severity and anatomic complexity following infrapopliteal vein bypass for Japanese patients with chronic limb-threatening ischemia. | [2023] Mills valvulotome reduces distal vein injuries and improves follow-up freedom from restenosis in patients undergoing infrainguinal in-situ saphenous vein bypass.,1.7,441.7,USA,31.4,7.0,16.3,8407742,21.5,10.2,0.26,2.7,1.0,811,,,
following primary,2,2022,2023,1.052,0.941,1449,"point range (lift 4.9, wsp. 5); bearing surface (lift 4.0, wsp. 5); recurrent dislocation (lift 3.3, wsp. 5); undertaken to (lift 3.0, wsp. 4)","[2021] Incidence and Risk Factors for Unplanned Return to the Operating Room Following Primary Definitive Fusion for Pediatric Spinal Deformity: A Multicenter Study with Minimum 2-year Follow-Up. | [2021] Revision Risk After Unipolar or Bipolar Hemiarthroplasty for Femoral Neck Fractures: An Instrumental Variable Analysis of 62,875 Procedures from the Australian Orthopaedic Association National Joint Replacement Registry. | [2021] Healthcare resource utilization and costs for hip dislocation following primary total hip arthroplasty in the medicare population.",[2023] Arthrodesis of the First to Second Metacarpal for Definitive Management of Failed Thumb Carpometacarpal Arthroplasty: A Case Series. | [2023] Failed and Revision Rotator Cuff Repair. | [2023] Smokers have increased risk of soft-tissue complications following primary elective TKA.,0.9,438.0,USA,58.4,2.8,6.8,8703515,32.1,8.4,,,1.0,586,,,
risk factor of,3,2015,2024,1.039,0.934,1496,"scoliosis study design (lift 11.5, wsp. 5); doppler (lift 8.5, wsp. 5); case were followed (lift 8.2, wsp. 6); epidural hematoma (lift 8.1, wsp. 4); made on the (lift 8.0, wsp. 4)",[2015] Complications and Unfavorable Clinical Outcomes in Obese and Overweight Patients Treated for Adult Lumbar or Thoracolumbar Scoliosis With Combined Anterior/Posterior Surgery. | [2014] Pain and recovery after total knee arthroplasty: a 12-month follow-up after a prospective randomized study evaluating Nefopam and Ketamine for early rehabilitation. | [2014] Progressive kyphosis after vertebroplasty in osteoporotic vertebral compression fracture.,[2023] Risk Factors of Flexor Tendon Rupture After ORIF of Distal Radius Fracture. | [2023] Junctional Kyphosis after Correction with Long Instrumentation for Late Posttraumatic Thoracolumbar Kyphosis: Characteristics and Risk Factors. | [2023] Incidence and Risk Factors for Postoperative Ileus after Posterior Surgery in Adolescent Idiopathic Scoliosis.,0.4,1123.8,China,44.6,4.2,7.3,101265112,5.8,50.7,0.079,8.8,0.75,1269,,,
clinical efficacy of,3,2018,2025,1.371,0.934,1198,"female ranging in (lift 33.9, wsp. 6); ranging in age (lift 28.5, wsp. 8); in age from (lift 20.2, wsp. 7); month all the (lift 18.7, wsp. 4); an excellent result (lift 18.3, wsp. 4)","[2018] Clinical and Radiological Mid-Term Outcomes of Lumbar Single-Level Total Disc Replacement. | [2017] Treatment and outcome prognosis of patients with high-energy transsyndesmotic ankle fracture dislocation-the ""Logsplitter"" injury. | [2017] Early Clinical Efficacy Comparison Study of Gamma3 Nail, Percutaneous Compression Plate (PCCP) and Femoral Head Replacement (FHR) Treatment on Senile Unstable Intertrochanteric Fractures.",[2023] Bilateral percutaneous kyphoplasty achieves more satisfactory outcomes compared to unilateral percutaneous kyphoplasty in osteoporotic vertebral compression fractures: A comprehensive comparative study. | [2023] Minimally invasive decompression alone versus fusion surgery for acute lumbar disk herniation combined incomplete cauda equina syndrome. | [2023] Efficacy of Chinese and Western Medical Techniques in Treating Diabetic Foot Ulcers With Necrotizing Fasciitis of the Lower Leg.,0.4,858.9,China,88.3,1.3,5.0,9815790,18.8,17.3,0.161,4.3,1.0,917,,,
arthroplasty a systematic,3,2011,2025,1.124,0.908,1169,"minimally invasive total (lift 27.6, wsp. 4); metal on metal (lift 5.9, wsp. 4); metal on (lift 5.5, wsp. 4); resurfacing (lift 3.8, wsp. 4)",[2010] How to treat the stiff total knee arthroplasty?: a systematic review. | [2010] Osteonecrosis is not a predictor of poor outcomes in primary total hip arthroplasty: a systematic literature review. | [2010] Minimally invasive versus conventional exposure for total hip arthroplasty: a systematic review and meta-analysis of clinical and radiological outcomes.,[2023] Predictors of Persistent Post-Surgical Pain Following Total Knee Arthroplasty: A Systematic Review and Meta-Analysis of Observational Studies. | [2023] The course of knee extensor strength after total knee arthroplasty: a systematic review with meta-analysis and -regression. | [2023] Efficacy of 11 anticoagulants for the prevention of venous thromboembolism after total hip or knee arthroplasty: A systematic review and network meta-analysis.,0.4,971.3,China,23.7,7.6,5.4,8703515,13.8,27.5,0.16,4.3,1.0,1143,,,
cone beam,2,2010,2025,1.13,0.908,1718,"computerized tomography (lift 44.8, wsp. 21); of the condylar (lift 25.5, wsp. 5); computerized (lift 22.7, wsp. 23); present a new (lift 16.4, wsp. 4); the dental (lift 16.1, wsp. 6)","[2009] Comparison of clinical, periapical radiograph, and cone-beam volume tomography measurement techniques for assessing bone level changes following regenerative periodontal therapy. | [2009] Intraoperative cone-beam computed tomography in oral and maxillofacial surgery using a C-arm prototype: first clinical experiences after treatment of zygomaticomaxillary complex fractures. | [2009] Correlation between bone quality evaluated by cone-beam computerized tomography and implant primary stability.","[2023] Bone dimensional changes after flapless immediate implant placement with and without bone grafting: Randomized clinical trial. | [2023] Individual ""alveolar phenotype"" limits dimensions of lateral bone augmentation. | [2023] [Decompensation effectiveness and alveolar bone remodeling analysis of mandibular anterior teeth after preoperative orthodontic treatment in high-angle patients with skeletal class Ⅱ malocclusion].",0.4,1386.1,China,15.9,14.7,13.2,8605826,8.1,32.0,0.06,11.5,1.0,1677,,,
limb threatening ischemia,3,2020,2025,1.104,0.904,836,"duplex (lift 35.1, wsp. 11); for critical limb (lift 33.3, wsp. 12); secondary patency rate (lift 32.6, wsp. 7); of the leg (lift 23.6, wsp. 9); the arterial (lift 22.4, wsp. 5)",[2019] Clinical outcomes of bypass-first versus endovascular-first strategy in patients with chronic limb-threatening ischemia due to infrageniculate arterial disease. | [2019] Limitations of Vascular Quality Initiative-derived models to predict the outcomes of intervention for infrapopliteal limb-threatening ischemia. | [2019] Contemporary (2009-2014) clinical outcomes after femoropopliteal bypass surgery for chronic limb threatening ischemia are inferior to those reported in the UK Bypass versus Angioplasty for Severe Ischaemia of the Leg (BASIL) trial (1999-2004).,[2023] Evaluation of the Angiosome Concept Using Near-Infrared Fluorescence Imaging with Indocyanine Green. | [2023] Limb outcomes based on limb severity and anatomic complexity following infrapopliteal vein bypass for Japanese patients with chronic limb-threatening ischemia. | [2023] Mills valvulotome reduces distal vein injuries and improves follow-up freedom from restenosis in patients undergoing infrainguinal in-situ saphenous vein bypass.,1.8,417.7,USA,35.1,6.0,18.6,8407742,23.6,8.9,0.172,4.0,1.0,742,,,
personalized,1,2014,2025,1.779,0.904,936,"rapid prototyping (lift 49.8, wsp. 5); method of (lift 3.1, wsp. 7)",[2013] Treatment of osteoarthritis of the middle-aged athlete. | [2013] Computer-aided design and custom-made guide in corrective osteotomy for complex femoral deformity. | [2013] [Application of computer-aided osteotomy template design in treatment of developmental dysplasia of the hip with steel osteotomy].,"[2023] Caliper-Verified Kinematically Aligned Total Knee Arthroplasty: Rationale, Targets, Accuracy, Balancing, Implant Survival, and Outcomes. | [2023] Additively manufactured controlled porous orthopedic joint replacement designs to reduce bone stress shielding: a systematic review. | [2023] Custom total knee arthroplasty combined with personalised alignment grants 94% patient satisfaction at minimum follow-up of 2 years.",0.3,833.8,China,32.6,7.1,8.1,9314730,6.1,68.9,0.218,3.2,1.0,897,,,
disparity,1,2022,2024,1.127,0.891,1093,"design and method (lift 10.4, wsp. 5); in that (lift 4.9, wsp. 4)",[2021] What Factors Are Associated with Patient-reported Outcome Measure Questionnaire Completion for an Electronic Shoulder Arthroplasty Registry? | [2021] Is Geographic Socioeconomic Disadvantage Associated with the Rate of THA in Medicare-aged Patients? | [2021] Is Social Deprivation Associated with PROMIS Outcomes After Upper Extremity Fractures in Children?,"[2023] Increasing Diversity in Orthopaedics: The Problem, Strategies, and Solutions. | [2023] Structural Barriers and Racial Disparities in Orthopaedic Surgical Procedures. | [2023] Reply to Letter to the Editor: Structural Barriers and Racial Disparities in Orthopaedic Surgical Procedures.",1.0,512.4,USA,67.8,2.1,16.1,8703515,11.4,38.4,0.102,6.8,0.95,578,,,
reverse shoulder arthroplasty,3,2011,2024,1.019,0.876,1504,"shoulder prosthesis (lift 124.1, wsp. 39); mean active (lift 35.2, wsp. 8); the tuberosity (lift 34.4, wsp. 7); shoulder the (lift 27.6, wsp. 9); the proximal humerus (lift 24.6, wsp. 18)",[2010] Suprascapular neuropathy secondary to reverse shoulder arthroplasty: a case report. | [2010] Reverse glenoid component fixation: is a posterior screw necessary? | [2010] Reverse shoulder arthroplasty as a salvage procedure for failed conventional shoulder replacement due to cuff failure--midterm results.,"[2023] Management of Proximal Humeral Fractures in Adults: A Systematic Review and Meta-Analysis. | [2023] Tendon Transfers, Balloon Spacers, and Bursal Acromial Reconstruction for Massive Rotator Cuff Tears. | [2023] Treatment of Massive Rotator Cuff Tears with Reverse Shoulder Arthroplasty.",0.8,855.5,USA,41.9,4.9,8.2,9206499,39.8,5.9,0.073,9.5,0.92,1446,,,
matched cohort,2,2020,2025,1.05,0.873,1202,"this group of (lift 8.6, wsp. 6); hip resurfacing (lift 6.6, wsp. 7); this group (lift 6.4, wsp. 16); who had been (lift 4.6, wsp. 4); in this group (lift 4.2, wsp. 6)","[2019] Patient Outcomes After Revision of Anatomic Total Shoulder Arthroplasty to Reverse Shoulder Arthroplasty for Rotator Cuff Failure or Component Loosening: A Matched Cohort Study. | [2019] Significant cost savings and similar patient outcomes associated with early discharge following total knee arthroplasty. | [2019] Anterior Guided Growth of the Distal Femur for Knee Flexion Contracture: Clinical, Radiographic, and Motion Analysis Results.","[2023] Similar short-term KOOS between open-wedge high tibial osteotomy and total knee arthroplasty in patients over age 60: A propensity score-matched cohort study. | [2023] Multilevel tandem spondylolisthesis associated with a reduced ""safe zone"" for a transpsoas lateral lumbar interbody fusion at L4-5. | [2023] Does the use of postoperative brace help preventing mechanical complications following adult deformity surgery?",0.8,615.4,USA,58.6,2.8,14.8,8703515,14.8,25.7,0.11,6.3,1.0,743,,,
opioid use,2,2017,2025,1.017,0.871,1198,"30 mg (lift 21.5, wsp. 5); continuous infusion (lift 16.5, wsp. 5); filled (lift 14.1, wsp. 30); infusion of (lift 9.0, wsp. 5); infusion (lift 7.0, wsp. 11)",[2016] Efficacy of 2 Regional Pain Control Techniques in Pediatric Foot Surgery. | [2016] The Evaluation of Donor Site Pain After Harvest of Tricortical Anterior Iliac Crest Bone Graft for Spinal Surgery: A Prospective Study. | [2016] The Fibromyalgia Survey Score Correlates With Preoperative Pain Phenotypes But Does Not Predict Pain Outcomes After Shoulder Arthroscopy.,"[2023] The Effect of Preoperative Behavioral Intervention on Pain, Anxiety, Opioid Use, and Function in Patients Undergoing Total Knee Arthroplasty: A Randomized Controlled Study. | [2023] Combined Anterior-Posterior versus Posterior-Only Fixation of Stress-Positive Minimally Displaced Lateral Compression Type 1 (LC1) Pelvic Ring Injuries. | [2023] Discharge to inpatient rehabilitation following arthroplasty is a strong predictor of persistent opioid use 90 days after surgery: a prospective, observational study.",0.4,907.1,USA,73.3,1.8,20.4,8703515,12.3,34.3,0.077,9.0,1.0,1061,,,
single center retrospective,3,2014,2025,1.07,0.854,967,"infusion (lift 8.6, wsp. 4); of background data (lift 6.0, wsp. 13); summary of background (lift 5.9, wsp. 13); our experience (lift 4.1, wsp. 4); the spine (lift 3.6, wsp. 4)",[2013] Irradiated allograft bone in spine surgery: to culture or not? A single center retrospective study. | [2013] Ilizarov treatment of scaphoid nonunion. | [2013] Flexor origin slide for contracture of spastic finger flexor muscles: a retrospective study.,[2023] Functional Outcomes of Dorsal Bridge Plating for Lisfranc Injuries With Routine Implant Retention: A Major Trauma Center Experience. | [2023] Robotic guidance for percutaneous placement of triangular osteosynthesis in vertically unstable sacrum fractures: a single-center retrospective study. | [2023] Patient characteristics and procedural variables are associated with length of stay and hospital cost among unilateral primary total hip arthroplasty patients: a single-center retrospective cohort study.,0.6,829.0,USA,20.3,8.6,7.4,101494830,11.6,39.1,0.202,3.4,1.0,929,,,
editorial commentary,2,2015,2024,1.343,0.852,1223,"arthroscopy of (lift 10.3, wsp. 4); the fact that (lift 7.6, wsp. 4); portal (lift 6.2, wsp. 8); chondrocyte (lift 5.9, wsp. 5); double bundle (lift 5.6, wsp. 4)",[2015] Editorial commentary revisited and the spin move refined. | [2015] Editorial commentary: biologics of osteotomy of the proximal tibia. | [2015] Editorial commentary: osteoarticular transplant outcomes may deteriorate over time.,[2023] Editorial Commentary: We Should Be Cautious About Using Catching and Locking as an Indication for Knee Arthroscopy: Mechanical Symptoms May Be Multifactorial in Their Causes. | [2023] Editorial Commentary: Excessive Femoral Retroversion and Increased Femoral Anteversion Has a Negative Effect on Hip Arthroscopy Outcomes: Symptomatic Extremes of Version Require an Osteotomy. | [2023] Editorial Commentary: Return to Play in Overhead Athletes After Biceps Tenodesis for SLAP Lesions Is Inconsistent.,2.9,277.1,USA,82.6,1.5,67.0,8506498,99.7,1.0,0.106,6.5,0.53,1222,,,
among patient with,3,2021,2025,1.037,0.84,1446,"had had (lift 9.7, wsp. 5); duplex (lift 9.7, wsp. 5); died and (lift 9.3, wsp. 5); design and method (lift 7.9, wsp. 4); fatal (lift 5.0, wsp. 5)","[2020] Reduction in Upper Limb Joint Surgery Among Rheumatoid Arthritis Patients: An Interrupted Time-Series Analysis Using Danish Health Care Registers. | [2020] Pulmonary Complications After Hip and Knee Arthroplasty in the United States, 2004-2014. | [2020] Clinic Use at the Departments of Defense and Veterans Affairs Following Combat Related Amputations.",[2023] Clinical features and outcomes of spine surgery in patients with ankylosing spondylitis. | [2023] Are we getting better at cementing femoral stems in total hip arthroplasty? A 5-year institutional trend. | [2023] Total Knee Replacement After Arthroscopic Meniscectomy in Knee Osteoarthritis: A Nationwide Population-Based Cohort Study.,0.3,596.8,USA,38.4,5.5,13.6,7610646,3.9,71.3,0.049,14.1,1.0,618,,,
opioid consumption,2,2014,2025,0.983,0.833,1210,"continuous femoral (lift 69.4, wsp. 14); of bupivacaine (lift 64.9, wsp. 10); continuous infusion (lift 55.8, wsp. 8); epidural analgesia (lift 51.1, wsp. 11); double blind study (lift 40.5, wsp. 7)","[2013] The 2012 Chitranjan Ranawat award: intraarticular analgesia after TKA reduces pain: a randomized, double-blinded, placebo-controlled, prospective study. | [2013] Stabilization of the cervicothoracic junction in tumoral cases with a hybrid less invasive-minimally invasive surgical technique: report of two cases. | [2013] Local infiltration analgesia is comparable to femoral nerve block after anterior cruciate ligament reconstruction with hamstring tendon graft: a randomised controlled trial.","[2023] Pain treatment after total hip arthroplasty: Detailed statistical analysis plan for the RECIPE randomised clinical trial. | [2023] Effect of gabapentin on length of stay, opioid use, and pain scores in posterior spinal fusion for adolescent idiopathic scoliosis: a retrospective review across a multi-hospital system. | [2023] Femoral Nerve Block and Local Instillation Analgesia Associated With More Reliable Efficacy in Regional Anesthesia Interventions Within 24 Hours Following Anterior Cruciate Ligament Reconstruction: A Network Meta-analysis.",0.4,928.8,USA,43.6,4.3,13.3,8703515,11.8,39.6,0.112,6.2,1.0,1121,,,
adult spinal deformity,3,2017,2025,0.943,0.806,1129,"background data there (lift 20.9, wsp. 7); data there (lift 14.8, wsp. 7); well recognized (lift 13.9, wsp. 4); of rigid (lift 12.8, wsp. 5); of background data (lift 12.3, wsp. 92)",[2016] Acute Complications After Adult Spinal Deformity Surgery in Patients Aged 70 Years and Older. | [2016] Detection of Pseudarthrosis in Adult Spinal Deformity: The Use of Health-related Quality-of-life Outcomes to Predict Pseudarthrosis. | [2016] Use of Recombinant Bone Morphogenetic Protein Is Associated With Reduced Risk of Reoperation After Spine Fusion for Adult Spinal Deformity.,[2023] Does the Global Alignment and Proportion score predict mechanical complications in circumferential minimally invasive surgery for adult spinal deformity? | [2023] Junctional Kyphosis after Correction with Long Instrumentation for Late Posttraumatic Thoracolumbar Kyphosis: Characteristics and Risk Factors. | [2023] The use of lateral lumbar interbody fusion for identifying adult patients with spinal deformities treatable by short corrective fusion in 2-stage surgery.,1.4,449.5,USA,52.0,3.2,11.6,7610646,15.5,12.3,0.076,9.1,1.0,921,,,
for periprosthetic joint,3,2012,2025,0.836,0.793,1017,"polymerase chain reaction (lift 42.8, wsp. 5); study see the (lift 26.8, wsp. 6); see the (lift 23.1, wsp. 6); infected total (lift 22.5, wsp. 4); study see (lift 13.5, wsp. 9)",[2011] Prevention and management of prosthetic joint infection in older adults. | [2011] Optimization of periprosthetic culture for diagnosis of Propionibacterium acnes prosthetic joint infection. | [2011] Intraoperative subcutaneous wound closing culture sample: a predicting factor for periprosthetic infection after hip- and knee-replacement?,[2023] Targeted Versus Shotgun Metagenomic Sequencing-based Detection of Microorganisms in Sonicate Fluid for Periprosthetic Joint Infection Diagnosis. | [2023] The synovial fluid calprotectin lateral flow test for the diagnosis of chronic prosthetic joint infection in failed primary and revision total hip and knee arthroplasty. | [2023] Biologic Disease-Modifying Antirheumatic Drugs Do Not Increase Risk for Prosthetic Joint Infection in Setting of Total Knee Arthroplasty.,0.7,790.2,USA,42.1,4.7,10.5,8703515,30.5,8.9,0.164,4.2,1.0,999,,,
retrospective observational,2,2015,2025,0.93,0.783,985,"were studied (lift 3.6, wsp. 5)",[2014] The use of multiple needle fasciotomy in Dupuytren disease: retrospective observational study of outcome and patient satisfaction. | [2014] Selection of lower instrumented vertebra in treating Lenke type 2A adolescent idiopathic scoliosis. | [2014] Prosthetic fitting after rotationplasty of the knee.,[2023] Risk Factors of Flexor Tendon Rupture After ORIF of Distal Radius Fracture. | [2023] Antibiotic Cement-Coated Interlocked Intramedullary Nails for the Treatment of Infected Nonunion After Intramedullary Nailing. | [2023] Radiographic alignment outcomes after the single-position prone transpsoas approach: a multi-institutional retrospective review of 363 cases.,0.6,767.6,USA,15.0,13.6,8.8,101494830,6.8,60.7,0.151,4.6,1.0,884,,,
cone beam computed,3,2010,2025,1.043,0.783,1429,"of the condylar (lift 29.7, wsp. 4); present a new (lift 23.8, wsp. 4); superiorly (lift 22.4, wsp. 4); of the facial (lift 21.6, wsp. 4); mandible were (lift 18.5, wsp. 4)",[2009] Intraoperative cone-beam computed tomography in oral and maxillofacial surgery using a C-arm prototype: first clinical experiences after treatment of zygomaticomaxillary complex fractures. | [2009] A cone-beam computed tomography triple scan procedure to obtain a three-dimensional augmented virtual skull model appropriate for orthognathic surgery planning. | [2009] Cone beam computerized tomography: basics for digital planning in oral surgery and implantology.,[2023] Bone dimensional changes after flapless immediate implant placement with and without bone grafting: Randomized clinical trial. | [2023] [Decompensation effectiveness and alveolar bone remodeling analysis of mandibular anterior teeth after preoperative orthodontic treatment in high-angle patients with skeletal class Ⅱ malocclusion]. | [2023] Radiological examination of the relationship between the pterygomaxillary junction and fracture pattern.,0.4,1192.8,China,15.3,15.1,13.8,8605826,9.0,28.6,0.073,9.5,1.0,1408,,,
china,1,2014,2024,0.958,0.779,1091,"disc prosthesis (lift 24.5, wsp. 4); thromboembolism after (lift 15.1, wsp. 4); tdr (lift 12.9, wsp. 4); all of the (lift 4.7, wsp. 6); for a mean (lift 4.4, wsp. 4)","[2013] Early follow-up outcomes of a new zero-profile implant used in anterior cervical discectomy and fusion. | [2013] Treatment of osteoporotic vertebral compression fractures with percutaneous kyphoplasty: a report of 196 cases. | [2013] Adolescent lumbar disc herniation: experience from a large minimally invasive treatment centre for lumbar degenerative disease in Chongqing, China.",[2023] Value of Tranexamic Acid and Progressive Nursing in Accelerating Postoperative Rehabilitation After Total Knee Arthroplasty. | [2023] Effects of arthroscopic anterior cruciate ligament reconstruction combined with sodium hyaluronate on knee function and inflammatory markers in anterior cruciate ligament injury patients with or without knee osteoarthritis. | [2023] Efficacy of 11 anticoagulants for the prevention of venous thromboembolism after total hip or knee arthroplasty: A systematic review and network meta-analysis.,0.4,884.2,China,93.5,1.1,8.8,2985248R,8.7,41.2,0.132,5.3,0.91,988,,,
machine learning,2,2019,2025,1.05,0.772,692,"we tested the (lift 36.0, wsp. 4); we tested (lift 25.9, wsp. 6); such a (lift 5.5, wsp. 4); is possible (lift 4.4, wsp. 4)",[2018] Examining the Ability of Artificial Neural Networks Machine Learning Models to Accurately Predict Complications Following Posterior Lumbar Spine Fusion. | [2018] Predictive Modeling for Blood Transfusion After Adult Spinal Deformity Surgery: A Tree-Based Machine Learning Approach. | [2018] A deep learning framework for segmentation and pose estimation of pedicle screw implants based on C-arm fluoroscopy.,[2023] Artificial Intelligence-Based Prediction of Lower Extremity Deep Vein Thrombosis Risk After Knee/Hip Arthroplasty. | [2023] Morphometric analysis of dry atlas vertebrae in a northeastern Thai population and possible correlation with sex. | [2023] SMART choice (knee) tool: a patient-focused predictive model to predict improvement in health-related quality of life after total knee arthroplasty.,1.5,424.9,USA,44.8,4.1,10.6,8703515,8.7,45.6,0.241,2.9,1.0,667,,,
beam computed tomography,3,2010,2025,1.023,0.759,1345,"of the condylar (lift 33.3, wsp. 4); superiorly (lift 25.1, wsp. 4); of the facial (lift 24.2, wsp. 4); mandible were (lift 20.7, wsp. 4); in the mandible (lift 19.3, wsp. 4)",[2009] Intraoperative cone-beam computed tomography in oral and maxillofacial surgery using a C-arm prototype: first clinical experiences after treatment of zygomaticomaxillary complex fractures. | [2009] A cone-beam computed tomography triple scan procedure to obtain a three-dimensional augmented virtual skull model appropriate for orthognathic surgery planning. | [2009] Cone beam computerized tomography: basics for digital planning in oral surgery and implantology.,[2023] Bone dimensional changes after flapless immediate implant placement with and without bone grafting: Randomized clinical trial. | [2023] [Decompensation effectiveness and alveolar bone remodeling analysis of mandibular anterior teeth after preoperative orthodontic treatment in high-angle patients with skeletal class Ⅱ malocclusion]. | [2023] Radiological examination of the relationship between the pterygomaxillary junction and fracture pattern.,0.3,1133.9,China,15.4,15.2,13.4,8605826,9.5,29.0,0.079,8.8,1.0,1324,,,
prescription,1,2017,2025,0.943,0.738,1103,"filled (lift 18.6, wsp. 38); orally (lift 14.5, wsp. 4); molecular weight heparin (lift 14.0, wsp. 7); low molecular weight (lift 13.6, wsp. 7); potent (lift 11.5, wsp. 4)","[2016] Effects of Oral Contraceptive Use on Anterior Cruciate Ligament Injury Epidemiology. | [2016] Prescription trajectories and effect of total hip arthroplasty on the use of analgesics, hypnotics, antidepressants, and anxiolytics: results from a population of total hip arthroplasty patients. | [2016] Health Care Costs and Utilization in Patients Receiving Prescriptions for Long-acting Opioids for Acute Postsurgical Pain.","[2023] Opioid Represcriptions After ACL Reconstruction in Adolescents Are Associated With Subsequent Opioid Use Disorder. | [2023] A 3-DOF electromotor-driven external fixator for foot and ankle deformity correction based on X-ray digital measurement. | [2024] Implementing an innovative, patient-centered approach to day case arthroplasty: improving patient outcomes through remote preoperative pharmacist consultations.",0.5,769.3,USA,65.9,2.3,19.8,8703515,12.0,39.8,0.069,10.0,1.0,917,,,
patient acceptable,2,2018,2025,0.95,0.725,679,"iv therapeutic case (lift 24.0, wsp. 6); therapeutic case series (lift 21.3, wsp. 6); clinical success (lift 12.3, wsp. 4); level iv therapeutic (lift 8.3, wsp. 6); hip in (lift 7.5, wsp. 6)",[2018] Clinically Meaningful Improvements After Hip Arthroscopy for Femoroacetabular Impingement in Adolescent and Young Adult Patients Regardless of Gender. | [2017] The Influence of Body Mass Index on Outcomes After Hip Arthroscopic Surgery With Capsular Plication for the Treatment of Femoroacetabular Impingement. | [2017] Total knee replacement: Are there any baseline factors that have influence in patient reported outcomes?,[2023] Patient Acceptable Symptom State Versus Latent Class Analysis Outcome Classification: A Comparative Longitudinal Study of Knee Arthroplasty. | [2023] Minimally Clinically Important Difference (MCID) Is a Low Bar. | [2023] Custom total knee arthroplasty combined with personalised alignment grants 94% patient satisfaction at minimum follow-up of 2 years.,1.4,337.0,USA,65.0,2.3,6.6,8506498,27.5,7.6,0.255,2.7,1.0,655,,,
artery disease,2,2019,2025,0.963,0.722,1137,"method and result (lift 52.4, wsp. 17); limb ischemia cli (lift 42.6, wsp. 46); patient with cli (lift 38.5, wsp. 20); with cli (lift 33.9, wsp. 22); for critical limb (lift 27.0, wsp. 14)",[2018] The outpatient total hip arthroplasty : a paradigm change. | [2018] Improving 1-Year Outcomes of Infrainguinal Limb Revascularization: Population-Based Cohort Study of 104 000 Patients in England. | [2018] Association of Statin Dose With Amputation and Survival in Patients With Peripheral Artery Disease.,[2023] To Cross or Not to Cross: Using MRI-Histology to Characterize Dense Collagenous Plaque in Critical Limb Ischemia. | [2023] Use of telemedicine facilitated by trained telepresenters to manage advanced peripheral artery disease in rural areas. | [2023] The influence of diabetes on temporal trends in lower extremity revascularisation and amputation for peripheral artery disease: A population-based repeated cross-sectional analysis.,0.7,600.5,USA,40.3,5.5,16.4,8407742,14.1,25.7,0.105,6.6,1.0,694,,,
spinopelvic,1,2017,2024,0.85,0.721,970,"series objective to (lift 24.2, wsp. 5); dystrophy (lift 22.8, wsp. 4); visceral (lift 19.9, wsp. 5); roland (lift 19.7, wsp. 4); spinal arthrodesis (lift 17.9, wsp. 4)",[2016] What's New in the Management of Neuromuscular Scoliosis. | [2016] Rigid Instrumentation for Neuromuscular Scoliosis Improves Deformity Correction Without Increasing Complications. | [2016] Assessment of Impact of Long-Cassette Standing X-Rays on Surgical Planning for Cervical Pathology: An International Survey of Spine Surgeons.,"[2023] Multilevel tandem spondylolisthesis associated with a reduced ""safe zone"" for a transpsoas lateral lumbar interbody fusion at L4-5. | [2023] Radiographic alignment outcomes after the single-position prone transpsoas approach: a multi-institutional retrospective review of 363 cases. | [2023] Does the Global Alignment and Proportion score predict mechanical complications in circumferential minimally invasive surgery for adult spinal deformity?",0.8,594.0,USA,33.3,6.5,10.9,9301980,10.5,26.5,0.116,6.0,0.89,792,,,
a propensity,2,2016,2025,0.956,0.714,800,"of background data (lift 3.4, wsp. 9); summary of background (lift 3.4, wsp. 9); on the basis (lift 3.2, wsp. 4); the basis of (lift 3.1, wsp. 4)","[2015] Operative versus nonoperative treatment of displaced proximal humeral physeal fractures: a matched cohort. | [2015] Propensity score matching and randomization. | [2015] Differences in the outcomes of anterior versus posterior interbody fusion surgery of the lumbar spine: a propensity score-controlled cohort analysis of 10,941 patients.",[2023] Similar short-term KOOS between open-wedge high tibial osteotomy and total knee arthroplasty in patients over age 60: A propensity score-matched cohort study. | [2023] Comparison of the clinical outcomes following total knee arthroplasty in osseous ankylosed and non-ankylosed knees using propensity-score matching. | [2023] Total Knee Replacement After Arthroscopic Meniscectomy in Knee Osteoarthritis: A Nationwide Population-Based Cohort Study.,1.7,516.4,USA,46.9,4.0,10.8,8703515,10.9,33.3,0.193,3.6,1.0,743,,,
robot assisted,2,2022,2025,0.956,0.712,751,"medtronic (lift 19.4, wsp. 5); were inserted in (lift 16.5, wsp. 5); implanted in the (lift 14.6, wsp. 5); cadaver specimen (lift 11.2, wsp. 4); computer assisted surgery (lift 9.5, wsp. 4)","[2021] The Cost of Robot-assisted Total Hip Arthroplasty: Comparing Safety and Hospital Charges to Conventional Total Hip Arthroplasty. | [2021] Letter to the Editor regarding: ""Risk of Postoperative Complications and Revision Surgery Following Robot-assisted Posterior Lumbar Spinal Fusion"" by Yang et al. | [2021] A progressive scholarly acceptance analysis of robot-assisted arthroplasty: a review of the literature and prediction of future research trends.",[2023] Extreme Lateral Lumbar Interbody Fusion Surgery with a Robot-Assisted System in a Swine Model. | [2023] Current Practices for Esthetic Facial Bone Contouring Surgery in Asians. | [2023] Comparison of Robot-Assisted Percutaneous Cannulated Screws Versus Open Reduction and Internal Fixation in Calcaneal Fractures.,0.7,402.3,China,65.4,2.3,5.9,101300401,8.5,34.9,0.13,5.3,1.0,460,,,
tranexamic acid,2,2013,2019,0.935,0.695,1478,"autologous blood (lift 32.2, wsp. 13); bolus (lift 24.6, wsp. 9); packed (lift 20.8, wsp. 7); blood and (lift 19.9, wsp. 7); infusion of (lift 18.3, wsp. 9)","[2012] Are antifibrinolytics helpful in decreasing blood loss and transfusions during spinal fusion surgery in children with cerebral palsy scoliosis? | [2012] [Tranexamic acid reduces blood loss after major elective orthopaedic operations]. | [2012] Evaluation of the efficacy of tranexamic acid on blood loss in orthognathic surgery. A prospective, randomized clinical study.",[2023] Value of Tranexamic Acid and Progressive Nursing in Accelerating Postoperative Rehabilitation After Total Knee Arthroplasty. | [2023] Effect of Topical Administration of Tranexamic Acid on Intraoperative and Postoperative Blood Loss during Posterior Cervical Laminectomy and Fusion Surgery: A Retrospective Study. | [2023] Predisposing factors for allogeneic blood transfusion in patients with ankylosing spondylitis undergoing primary unilateral total hip arthroplasty: a retrospective study.,0.5,1061.5,China,32.8,6.0,12.0,8703515,10.7,39.4,0.151,4.6,0.58,1380,,,
center study,2,2021,2025,0.95,0.684,992,"of this prospective (lift 7.5, wsp. 6); were given (lift 7.3, wsp. 6); in 15 patient (lift 6.9, wsp. 4); in 11 patient (lift 6.9, wsp. 4); clinical result were (lift 6.7, wsp. 6)",[2020] Pedobarography shows no differences in gait after talar fractures. | [2020] Endoscopic Surgery for Recurrent Disc Herniation After Microscopic or Endoscopic Lumbar Discectomy. | [2020] The Safety of Single and Multilevel Cervical Total Disc Replacement in Ambulatory Surgery Centers.,"[2023] Minimally invasive decompression alone versus fusion surgery for acute lumbar disk herniation combined incomplete cauda equina syndrome. | [2023] Surgical treatment of degenerative lumbar spondylolisthesis: Effect of TLIF and slip reduction on sagittal alignment. | [2023] Trajectory of chronic and neuropathic pain, anxiety and depressive symptoms and pain catastrophizing after total knee replacement. Results of a prospective, single-center study at a mean follow-up of 7.5 years.",1.0,457.5,France,17.1,10.9,8.2,101494830,6.4,48.7,0.15,4.6,1.0,503,,,
direct anterior,2,2015,2021,0.712,0.684,1017,"anterior approach to (lift 118.7, wsp. 19); minimally invasive total (lift 34.7, wsp. 8); by direct (lift 32.5, wsp. 7); performed through a (lift 25.0, wsp. 6); fluoroscopically (lift 22.0, wsp. 4)",[2014] Does the direct anterior approach in THA offer faster rehabilitation and comparable safety to the posterior approach? | [2014] Fluoroscopic imaging of acetabular cup position during THA through a direct anterior approach. | [2014] Survivorship of bipolar fresh total osteochondral ankle allograft.,[2023] Are we getting better at cementing femoral stems in total hip arthroplasty? A 5-year institutional trend. | [2023] Does Surgical Approach to the Hip Play a Role in Same-Day Discharge Outcomes? | [2023] Computer-Assisted Navigation Accurately Delivers Preoperative Targets for Acetabular Component Orientation During Direct Anterior Approach Total Hip Arthroplasty.,0.5,745.7,USA,32.3,6.5,13.9,8703515,23.7,13.3,0.106,6.5,0.93,911,,,
propensity score matched,3,2016,2025,0.943,0.678,728,"of background data (lift 5.2, wsp. 12); summary of background (lift 5.2, wsp. 12); on the basis (lift 4.6, wsp. 5); the basis of (lift 4.4, wsp. 5)",[2015] Neuraxial anesthesia improves long-term survival after total joint replacement: a retrospective nationwide population-based study in Taiwan. | [2015] Sliding hip screw versus sliding helical blade for intertrochanteric fractures: a propensity score-matched case control study. | [2015] Anterior Versus Posterior Approach for Multilevel Degenerative Cervical Disease: A Retrospective Propensity Score-Matched Study of the MarketScan Database.,[2023] Similar short-term KOOS between open-wedge high tibial osteotomy and total knee arthroplasty in patients over age 60: A propensity score-matched cohort study. | [2023] Recovery ratios and minimum clinically important difference for clinical outcomes in workers' compensation recipients undergoing MIS-TLIF versus ALIF. | [2023] The implementation of enhanced recovery after surgery pathway in patients undergoing posterior thoracolumbar fusion for degenerative spinal deformity.,0.9,521.4,USA,45.3,4.2,10.2,8703515,13.4,30.2,0.201,3.4,1.0,693,,,
covid 19,2,2020,2020,1.285,0.677,714,"waiting list (lift 35.5, wsp. 10); polymerase chain reaction (lift 22.0, wsp. 16); early experience (lift 15.0, wsp. 6); division of (lift 13.0, wsp. 5); caused a (lift 12.9, wsp. 6)",[2020] What's Important: Facing Fear in the Time of COVID-19. | [2020] What's Important: What Is Our Role in the COVID-19 Pandemic? | [2020] Preparing to Perform Trauma and Orthopaedic Surgery on Patients with COVID-19.,"[2023] All Feet on Deck: The Role of Podiatry During the COVID-19 Pandemic: Preventing Hospitalizations in an Overburdened Health-Care System, Reducing Amputation and Death in People with Diabetes. | [2023] Diabetes-Related Major and Minor Amputation Risk Increased During the COVID-19 Pandemic. | [2023] Diabetes-related Amputations During COVID-19: A Pandemic Within a Pandemic.",0.7,638.8,USA,33.3,6.6,14.6,8703515,8.4,54.7,,,0.29,714,,,
study from,2,2020,2025,0.749,0.662,984,"birmingham (lift 23.9, wsp. 5); study level ii (lift 19.6, wsp. 4); hip resurfacing (lift 7.1, wsp. 6); seen with (lift 6.2, wsp. 4); survived (lift 6.1, wsp. 6)",[2019] The Rates of LSS Surgery in Norwegian Public Hospitals: A Threefold Increase From 1999 to 2013. | [2019] Treating fractures in upper limb gunshot injuries: The Cape Town experience. | [2019] The Utility of Hip Arthroscopy in the Setting of Acetabular Dysplasia: A Systematic Review.,"[2023] Does the use of postoperative brace help preventing mechanical complications following adult deformity surgery? | [2023] Comparison of Outcomes Following Total Hip Arthroplasty Between Patients Diagnosed with Association Research Circulation Osseous (ARCO) Stage III and Stage IV Osteonecrosis of the Femoral Head: A Retrospective Study of 302 Patients. | [2023] Leveraging large, real-world data through machine-learning to increase efficiency in robotic-assisted total knee arthroplasty.",0.5,507.8,China,22.8,9.3,9.6,0075674,8.0,46.1,0.089,7.8,1.0,562,,,
narrative,1,2014,2025,0.789,0.632,766,"are presented (lift 8.3, wsp. 4); osteoarthritis of the (lift 6.2, wsp. 4); discussed (lift 5.1, wsp. 6); the spine (lift 4.4, wsp. 5); resurfacing (lift 4.2, wsp. 4)","[2013] Mandibular distraction osteogenesis in the micrognathic neonate: a review for neonatologists and pediatricians. | [2013] Vertebral augmentation: update on safety, efficacy, cost effectiveness and increased survival? | [2013] Lower limb amputation and rehabilitation in total joint arthroplasties in the ipsilateral limb.","[2023] Knee Arthroscopy After Prior Total Knee ArthroplastyType of Study: Narrative Review. | [2023] Answer to the Letter to the Editor of K. Minami, et al. concerning ""An unexpected connection: A narrative review of the associations between gut microbiome and musculoskeletal pain"" by Tonelli et al. (Eur Spine J; 2022: doi:10.1007/s00586-022-07429-y). | [2023] Letter to the Editor concerning ""An unexpected connection: a narrative review of the associations between gut microbiome and musculoskeletal pain"" by Tonelli et al. (Eur Spine J; 2022: doi:10.1007/s00586-022-07429-y).",0.7,658.9,USA,26.4,8.9,8.7,0226040,3.6,103.5,0.159,4.4,1.0,721,,,
printing,1,2014,2020,0.72,0.632,940,"rapid prototyping (lift 68.0, wsp. 8); the computer (lift 32.6, wsp. 5); ct scanning (lift 29.7, wsp. 4); scanning (lift 18.0, wsp. 11); of the tumor (lift 16.0, wsp. 4)",[2013] Construction and accuracy assessment of patient-specific biocompatible drill template for cervical anterior transpedicular screw (ATPS) insertion: an in vitro study. | [2013] A novel method of computer aided orthognathic surgery using individual CAD/CAM templates: a combination of osteotomy and repositioning guides. | [2013] Multistep pedicle screw insertion procedure with patient-specific lamina fit-and-lock templates for the thoracic spine: clinical article.,[2023] C2 pedicle screw placement on 3D-printed models for the performance assessment of CTA-based screw preclusion. | [2023] Three-dimensional printing designed customized plate in the treatment of coronal fracture of distal humerus in teenager: A case report. | [2023] The optimal design of 3D-printed lattice bone plate by considering fracture healing mechanism.,0.5,843.7,China,47.0,4.1,10.9,9425194,5.2,73.3,0.311,2.2,0.89,924,,,
of return to,3,2017,2021,0.718,0.624,1005,"the mean lysholm (lift 17.7, wsp. 5); iv therapeutic case (lift 13.8, wsp. 10); mean lysholm (lift 12.0, wsp. 5); therapeutic case series (lift 11.3, wsp. 9); autologous chondrocyte (lift 10.8, wsp. 7)",[2016] Outcomes and Complications of Tibial Tubercle Fractures in Pediatric Patients: A Systematic Review of the Literature. | [2016] Asymmetrical Lower Extremity Loading Early After Anterior Cruciate Ligament Reconstruction Is a Significant Predictor of Asymmetrical Loading at the Time of Return to Sport. | [2016] Sternoclavicular Reconstruction in the Young Active Patient: Risk Factor Analysis and Clinical Outcomes at Short-Term Follow-up.,[2023] Rehabilitation and Return to Work and Sport After Rotator Cuff. | [2023] Outcomes of Tibiotalocalcaneal Hindfoot Fusion Nails Used for Acute Lower Extremity Trauma in a High-Risk Patient Population. | [2023] Improvement following minimally invasive transforaminal lumbar interbody fusion in patients aged 70 years or older compared with younger age groups.,0.8,569.1,USA,44.7,4.6,9.2,7609541,15.1,18.0,0.08,8.7,0.78,757,,,
of randomized controlled,3,2017,2024,0.715,0.619,1138,"searched the cochrane (lift 25.5, wsp. 6); the criterion of (lift 10.2, wsp. 4); molecular weight heparin (lift 6.8, wsp. 4); low molecular weight (lift 6.6, wsp. 4); heparin (lift 5.1, wsp. 5)","[2016] Operative Versus Nonoperative Treatment of Displaced Intra-Articular Calcaneal Fractures: A Meta-Analysis of Randomized Controlled Trials. | [2016] Bryan Cervical Disc Arthroplasty Versus Anterior Cervical Discectomy and Fusion for Treatment of Cervical Disc Diseases: A Meta-analysis of Prospective, Randomized Controlled Trials. | [2016] Postoperative leg position following total knee arthroplasty influences blood loss and range of motion: a meta-analysis of randomized controlled trials.",[2023] Is unilateral pedicle screw fixation as effective as bilateral pedicle screw fixation in transforaminal lumbar interbody fusion: a meta-analysis of randomized controlled trials. | [2023] Comparing external fixators and intramedullary nailing for treating open tibia fractures: a meta-analysis of randomized controlled trials. | [2023] Spinal Manual Therapy for Adolescent Idiopathic Scoliosis: A Systematic Review and Meta-Analysis of Randomized Controlled Trials.,0.7,675.7,China,48.6,3.8,9.4,2985248R,10.4,31.8,0.017,41.6,0.88,815,,,
following primary total,3,2022,2024,0.702,0.606,909,"bearing surface (lift 5.0, wsp. 4); in this group (lift 3.6, wsp. 4); this group (lift 3.4, wsp. 7); acetabular component (lift 3.4, wsp. 10); dislocated (lift 3.2, wsp. 4)",[2021] Healthcare resource utilization and costs for hip dislocation following primary total hip arthroplasty in the medicare population. | [2021] Intra-Articular Corticosteroid or Hyaluronic Acid Injections Are Not Associated with Periprosthetic Joint Infection Risk following Total Knee Arthroplasty. | [2021] Dual Mobility and Conventional Bearings Have Comparably Low Dislocation Rates for Anterior-Based Approaches in Total Hip Arthroplasty.,[2023] How Does Preoperative Anemia Impact Clinical Outcomes Following Primary Total Hip Arthroplasty?: Experience From Colombia. | [2023] A multicentre comparative analysis of fixation versus revision surgery for periprosthetic femoral fractures following total hip arthroplasty with a cemented polished taper-slip femoral component. | [2023] Smokeless Tobacco Use is Associated With Worse Outcomes Following Total Knee Arthroplasty.,1.3,285.8,USA,61.4,2.6,6.1,8703515,39.9,5.8,0.071,9.7,0.97,378,,,
retrospective observational study,3,2015,2025,0.756,0.6,729,"were studied (lift 5.1, wsp. 5); rheumatoid arthritis (lift 4.0, wsp. 4); painful (lift 3.4, wsp. 5)",[2014] The use of multiple needle fasciotomy in Dupuytren disease: retrospective observational study of outcome and patient satisfaction. | [2014] Prosthetic fitting after rotationplasty of the knee. | [2014] Association of serum sodium with morbidity and mortality in hospitalized patients undergoing major orthopedic surgery.,[2023] Prosthetic fitting associated with better survival at 5 years after above-knee amputation due to vascular insufficiency. | [2023] Imprecise prediction of implant sizes with preoperative 2D digital templating in total knee arthroplasty. | [2023] Post-traumatic total wrist arthrodesis: Satisfaction study of 42 cases at a mean 97months' follow-up.,0.8,568.7,China,14.6,12.8,7.9,101494830,5.9,59.8,0.161,4.3,1.0,660,,,
pandemic,1,2020,2020,0.987,0.583,606,"waiting list (lift 42.7, wsp. 10); polymerase chain reaction (lift 16.6, wsp. 10); division of (lift 15.6, wsp. 5); caused a (lift 15.5, wsp. 6); early experience (lift 15.1, wsp. 5)",[2019] Obesity Disease Pandemic on Joint Disease and Longevity. | [2020] What's Important: What Is Our Role in the COVID-19 Pandemic? | [2020] Guidelines for Ambulatory Surgery Centers for the Care of Surgically Necessary/Time-Sensitive Orthopaedic Cases During the COVID-19 Pandemic.,"[2023] All Feet on Deck: The Role of Podiatry During the COVID-19 Pandemic: Preventing Hospitalizations in an Overburdened Health-Care System, Reducing Amputation and Death in People with Diabetes. | [2023] Diabetes-Related Major and Minor Amputation Risk Increased During the COVID-19 Pandemic. | [2023] Diabetes-related Amputations During COVID-19: A Pandemic Within a Pandemic.",0.8,537.2,USA,34.6,6.3,14.6,8703515,9.1,51.9,,,0.29,595,,,
3d printing,2,2014,2020,0.654,0.579,844,"rapid prototyping (lift 52.1, wsp. 5); the computer (lift 31.9, wsp. 4); of the tumor (lift 19.6, wsp. 4); scanning (lift 18.0, wsp. 9); skull (lift 13.9, wsp. 4)","[2013] A novel method of computer aided orthognathic surgery using individual CAD/CAM templates: a combination of osteotomy and repositioning guides. | [2014] The marine sponge-derived inorganic polymers, biosilica and polyphosphate, as morphogenetically active matrices/scaffolds for the differentiation of human multipotent stromal cells: potential application in 3D printing and distraction osteogenesis. | [2014] Bone regenerative medicine: classic options, novel strategies, and future directions.",[2023] C2 pedicle screw placement on 3D-printed models for the performance assessment of CTA-based screw preclusion. | [2023] Three-dimensional printing designed customized plate in the treatment of coronal fracture of distal humerus in teenager: A case report. | [2023] The optimal design of 3D-printed lattice bone plate by considering fracture healing mechanism.,0.6,769.7,China,48.9,3.9,10.0,9425194,5.7,69.8,0.322,2.2,0.92,836,,,
direct anterior approach,3,2014,2021,0.599,0.57,834,"anterior approach to (lift 127.1, wsp. 14); early experience (lift 41.4, wsp. 4); minimally invasive total (lift 39.0, wsp. 7); performed through a (lift 31.9, wsp. 4); the cup (lift 17.2, wsp. 8)",[2013] High complication rate in the early experience of minimally invasive total hip arthroplasty by the direct anterior approach. | [2013] Skin crease 'bikini' incision for anterior approach total hip arthroplasty: surgical technique and preliminary results. | [2013] Outcome after proximal femoral fractures during primary total hip replacement by the direct anterior approach.,[2023] Does Surgical Approach to the Hip Play a Role in Same-Day Discharge Outcomes? | [2023] Computer-Assisted Navigation Accurately Delivers Preoperative Targets for Acetabular Component Orientation During Direct Anterior Approach Total Hip Arthroplasty. | [2023] Evaluation of Comparative Efficacy and Safety of Surgical Approaches for Total Hip Arthroplasty: A Systematic Review and Network Meta-analysis.,0.6,633.3,USA,27.6,7.4,12.5,8703515,21.3,15.2,0.186,3.7,0.92,774,,,
analysis of randomized,3,2013,2024,0.634,0.568,986,"quasi randomized (lift 28.3, wsp. 7); we carried out (lift 26.6, wsp. 4); carried out a (lift 24.9, wsp. 4); conclusion on the (lift 22.0, wsp. 5); searched the cochrane (lift 20.1, wsp. 4)",[2012] External fixation versus internal fixation for unstable distal radius fractures: a systematic review and meta-analysis of comparative clinical trials. | [2012] Symptomatic in-hospital deep vein thrombosis and pulmonary embolism following hip and knee arthroplasty among patients receiving recommended prophylaxis: a systematic review. | [2012] Cemented all-polyethylene acetabular implants vs other forms of acetabular fixation: a systematic review and meta-analysis of randomized controlled trials.,[2023] Is unilateral pedicle screw fixation as effective as bilateral pedicle screw fixation in transforaminal lumbar interbody fusion: a meta-analysis of randomized controlled trials. | [2023] Comparing external fixators and intramedullary nailing for treating open tibia fractures: a meta-analysis of randomized controlled trials. | [2023] Spinal Manual Therapy for Adolescent Idiopathic Scoliosis: A Systematic Review and Meta-Analysis of Randomized Controlled Trials.,0.7,762.4,China,54.4,3.2,8.0,2985248R,8.9,34.3,0.066,10.5,0.88,917,,,
artificial intelligence,2,2020,2025,0.896,0.547,435,,[2019] Artificial Intelligence Based Hierarchical Clustering of Patient Types and Intervention Categories in Adult Spinal Deformity Surgery: Towards a New Classification Scheme that Predicts Quality and Value. | [2019] Artificial Intelligence and Machine Learning in Lower Extremity Arthroplasty: A Review. | [2019] Artificial Intelligence: Applications in orthognathic surgery.,[2023] A review of advances in image-guided orthopedic surgery. | [2023] Artificial Intelligence-Based Prediction of Lower Extremity Deep Vein Thrombosis Risk After Knee/Hip Arthroplasty. | [2023] SMART choice (knee) tool: a patient-focused predictive model to predict improvement in health-related quality of life after total knee arthroplasty.,1.0,355.6,USA,31.2,6.3,11.4,8703515,7.4,52.1,0.431,1.6,1.0,420,,,
single center study,3,2016,2025,0.776,0.542,714,"occlusion of (lift 27.1, wsp. 5); case no (lift 14.3, wsp. 4); for critical limb (lift 13.8, wsp. 4); in 14 patient (lift 12.8, wsp. 4); seen at (lift 12.8, wsp. 4)",[2015] Doppler renal resistive index for early detection of acute kidney injury after major orthopaedic surgery: a prospective observational study. | [2015] [Thromboelastometric profile of unwashed shed blood after primary knee arthroplasty]. | [2015] Patient related functional outcome after total wrist arthroplasty: a single center study of 206 cases.,"[2023] Minimally invasive decompression alone versus fusion surgery for acute lumbar disk herniation combined incomplete cauda equina syndrome. | [2023] Surgical treatment of degenerative lumbar spondylolisthesis: Effect of TLIF and slip reduction on sagittal alignment. | [2023] Trajectory of chronic and neuropathic pain, anxiety and depressive symptoms and pain catastrophizing after total knee replacement. Results of a prospective, single-center study at a mean follow-up of 7.5 years.",0.8,548.1,France,20.3,10.6,7.9,101494830,8.6,45.1,0.126,5.5,1.0,606,,,
propensity matched,2,2016,2025,0.783,0.54,548,"of background data (lift 5.3, wsp. 8); summary of background (lift 5.3, wsp. 8)","[2015] Postoperative morbidity and mortality in type-2 diabetics after fast-track primary total hip and knee arthroplasty. | [2015] Effects of regional versus general anesthesia on outcomes after total hip arthroplasty: a retrospective propensity-matched cohort study. | [2015] Just do it! Commentary on an article by Mohammad A. Helwani, MD, et al.: ""Effects of regional versus general anesthesia on outcomes after total hip arthroplasty: a retrospective propensity-matched cohort study"".","[2023] Multilevel tandem spondylolisthesis associated with a reduced ""safe zone"" for a transpsoas lateral lumbar interbody fusion at L4-5. | [2023] Geriatric Distal Femur Fractures: Equivalent Long-Term Reoperation Rates Between Fixation and Primary Arthroplasty. | [2023] How does the use of quantified gap-balancing affect component positioning and limb alignment in robotic total knee arthroplasty using functional alignment philosophy? A comparison of two robotic platforms.",2.3,309.0,USA,73.0,1.9,13.3,8703515,14.5,21.2,0.239,2.9,1.0,517,,,
joint infection in,3,2014,2024,0.661,0.54,752,"propionibacterium (lift 30.7, wsp. 4); infected total (lift 21.3, wsp. 6); cultured (lift 14.9, wsp. 5); six of (lift 13.7, wsp. 5); of the prosthesis (lift 8.5, wsp. 6)",[2013] Increased risk of prosthetic joint infection associated with esophago-gastro-duodenoscopy with biopsy. | [2013] Implantation of resorbable gentamicin sponges in addition to irrigation and debridement in 34 patients with infection complicating total hip arthroplasty. | [2013] Preoperative waiting time increased the risk of periprosthetic infection in patients with femoral neck fracture.,[2023] The synovial fluid calprotectin lateral flow test for the diagnosis of chronic prosthetic joint infection in failed primary and revision total hip and knee arthroplasty. | [2023] Biologic Disease-Modifying Antirheumatic Drugs Do Not Increase Risk for Prosthetic Joint Infection in Setting of Total Knee Arthroplasty. | [2023] C-reactive protein/albumin and C-reactive protein/fibrinogen ratios for the diagnosis of periprosthetic joint infection in revision total joint arthroplasty.,0.6,578.5,USA,35.3,6.4,9.9,8703515,24.6,13.0,0.141,4.9,0.77,695,,,
biomarker,1,2014,2025,0.749,0.536,821,"expression in (lift 20.5, wsp. 4); mrna (lift 20.3, wsp. 4); in animal (lift 16.6, wsp. 4); polymerase chain reaction (lift 16.5, wsp. 4); pathogenesis of (lift 16.0, wsp. 5)",[2013] Total hip replacement but not clinical osteoarthritis can be predicted by the shape of the hip: a prospective cohort study (CHECK). | [2013] Imaging biomarker with T1ρ and T2 mappings in osteoarthritis - in vivo human articular cartilage study. | [2013] Can urinary excretion rate of 8-isoprostrane and malonaldehyde predict postoperative cognitive dysfunction in aging?,"[2023] Individual participant data meta-analysis of metabolomics on sustained knee pain in primary osteoarthritis patients. | [2023] Quantitative MRI Biomarkers to Predict Risk of Reinjury Within 2 Years After Bridge-Enhanced ACL Restoration. | [2023] Influence of traumatic lower-limb amputation on physical activity, body composition, and cardiometabolic risks: A descriptive preliminary study.",0.4,646.4,USA,26.6,6.7,6.0,8703515,6.2,74.1,0.084,8.2,1.0,736,,,
of robotic,2,2018,2025,0.809,0.534,548,"computer assisted (lift 12.2, wsp. 8); case in which (lift 12.2, wsp. 4); three case (lift 7.9, wsp. 4); inc (lift 5.1, wsp. 4); experience with (lift 4.4, wsp. 4)",[2017] Minimally Invasive Robotic Versus Open Fluoroscopic-guided Spinal Instrumented Fusions: A Randomized Controlled Trial. | [2017] Robotic Guidance for S2-Alar-Iliac Screws in Spinal Deformity Correction. | [2017] Survivorship and patient satisfaction of robotic-assisted medial unicompartmental knee arthroplasty at a minimum two-year follow-up.,"[2023] Hot Topics and Current Controversies in Total Knee Arthroplasty. | [2023] Accuracy of Advanced Active Robot for Total Knee Arthroplasty: A Cadaveric Study. | [2023] Leveraging large, real-world data through machine-learning to increase efficiency in robotic-assisted total knee arthroplasty.",0.8,408.5,USA,40.7,4.6,7.8,101300401,8.9,34.1,0.256,2.7,1.0,474,,,
lateral lumbar,2,2016,2023,0.601,0.526,736,"visceral (lift 43.8, wsp. 8); in lateral bending (lift 43.5, wsp. 5); the disc space (lift 40.6, wsp. 7); disc space (lift 33.7, wsp. 16); the neural (lift 31.3, wsp. 5)","[2015] Minimally Invasive Lateral Lumbar Interbody Fusion: Clinical and Radiographic Outcome at a Minimum 2-year Follow-up. | [2015] Aortic perforation during lateral lumbar interbody fusion. | [2016] ""Push-Through"" Rod Passage Technique for the Improvement of Lumbar Lordosis and Sagittal Balance in Minimally Invasive Adult Degenerative Scoliosis Surgery.","[2023] Retrospective Analysis of Paraspinal Muscle-Splitting Microscopic-Assisted Discectomy Versus Percutaneous Endoscopic Lumbar Discectomy for the Treatment of Far-Lateral Lumbar Disc Herniation. | [2023] Extreme Lateral Lumbar Interbody Fusion Surgery with a Robot-Assisted System in a Swine Model. | [2023] Multilevel tandem spondylolisthesis associated with a reduced ""safe zone"" for a transpsoas lateral lumbar interbody fusion at L4-5.",3.7,288.7,USA,40.1,4.4,13.9,101528275,17.9,16.3,0.129,5.4,0.81,625,,,
arthroplasty outcome,2,2022,2025,0.742,0.525,826,"transplant (lift 10.2, wsp. 8); six of (lift 7.2, wsp. 4); in a prospective (lift 4.4, wsp. 4); problem in (lift 3.8, wsp. 4); a number of (lift 3.2, wsp. 4)","[2021] Polymyalgia Rheumatica Has Minimal Impact on Primary Total Knee or Hip Arthroplasty Outcomes. | [2022] Relationship Between Patient-Reported Readiness for Total Knee Arthroplasty and Likelihood of a Good Outcome at One-Year Follow-Up. | [2021] Cohort profile: the St Vincent's Melbourne Arthroplasty Outcomes (SMART) Registry, a pragmatic prospective database defining outcomes in total hip and knee replacement patients.",[2023] Definition and reliability of 3D acetabular and global offset measurements from bi-plane X-rays. | [2023] 15-Year Follow-Up of Mobile Bearing Medial Unicompartmental Knee Arthroplasty. | [2023] Hip Arthroplasty Outcomes in the Presence of Kidney Failure: A National Data Linkage Study.,2.1,268.5,USA,50.5,3.7,5.4,8703515,25.5,11.9,0.179,3.9,1.0,333,,,
in individual with,3,2022,2025,0.87,0.522,733,"of loading (lift 20.5, wsp. 4); of the intact (lift 18.8, wsp. 8); muscle of (lift 17.6, wsp. 4); hip in (lift 4.8, wsp. 7); design prospective (lift 3.9, wsp. 4)",[2021] Trunk Muscle Endurance in Individuals With and Without a History of Anterior Cruciate Ligament Reconstruction. | [2021] Three-Dimensional Analysis of Craniofacial Structures of Individuals With Nonsyndromic Unilateral Complete Cleft Lip and Palate. | [2022] Costs of Joint Replacement in Osteoarthritis: A Study Using the National Joint Registry and Clinical Practice Research Datalink Data Sets.,"[2023] Immediate Effects of Walking With a Knee Brace After Anterior Cruciate Ligament Reconstruction: A Biomechanical, Biochemical, and Structural Approach. | [2023] Antimicrobial Remedies and Emerging Strategies for the Treatment of Diabetic Foot Ulcers. | [2023] Improvement Trajectories in Patient-Reported Outcomes Between Males and Females After Anterior Cruciate Ligament Reconstruction.",0.9,295.6,USA,30.2,8.2,9.1,7707720,7.6,55.6,0.222,3.1,1.0,328,,,
updated,1,2022,2022,0.595,0.521,802,"because of a (lift 12.3, wsp. 7); guideline for (lift 10.3, wsp. 22); the guideline (lift 6.9, wsp. 4); by this (lift 6.2, wsp. 4); the problem (lift 5.9, wsp. 5)",[2021] Does a Career in Orthopaedic Surgery Affect a Woman's Fertility? | [2021] En Bloc Resection of Isolated Spinal Metastasis: A Systematic Review Update. | [2021] What Are the Long-term Results of Cemented Revision THA with Use of Both Acetabular and Femoral Impaction Bone Grafting in Patients Younger Than 55 Years?,[2023] Optimized osteogenesis of biological hydroxyapatite-based bone grafting materials by ion doping and osteoimmunomodulation. | [2023] Updated Criteria for Fusion Level Selection in Adolescent Idiopathic Scoliosis Including Use of Three-Dimensional Analysis. | [2023] The language of knee alignment : updated definitions and considerations for reporting outcomes in total knee arthroplasty.,0.9,305.2,USA,35.5,6.1,7.1,8703515,5.2,63.2,,,0.85,324,,,
peripheral artery disease,3,2014,2025,0.655,0.511,708,"for critical limb (lift 51.6, wsp. 11); method and result (lift 41.9, wsp. 5); patient with cli (lift 39.1, wsp. 7); limb ischemia cli (lift 36.5, wsp. 16); with cli (lift 35.8, wsp. 8)",[2013] Long-term results of plaque excision combined with aggressive pharmacotherapy in high-risk patients with advanced peripheral artery disease (SAVE a LEG registry). | [2013] Different Mid-Term Prognostic Predictors of Major Adverse Events in Diabetic and Nondiabetic Peripheral Artery Disease Presenting With Critical Limb Ischemia. | [2013] High mortality risks after major lower extremity amputation in Medicare patients with peripheral artery disease.,[2023] To Cross or Not to Cross: Using MRI-Histology to Characterize Dense Collagenous Plaque in Critical Limb Ischemia. | [2023] Use of telemedicine facilitated by trained telepresenters to manage advanced peripheral artery disease in rural areas. | [2023] The influence of diabetes on temporal trends in lower extremity revascularisation and amputation for peripheral artery disease: A population-based repeated cross-sectional analysis.,0.8,571.7,USA,40.8,5.4,15.5,8407742,11.1,29.5,0.118,5.9,1.0,646,,,
initiative,1,2015,2025,0.635,0.508,905,"for critical limb (lift 10.1, wsp. 4); month period (lift 6.5, wsp. 5); undertaken to (lift 5.9, wsp. 4); so that (lift 4.8, wsp. 4); a number of (lift 4.1, wsp. 6)",[2014] Causes and frequency of unplanned hospital readmission after total hip arthroplasty. | [2014] Return to duty after integrated orthotic and rehabilitation initiative. | [2014] Implementation of a quality improvement initiative in Belgian diabetic foot clinics: feasibility and initial results.,[2023] Association Between Change in Body Mass Index and Knee and Hip Replacements: A Survival Analysis of Seven to Ten Years Using Multicohort Data. | [2023] Quality indicators in primary elective total hip and knee arthroplasty. | [2023] KOOS score maps were externally validated to inform knee arthroplasty shared decision making.,0.8,618.2,USA,66.1,2.2,21.4,8703515,12.4,23.8,0.045,15.2,1.0,772,,,
frailty,1,2017,2025,0.722,0.502,512,"died (lift 3.7, wsp. 4)",[2016] Association of Frailty and 1-Year Postoperative Mortality Following Major Elective Noncardiac Surgery: A Population-Based Cohort Study. | [2016] Impact of frailty on outcomes in geriatric femoral neck fracture management: An analysis of national surgical quality improvement program dataset. | [2016] Which frailty measure is a good predictor of early post-operative complications in elderly hip fracture patients?,"[2023] Letter to the editor regarding ""Leveraging HFRS to Assess How Frailty Affects Health Care Resource Utilization after Elective ACDF for CSM"". | [2023] Does the use of postoperative brace help preventing mechanical complications following adult deformity surgery? | [2023] Perioperative risk stratification tools for shoulder arthroplasty: a systematic review.",1.2,386.6,USA,47.1,4.0,12.2,8703515,8.1,45.1,0.21,3.3,1.0,484,,,
reimbursement,1,2016,2018,0.625,0.502,1031,"tied (lift 28.9, wsp. 10); were given (lift 4.9, wsp. 4); total disc (lift 4.3, wsp. 4); system of (lift 3.8, wsp. 4); replacement the (lift 3.7, wsp. 7)",[2015] Lifetime medical costs of knee osteoarthritis management in the United States: impact of extending indications for total knee arthroplasty. | [2015] A cost analysis of internal fixation versus nonoperative treatment in adult midshaft clavicle fractures using multiple randomized controlled trials. | [2015] A cost-minimization analysis in minimally invasive spine surgery using a national cost scale method.,"[2023] Declining Geographic Access to High-Volume Revision Total Hip Arthroplasty Surgeons: A National Medicare Analysis. | [2023] Decreasing incidence of knee arthroscopy in Sweden between 2002 and 2016: a nationwide register-based study. | [2023] Trends, payments, and costs associated with BMP use in Medicare beneficiaries undergoing spinal fusion.",1.8,503.1,USA,83.5,1.4,22.5,8703515,27.0,11.4,0.108,6.4,0.88,800,,,
robotic assisted total,3,2020,2025,0.91,0.5,421,"computer navigation (lift 24.7, wsp. 5); of the component (lift 19.0, wsp. 4); of the cup (lift 16.0, wsp. 4); the cup (lift 8.5, wsp. 4); acetabular component (lift 5.7, wsp. 5)",[2019] Efficacy and reliability of active robotic-assisted total knee arthroplasty compared with conventional total knee arthroplasty: a systematic review and meta-analysis. | [2019] Robotics in Total Knee Arthroplasty. | [2019] Robotic-Assisted Total Knee Arthroplasty in the Presence of Extra-Articular Deformity.,"[2023] Avoiding Lateral Laxity in Robotic Arm-Assisted Total Knee Arthroplasty-A Surgical Technique Describing a New Method of Gap Capture and Balancing Strategy. | [2023] No difference in clinical outcomes between functionally aligned cruciate-retaining and posterior-stabilized robotic-assisted total knee arthroplasty. | [2023] Leveraging large, real-world data through machine-learning to increase efficiency in robotic-assisted total knee arthroplasty.",1.3,302.3,USA,36.3,5.8,5.7,8703515,12.6,16.6,0.366,1.9,1.0,388,,,
posterior tibial slope,3,2021,2025,0.702,0.498,667,"radiographically the (lift 34.0, wsp. 5); degree of the (lift 26.8, wsp. 7); knee had (lift 25.0, wsp. 9); degree preoperatively (lift 22.6, wsp. 4); the tibial tunnel (lift 17.9, wsp. 5)",[2020] Radiographic Evaluation of Medial Opening-Wedge High Tibial Osteotomy Using a New Internal Fixator with a Wedge-Shaped Spacer Block. | [2020] Transphyseal anterior cruciate ligament reconstruction using living parental donor hamstring graft: excellent clinical results at 2 years in a cohort of 100 patients. | [2020] Optimizing Anterior Cruciate Ligament (ACL) Outcomes: What Else Needs Fixing Besides the ACL?,"[2023] Editorial Commentary: During Anterior Cruciate Ligament Reconstruction, Lateral Extra-Articular Procedures Have Risks and Should be Reserved for Proper Indications: Do Not LET ALL Revision Anterior Cruciate Ligament Reconstructions Be the Same. | [2023] Quantitative MRI Biomarkers to Predict Risk of Reinjury Within 2 Years After Bridge-Enhanced ACL Restoration. | [2023] Anterior closing wedge tibial osteotomy for the correction of steep posterior tibial slope and varus knee deformity associated with primary anterior cruciate ligament injury.",1.4,295.1,China,23.8,8.0,7.1,9314730,16.1,13.6,0.113,6.1,1.0,366,,,
prediction model,2,2018,2024,0.648,0.485,513,"of the extremity (lift 28.2, wsp. 4); of the leg (lift 23.3, wsp. 4); have developed (lift 18.7, wsp. 4); the extremity (lift 16.6, wsp. 4); the spine (lift 3.3, wsp. 4)","[2017] Incidence and prognostic factors for postoperative frozen shoulder after shoulder surgery: a prospective cohort study. | [2017] Systematic review of risk prediction scores for surgical site infection or periprosthetic joint infection following joint arthroplasty. | [2017] Local Antibiotic Therapy to Reduce Infection After Operative Treatment of Fractures at High Risk of Infection: A Multicenter, Randomized, Controlled Trial (VANCO Study).",[2023] Development and Validation of a Nomogram to Predict the Risk of Lumbar Disk Reherniation within 2 Years After Percutaneous Endoscopic Lumbar Discectomy. | [2023] Multidimensional evaluation of the pain profile as prognostic factor in individuals with hip or knee osteoarthritis receiving total joint replacement: protocol of a 2-year longitudinal prognostic cohort study. | [2023] Perioperative risk stratification tools for shoulder arthroplasty: a systematic review.,1.1,398.6,China,46.6,3.8,7.6,100968565,4.4,57.8,0.232,3.0,0.89,450,,,
femoroacetabular impingement syndrome,3,2018,2021,0.543,0.483,492,"chondral defect (lift 24.7, wsp. 5); by use of (lift 18.6, wsp. 5); iv therapeutic case (lift 16.1, wsp. 4); therapeutic case series (lift 14.3, wsp. 4); complaint (lift 7.1, wsp. 6)",[2017] Surgical criteria for femoroacetabular impingement syndrome: a scoping review. | [2017] Efficacy of adding a physiotherapy rehabilitation programme to arthroscopic management of femoroacetabular impingement syndrome: a randomised controlled trial (FAIR). | [2017] Protocol for a multi-centre randomised controlled trial comparing arthroscopic hip surgery to physiotherapy-led care for femoroacetabular impingement (FAI): the Australian FASHIoN trial.,[2023] Arthroscopy Confers Excellent Clinical Outcomes in Femoroacetabular Impingement Syndrome (FAIS) Patients Aged 50 Years and Above. | [2023] Editorial Commentary: Diminished Hip Labral Width May Predict Inferior Outcome After Hip Femoroacetabular Impingement Surgery: Diminutive Labral Width Is a Relative Indication for Labral Reconstruction. | [2023] The Effect of a Formal Nonoperative Management Program Combining a Hip Injection With Structured Adjunctive Exercise Rehabilitation in Patients With Symptomatic Femoroacetabular Impingement Syndrome.,1.9,232.5,USA,63.9,2.4,15.0,8506498,42.8,4.3,0.351,2.0,0.81,479,,,
proximal junctional,2,2016,2025,0.582,0.483,669,"kyphosis of (lift 61.0, wsp. 6); the instrumentation (lift 43.2, wsp. 9); scoliosis study design (lift 31.2, wsp. 6); well recognized (lift 29.0, wsp. 4); motion segment (lift 28.5, wsp. 8)","[2016] Risk Factors for Proximal Junctional Kyphosis Associated With Dual-rod Growing-rod Surgery for Early-onset Scoliosis. | [2015] Prevention of proximal junctional kyphosis after posterior surgery of Scheuermann kyphosis: an operative technique. | [2015] Time to development, clinical and radiographic characteristics, and management of proximal junctional kyphosis following adult thoracolumbar instrumented fusion for spinal deformity.",[2023] Proximal and distal mechanical repercussions of instrumentation by double rods and interbody grafts in adult scoliosis. | [2023] Hooks Versus Pedicle Screws at the Upper Instrumented Level: An In Vitro Biomechanical Comparison. | [2023] The Effects of Global Alignment and Proportionality Scores on Postoperative Outcomes After Adult Spinal Deformity Correction.,2.5,316.5,USA,37.1,4.7,10.5,7610646,15.1,14.3,0.098,7.0,1.0,569,,,
with chronic limb,3,2019,2025,0.649,0.481,435,"secondary patency rate (lift 59.5, wsp. 5); mm hg (lift 39.5, wsp. 4); of the leg (lift 30.6, wsp. 5); hg (lift 30.6, wsp. 4)",[2018] Hybrid treatment of multilevel revascularization in patients with peripheral arterial disease - a multi-centre study in Korea. | [2018] Treatment outcomes in diabetic patients with chronic limb-threatening ischemia. | [2018] Hemodialysis patients have worse outcomes after infrageniculate revascularization procedures.,[2023] Limb outcomes based on limb severity and anatomic complexity following infrapopliteal vein bypass for Japanese patients with chronic limb-threatening ischemia. | [2023] Mills valvulotome reduces distal vein injuries and improves follow-up freedom from restenosis in patients undergoing infrainguinal in-situ saphenous vein bypass. | [2023] High Global Limb Anatomic Staging System Femoropopliteal Grade is Positively Associated with Wound Healing in Patients with Chronic Limb-Threatening Ischemia Undergoing Endovascular Therapy Only for Femoropopliteal Disease.,2.7,221.6,USA,28.3,6.8,15.0,8407742,25.5,8.9,0.256,2.7,1.0,412,,,
enhanced recovery,2,2016,2025,0.589,0.47,582,"total hip replacement (lift 6.9, wsp. 10); hip replacement (lift 5.3, wsp. 11)",[2015] Blood transfusion in hip and knee arthroplasties: the end of the pre-operative group and save? | [2015] Pre-operative education prior to elective hip arthroplasty surgery improves postoperative outcome. | [2015] Short-stretch inelastic compression bandage in knee swelling following total knee arthroplasty study (STICKS): study protocol for a randomised controlled feasibility study.,"[2023] Key Elements of Enhanced Recovery after Total Joint Arthroplasty: A Reanalysis of the Enhanced Recovery after Surgery Guidelines. | [2024] Analgesic Effects of Preoperative Combination of Oral Pregabalin and Intravenous Magnesium Sulfate on Postoperative Pain in Patients Undergoing Posterolateral Spinal Fusion Surgery: A 4-arm, Randomized, Double-blind, Placebo-controlled Trial. | [2023] The implementation of enhanced recovery after surgery pathway in patients undergoing posterior thoracolumbar fusion for degenerative spinal deformity.",1.1,442.2,China,37.4,5.2,11.5,8703515,5.7,61.8,0.157,4.4,1.0,539,,,
postoperative opioid,2,2017,2020,0.5,0.47,644,"continuous infusion (lift 38.6, wsp. 6); prospective evaluation (lift 26.1, wsp. 4); infusion of (lift 21.0, wsp. 6); fentanyl (lift 20.6, wsp. 5); infusion (lift 17.5, wsp. 14)",[2016] Dexmedetomidine added to an opioid-based analgesic regimen for the prevention of postoperative nausea and vomiting in highly susceptible patients: A randomised controlled trial. | [2016] The Fibromyalgia Survey Score Correlates With Preoperative Pain Phenotypes But Does Not Predict Pain Outcomes After Shoulder Arthroscopy. | [2016] Is sciatic nerve block advantageous when combined with femoral nerve block for postoperative analgesia following total knee arthroplasty? a meta-analysis.,[2023] Opioid Represcriptions After ACL Reconstruction in Adolescents Are Associated With Subsequent Opioid Use Disorder. | [2023] Impact of State Opioid Regulation on Postoperative Opioid Prescribing Patterns for Total Knee Arthroplasty: A Retrospective Analysis. | [2023] Impact of Adding Carpal Tunnel Release or Trigger Finger Release to Carpometacarpal Arthroplasty on Postoperative Complications.,0.5,513.7,USA,64.6,2.3,21.0,8703515,10.4,35.1,0.308,2.3,0.91,568,,,
sport after,2,2018,2025,0.569,0.466,711,"after the injury (lift 15.8, wsp. 4); return of (lift 11.9, wsp. 4); year the average (lift 9.6, wsp. 4); by use of (lift 8.3, wsp. 4); at an average (lift 7.2, wsp. 12)",[2017] A Novel Mass-Spring-Damper Model Analysis to Identify Landing Deficits in Athletes Returning to Sport After Anterior Cruciate Ligament Reconstruction. | [2017] Is There Any Benefit in Anterior Cruciate Ligament Reconstruction in Patients Older Than 60 Years? | [2017] [Mini-open Approach Shows Good Results in Treatment of Femoroacetabular Impingement].,[2023] Rehabilitation and Return to Work and Sport After Rotator Cuff. | [2023] Validation of a Survey to Characterize Barriers to Physical Activity After Anterior Cruciate Ligament Reconstruction. | [2023] Return to Sport After Arthroscopic Bankart Repair With Remplissage: A Systematic Review.,1.4,389.8,USA,28.9,8.9,9.1,7609541,16.9,16.6,0.071,9.7,1.0,503,,,
endoscopic lumbar,2,2016,2024,0.526,0.465,688,"cannula (lift 90.2, wsp. 11); herniated (lift 71.3, wsp. 31); prolapse (lift 37.4, wsp. 4); the epidural (lift 31.9, wsp. 6); disc surgery (lift 26.0, wsp. 4)","[2015] Morphometric analysis of the working zone for posterolateral endoscopic lumbar discectomy based on magnetic resonance neurography. | [2015] Unsuccessful percutaneous endoscopic lumbar discectomy: a single-center experience of 10,228 cases. | [2015] Endoscopic lumbar foraminotomy.",[2023] Retrospective Analysis of Paraspinal Muscle-Splitting Microscopic-Assisted Discectomy Versus Percutaneous Endoscopic Lumbar Discectomy for the Treatment of Far-Lateral Lumbar Disc Herniation. | [2023] Development and Validation of a Nomogram to Predict the Risk of Lumbar Disk Reherniation within 2 Years After Percutaneous Endoscopic Lumbar Discectomy. | [2023] [The consensus of Chinese experts on the application of percutaneous endoscopic lumbar interbody fusion].,1.2,450.0,China,66.9,2.1,7.8,101528275,17.8,17.4,0.083,8.4,0.95,606,,,
aseptic revision,2,2013,2025,0.528,0.462,610,"polyethylene bearing (lift 34.1, wsp. 4); bearing surface (lift 23.5, wsp. 8); year followup (lift 21.2, wsp. 4); metal on (lift 9.8, wsp. 9); loose (lift 8.8, wsp. 4)",[2012] Restoration of the distal femur impacts patellar height in revision TKA. | [2012] Reason for revision influences early patient outcomes after aseptic knee revision. | [2012] Revision total knee arthroplasty: infection should be ruled out in all cases.,[2023] Inferior results at long-term follow-up after extensor mechanism allograft reconstruction in septic compared to aseptic revision total knee arthroplasty. | [2023] C-reactive protein/albumin and C-reactive protein/fibrinogen ratios for the diagnosis of periprosthetic joint infection in revision total joint arthroplasty. | [2023] Identifying Aseptic Revision Total Knee Arthroplasty Diagnoses That Achieve Minimal Clinically Important Difference and Patient Acceptable Symptom State.,0.9,402.6,USA,56.0,3.0,7.3,8703515,36.5,6.4,0.131,5.3,1.0,576,,,
lateral lumbar interbody,3,2013,2023,0.533,0.462,610,"series objective to (lift 57.0, wsp. 4); the neural (lift 54.8, wsp. 4); disc space (lift 26.6, wsp. 5); human bone morphogenetic (lift 18.6, wsp. 4); recombinant human bone (lift 18.2, wsp. 4)",[2014] Does prone repositioning before posterior fixation produce greater lordosis in lateral lumbar interbody fusion (LLIF)? | [2013] Contralateral psoas seroma after transpsoas lumbar interbody fusion with bone morphogenetic protein-2 implantation. | [2013] 2013 Young Investigator Award winner: how safe is lateral lumbar interbody fusion for the surgeon? A prospective in vivo radiation exposure study.,"[2023] Extreme Lateral Lumbar Interbody Fusion Surgery with a Robot-Assisted System in a Swine Model. | [2023] Multilevel tandem spondylolisthesis associated with a reduced ""safe zone"" for a transpsoas lateral lumbar interbody fusion at L4-5. | [2023] The impact of cage positioning on lumbar lordosis and disc space restoration following minimally invasive lateral lumbar interbody fusion.",3.8,272.8,USA,45.8,3.8,13.1,101528275,16.9,16.0,0.152,4.5,0.74,603,,,
cohort analysis,2,2018,2024,0.56,0.461,607,"of background data (lift 6.3, wsp. 20); summary of background (lift 6.2, wsp. 20); has been used (lift 5.4, wsp. 4); and of (lift 4.1, wsp. 4); on the basis (lift 3.1, wsp. 5)",[2017] The Influence of Race on Short-term Outcomes After Laminectomy and/or Fusion Spine Surgery. | [2018] Impact of Age on 30-day Complications After Adult Deformity Surgery. | [2017] Management of Closed Diaphyseal Humerus Fractures in Patients With Injury Severity Score ≥17.,[2023] Superior Outcomes With Reverse Shoulder Arthroplasty versus Nonoperative Management for Proximal Humerus Fractures: A Matched Cohort Analysis. | [2023] Increased Risk of Periprosthetic Fractures and Revision Arthroplasty in Patients Undergoing Shoulder Arthroplasty With a History of Prior Fragility Fractures: A Matched Cohort Analysis. | [2023] Patients With Low-Grade Lumbosacral Transitional Vertebrae Demonstrate No Difference in Achievement of Clinical Thresholds After Hip Arthroscopy for Femoroacetabular Impingement Syndrome.,0.7,401.8,USA,59.7,2.7,15.1,8703515,12.4,28.4,0.161,4.3,0.96,450,,,
hip arthroscopy for,3,2016,2021,0.512,0.461,681,"at arthroscopy (lift 53.4, wsp. 5); iv therapeutic case (lift 32.9, wsp. 12); therapeutic case series (lift 32.2, wsp. 13); chondral defect (lift 27.3, wsp. 6); range 12 to (lift 21.4, wsp. 4)",[2015] Does Primary Hip Arthroscopy Result in Improved Clinical Outcomes?: 2-Year Clinical Follow-up on a Mixed Group of 738 Consecutive Primary Hip Arthroscopies Performed at a High-Volume Referral Center. | [2015] Efficacy of Hip Arthroscopy for the Management of Septic Arthritis: A Systematic Review. | [2015] Clinical Outcomes After Arthroscopic Hip Labral Repair Using Looped Versus Pierced Suture Techniques.,[2023] Arthroscopy Confers Excellent Clinical Outcomes in Femoroacetabular Impingement Syndrome (FAIS) Patients Aged 50 Years and Above. | [2023] Midterm results after arthroscopic femoral neck osteoplasty combined with labral debridement for cam type femoroacetabular impingement in active adults. | [2023] Patients With Unhealed or Partially Healed Anterior Capsules After Hip Arthroscopy for Borderline Developmental Dysplasia of the Hips Have Inferior Patient-Reported Outcome Measures.,1.7,311.0,USA,72.0,1.9,9.9,8506498,41.0,4.4,0.213,3.3,0.94,583,,,
covid 19 pandemic,3,2020,2020,0.767,0.46,467,"waiting list (lift 45.0, wsp. 8); division of (lift 20.5, wsp. 5); caused a (lift 20.4, wsp. 6); early experience (lift 19.8, wsp. 5); a massive (lift 16.1, wsp. 5)",[2020] What's Important: What Is Our Role in the COVID-19 Pandemic? | [2020] Guidelines for Ambulatory Surgery Centers for the Care of Surgically Necessary/Time-Sensitive Orthopaedic Cases During the COVID-19 Pandemic. | [2020] A Review of State Guidelines for Elective Orthopaedic Procedures During the COVID-19 Outbreak.,"[2023] All Feet on Deck: The Role of Podiatry During the COVID-19 Pandemic: Preventing Hospitalizations in an Overburdened Health-Care System, Reducing Amputation and Death in People with Diabetes. | [2023] Diabetes-Related Major and Minor Amputation Risk Increased During the COVID-19 Pandemic. | [2023] Physical and financial impacts caused by the COVID-19 pandemic exacerbate knee pain: A longitudinal study of a large-scale general population.",1.1,420.2,USA,34.3,6.1,15.0,8703515,9.4,47.8,,,0.36,467,,,
a propensity score,3,2016,2025,0.615,0.453,526,,"[2015] Operative versus nonoperative treatment of displaced proximal humeral physeal fractures: a matched cohort. | [2015] Propensity score matching and randomization. | [2015] Differences in the outcomes of anterior versus posterior interbody fusion surgery of the lumbar spine: a propensity score-controlled cohort analysis of 10,941 patients.",[2023] Similar short-term KOOS between open-wedge high tibial osteotomy and total knee arthroplasty in patients over age 60: A propensity score-matched cohort study. | [2023] Comparison of the clinical outcomes following total knee arthroplasty in osseous ankylosed and non-ankylosed knees using propensity-score matching. | [2023] Total Knee Replacement After Arthroscopic Meniscectomy in Knee Osteoarthritis: A Nationwide Population-Based Cohort Study.,0.8,419.8,USA,33.9,6.1,9.2,8703515,10.4,36.9,0.178,3.9,1.0,490,,,
fracture a retrospective,3,2023,2025,0.602,0.449,620,"pin fixation (lift 13.5, wsp. 4); miniplate (lift 12.3, wsp. 7); arthroscopically assisted (lift 8.7, wsp. 4); fracture were treated (lift 8.4, wsp. 10); we suggest that (lift 8.3, wsp. 4)",[2022] The outcome of loose bone fragments in pediatric supracondylar humerus fractures: a retrospective study. | [2022] Correlation between CT images of lateral plateau and lateral meniscus injuries in patients with Schatzker II tibial plateau fractures:a retrospective study. | [2022] Expandable Intravertebral Implant in Cancer-Related Vertebral Compression Fractures: A Retrospective Review of 36 Implantations.,[2023] Conversion total hip arthroplasty following proximal femur fracture: A retrospective analysis. | [2023] Complications After Volar Locking Plate Fixation of Distal Radius Fractures: A Retrospective Study of 822 Patients. | [2023] Ogilvie Syndrome in Patients With Traumatic Pelvic and/or Acetabular Fractures: A Retrospective Cohort Study.,0.9,207.4,China,46.1,4.3,6.0,100968565,11.1,25.7,0.216,3.2,1.0,217,,,
percutaneous endoscopic,2,2017,2020,0.547,0.446,765,"cannula (lift 70.4, wsp. 14); herniated (lift 60.6, wsp. 45); discogenic (lift 43.6, wsp. 7); prolapse (lift 33.7, wsp. 6); or good result (lift 31.9, wsp. 4)",[2016] Surgical Outcome of Percutaneous Endoscopic Interlaminar Lumbar Discectomy for Highly Migrated Disk Herniation. | [2016] Percutaneous endoscopic lumbar discectomy for recurrent lumbar disc herniation. | [2016] The Clinical Results of Percutaneous Endoscopic Interlaminar Discectomy (PEID) in the Treatment of Calcified Lumbar Disc Herniation: A Case-Control Study.,[2023] Retrospective Analysis of Paraspinal Muscle-Splitting Microscopic-Assisted Discectomy Versus Percutaneous Endoscopic Lumbar Discectomy for the Treatment of Far-Lateral Lumbar Disc Herniation. | [2023] Comparison of Clinical Outcomes and Muscle Invasiveness between Unilateral Biportal Endoscopic Discectomy and Percutaneous Endoscopic Interlaminar Discectomy for Lumbar Disc Herniation at L5/S1 Level. | [2023] Development and Validation of a Nomogram to Predict the Risk of Lumbar Disk Reherniation within 2 Years After Percutaneous Endoscopic Lumbar Discectomy.,0.8,479.6,China,80.4,1.5,8.4,101528275,16.2,17.5,0.072,9.6,0.72,619,,,
payment,1,2016,2019,0.922,0.445,1082,"patient because (lift 8.8, wsp. 4); three of the (lift 7.2, wsp. 4); bank (lift 7.0, wsp. 4); giving (lift 4.8, wsp. 4); month period (lift 3.9, wsp. 5)","[2016] Cost-Utility Analysis of 1- and 2-Level Dorsal Lumbar Fusions With and Without Recombinant Human Bone Morphogenic Protein-2 at 1-Year Follow-Up. | [2015] Cost per quality-adjusted life year gained of revision fusion for lumbar pseudoarthrosis: defining the value of surgery. | [2015] Practical aspects of treatment with target specific anticoagulants: initiation, payment and current market, transitions, and venous thromboembolism treatment.","[2023] The impact of dehydration on short-term postoperative complications in total knee arthroplasty. | [2023] Declining Geographic Access to High-Volume Revision Total Hip Arthroplasty Surgeons: A National Medicare Analysis. | [2023] Trends, payments, and costs associated with BMP use in Medicare beneficiaries undergoing spinal fusion.",1.3,603.4,USA,90.0,1.2,22.1,8703515,29.6,9.8,0.143,4.8,0.38,873,,,
the covid 19,3,2020,2020,0.732,0.442,448,"waiting list (lift 52.6, wsp. 9); division of (lift 21.3, wsp. 5); early experience (lift 20.6, wsp. 5); caused a (lift 17.7, wsp. 5); a massive (lift 16.8, wsp. 5)",[2020] What's Important: What Is Our Role in the COVID-19 Pandemic? | [2020] Guidelines for Ambulatory Surgery Centers for the Care of Surgically Necessary/Time-Sensitive Orthopaedic Cases During the COVID-19 Pandemic. | [2020] A Review of State Guidelines for Elective Orthopaedic Procedures During the COVID-19 Outbreak.,"[2023] All Feet on Deck: The Role of Podiatry During the COVID-19 Pandemic: Preventing Hospitalizations in an Overburdened Health-Care System, Reducing Amputation and Death in People with Diabetes. | [2023] Diabetes-Related Major and Minor Amputation Risk Increased During the COVID-19 Pandemic. | [2023] Physical and financial impacts caused by the COVID-19 pandemic exacerbate knee pain: A longitudinal study of a large-scale general population.",1.1,399.8,USA,34.1,6.0,15.6,8703515,9.2,48.3,,,0.37,448,,,
a nationwide,2,2018,2025,0.689,0.442,700,"bank (lift 14.6, wsp. 4); hip replacement in (lift 8.1, wsp. 4); rheumatoid arthritis (lift 5.7, wsp. 10); followup (lift 4.5, wsp. 5); of background data (lift 4.3, wsp. 20)","[2017] Impact of Race and Insurance Status on Surgical Approach for Cervical Spondylotic Myelopathy in the United States: A Population-Based Analysis. | [2017] Impact of Inpatient Venous Thromboembolism Continues After Discharge: Retrospective Propensity Scored Analysis in a Longitudinal Database. | [2017] Primary Versus Revision Spinal Fusion in Children: An Analysis of 74,525 Cases From the Nationwide Inpatient Sample.",[2023] Total Knee Replacement After Arthroscopic Meniscectomy in Knee Osteoarthritis: A Nationwide Population-Based Cohort Study. | [2023] Decreasing incidence of knee arthroscopy in Sweden between 2002 and 2016: a nationwide register-based study. | [2023] The management of developmental dysplasia of the hip in children aged under three months : a consensus study from the British Society for Children's Orthopaedic Surgery.,1.4,368.3,USA,35.0,6.1,11.0,8703515,9.5,42.0,0.067,10.4,1.0,484,,,
narrative review,2,2017,2025,0.555,0.434,486,"paper is (lift 13.9, wsp. 4); guideline for (lift 8.6, wsp. 5); osteoarthritis of the (lift 6.7, wsp. 4); discussed (lift 4.4, wsp. 5); on the basis (lift 3.8, wsp. 4)",[2016] Dermatological and musculoskeletal assessment of diabetic foot: A narrative review. | [2016] Evaluation and treatment of failed shoulder instability procedures. | [2016] Elbow arthroplasty: where are we today? A narrative review.,"[2023] Knee Arthroscopy After Prior Total Knee ArthroplastyType of Study: Narrative Review. | [2023] Answer to the Letter to the Editor of K. Minami, et al. concerning ""An unexpected connection: A narrative review of the associations between gut microbiome and musculoskeletal pain"" by Tonelli et al. (Eur Spine J; 2022: doi:10.1007/s00586-022-07429-y). | [2023] Letter to the Editor concerning ""An unexpected connection: a narrative review of the associations between gut microbiome and musculoskeletal pain"" by Tonelli et al. (Eur Spine J; 2022: doi:10.1007/s00586-022-07429-y).",1.0,391.3,USA,31.8,7.6,9.5,0226040,5.0,76.9,0.205,3.4,1.0,421,,,
lumbar degenerative disease,3,2020,2023,0.511,0.432,604,"stabilization system (lift 30.5, wsp. 5); a fusion (lift 17.0, wsp. 4); disc space (lift 13.4, wsp. 6); pedicle screw instrumentation (lift 12.3, wsp. 4); posterolateral fusion (lift 11.7, wsp. 5)",[2019] Drivers of Variability in 90-Day Cost for Elective Laminectomy and Fusion for Lumbar Degenerative Disease. | [2019] Weekly Teriparatide Administration and Preoperative Anterior Slippage of the Cranial Vertebra Next to Fusion Segment < 2 mm Promote Osseous Union After Posterior Lumbar Interbody Fusion. | [2019] Is Length of Stay Influenced by the Weekday On Which Lumbar Surgery is Performed?,[2023] Is unilateral pedicle screw fixation as effective as bilateral pedicle screw fixation in transforaminal lumbar interbody fusion: a meta-analysis of randomized controlled trials. | [2023] Is local autogenous morselized bone harvested from decompression through a posterior-transforaminal approach sufficient for single-level interbody fusion in the lower lumbar spine? | [2023] An update of interbody cages for spine fusion surgeries: from shape design to materials.,2.2,288.7,China,76.0,1.7,6.6,101528275,12.6,17.2,0.197,3.5,0.9,366,,,
cage subsidence,2,2021,2025,0.615,0.431,533,"mesh cage (lift 50.6, wsp. 8); titanium cage (lift 49.3, wsp. 11); odom (lift 38.4, wsp. 5); solid fusion (lift 21.7, wsp. 6); fusion was achieved (lift 16.8, wsp. 5)","[2020] Full Percutaneous Transforaminal Lumbar Interbody Fusion Using the Facet-sparing, Trans-Kambin Approach. | [2020] Thoracolumbar Vertebral Column Resection With Rectangular Endplate Cages Through a Posterior Approach: Surgical Techniques and Early Postoperative Outcomes. | [2020] Comparison of the effectiveness and safety of bioactive glass ceramic to allograft bone for anterior cervical discectomy and fusion with anterior plate fixation.",[2023] Computational comparison of anterior lumbar interbody fusion and oblique lumbar interbody fusion with various supplementary fixation systems: a finite element analysis. | [2023] Early effect of standalone oblique lateral interbody fusion vs. combined with lateral screw fixation of the vertebral body on single-level lumbar degenerative disc disease: A pilot study. | [2023] Midline Lumbar Fusion Versus Posterior Lumbar Interbody Fusion Involving L5-S1 For Degenerative Lumbar Diseases: A Comparative Study.,1.3,245.7,China,61.5,2.5,5.0,101265112,11.7,15.6,0.128,5.4,1.0,317,,,
dual mobility,2,2011,2022,0.484,0.424,663,"this hypothesis (lift 89.3, wsp. 5); cup were (lift 73.4, wsp. 6); acetabular component and (lift 60.0, wsp. 4); recurrent dislocation (lift 59.2, wsp. 9); cup was (lift 57.4, wsp. 5)",[2010] Dual mobility design use in preventing total hip replacement dislocation following tumor resection. | [2010] Acetabular revision using a press-fit dual mobility cup. | [2010] Do tantalum components provide adequate primary fixation in all acetabular revisions?,[2023] Dual-Mobility Articulations in Total Hip Arthroplasty: A Durable Game Changer or the Next Cause for Concern? | [2023] Fretting corrosion testing of acetabular modular tapers for total hip replacements: A comparison of two designs. | [2023] Hip Abduction Can Be Considered the Sole Posterior Precaution Strategy to Lower the Rate of Impingement After Posterior Approach Total Hip Arthroplasty With Large Femoral Head: A Computer Simulation Study.,0.9,492.8,USA,31.1,6.1,10.2,8703515,21.8,12.2,0.148,4.7,0.84,648,,,
for femoroacetabular impingement,3,2013,2021,0.499,0.421,605,"iv therapeutic case (lift 25.4, wsp. 6); therapeutic case series (lift 23.3, wsp. 6); by use of (lift 17.1, wsp. 5); level iv therapeutic (lift 14.0, wsp. 8); hip in (lift 12.2, wsp. 6)",[2012] Is hip arthroscopy cost-effective for femoroacetabular impingement? | [2012] Surgical hip dislocation for femoroacetabular impingement. | [2012] Peripheral versus central compartment starting point in hip arthroscopy for femoroacetabular impingement.,[2023] Editorial Commentary: Prolonged Delays in Staging Bilateral Hip Arthroscopic Surgery for Femoroacetabular Impingement May Result in Inferior Patient Outcomes: Two Halves of One Problem. | [2023] The Effect of a Formal Nonoperative Management Program Combining a Hip Injection With Structured Adjunctive Exercise Rehabilitation in Patients With Symptomatic Femoroacetabular Impingement Syndrome. | [2023] Patients With Low-Grade Lumbosacral Transitional Vertebrae Demonstrate No Difference in Achievement of Clinical Thresholds After Hip Arthroscopy for Femoroacetabular Impingement Syndrome.,1.2,327.6,USA,67.1,2.2,8.7,8506498,36.8,5.1,0.191,3.6,0.88,562,,,
multicenter retrospective,2,2011,2025,0.522,0.421,568,"thoracic spine (lift 11.3, wsp. 4); object (lift 7.5, wsp. 5); of background data (lift 7.0, wsp. 13); summary of background (lift 6.9, wsp. 13); on the basis (lift 5.2, wsp. 4)",[2010] Absence of combined effects of anemia and bilateral surgical status on inpatient rehabilitation outcomes following total knee arthroplasty. | [2010] Stabilization of sacroiliac luxation in 40 cats using screws inserted in lag fashion. | [2010] Postoperative deep infection in tumor endoprosthesis reconstruction around the knee.,[2023] What Is the Safe Window from Definitive Fixation to Flap Coverage in Type 3B Open Tibia Fractures? Supporting Plastics and Orthopaedics Alliance in Reducing Trauma Adverse Events (SPARTA). | [2023] Predictors of Deep Infection After Distal Femur Fracture: A Multicenter Study. | [2023] Risk Factors for Reoperation to Promote Union in 1111 Distal Femur Fractures.,0.7,483.6,USA,36.2,5.1,12.7,7610646,8.3,34.0,0.116,6.0,1.0,544,,,
at minimum,2,2021,2023,0.541,0.421,654,"two hip (lift 19.1, wsp. 5); of the sf (lift 18.8, wsp. 4); range 24 to (lift 14.8, wsp. 4); reviewed at (lift 13.0, wsp. 6); knee had (lift 12.4, wsp. 5)",[2020] Hip Arthroscopy Successfully Treats Femoroacetabular Impingement in Adolescent Athletes. | [2020] Effective Prevention of Proximal Junctional Failure in Adult Spinal Deformity Surgery Requires a Combination of Surgical Implant Prophylaxis and Avoidance of Sagittal Alignment Overcorrection. | [2020] Fixation of Transverse Acetabular Fractures With Precontoured Plates Alone Causes Fracture Malreduction: A Biomechanical Assessment.,"[2023] Minimally invasive decompression alone versus fusion surgery for acute lumbar disk herniation combined incomplete cauda equina syndrome. | [2023] Lateral decubitus single position anterior posterior surgery improves operative efficiency, improves perioperative outcomes, and maintains radiological outcomes comparable with traditional anterior posterior fusion at minimum 2-year follow-up. | [2023] Anatomical risk factors for aseptic loosening of full hinge knee prosthesis in primary and revision TKAs.",2.6,218.4,USA,58.2,2.9,7.4,8506498,23.9,10.4,0.107,6.5,0.59,310,,,
anatomic total shoulder,3,2015,2023,0.458,0.408,539,"shoulder prosthesis (lift 37.5, wsp. 5); osteoarthritis of the (lift 8.5, wsp. 5); loose (lift 8.5, wsp. 4); resurfacing (lift 5.9, wsp. 5); at an average (lift 5.8, wsp. 4)",[2014] Thirty and ninety-day reoperation rates after shoulder arthroplasty. | [2014] Speed of recovery after shoulder arthroplasty: a comparison of reverse and anatomic total shoulder arthroplasty. | [2014] Stemless shoulder arthroplasty: current status.,[2023] Factors associated with functional improvement after posteriorly augmented total shoulder arthroplasty. | [2023] Trends in Venous Thromboembolism After Shoulder Arthroplasty in the United States: Analysis Following the 2009 American Academy of Orthopaedic Surgeons Clinical Practical Guidelines. | [2023] Comparison of Humeral-Head Replacement with Glenoid-Reaming Arthroplasty (Ream and Run) Versus Anatomic Total Shoulder Arthroplasty: A Matched-Cohort Study.,1.7,342.2,USA,77.2,1.7,8.9,9206499,62.1,2.5,0.158,4.4,0.96,515,,,
proximal junctional kyphosis,3,2016,2025,0.502,0.405,567,"kyphosis of (lift 60.5, wsp. 5); the instrumentation (lift 40.0, wsp. 7); scoliosis study design (lift 37.2, wsp. 6); well recognized (lift 34.4, wsp. 4); motion segment (lift 33.9, wsp. 8)","[2016] Risk Factors for Proximal Junctional Kyphosis Associated With Dual-rod Growing-rod Surgery for Early-onset Scoliosis. | [2015] Prevention of proximal junctional kyphosis after posterior surgery of Scheuermann kyphosis: an operative technique. | [2015] Time to development, clinical and radiographic characteristics, and management of proximal junctional kyphosis following adult thoracolumbar instrumented fusion for spinal deformity.",[2023] Proximal and distal mechanical repercussions of instrumentation by double rods and interbody grafts in adult scoliosis. | [2023] Hooks Versus Pedicle Screws at the Upper Instrumented Level: An In Vitro Biomechanical Comparison. | [2023] The Effects of Global Alignment and Proportionality Scores on Postoperative Outcomes After Adult Spinal Deformity Correction.,1.2,344.9,USA,40.0,4.3,10.0,7610646,14.8,14.2,0.097,7.1,1.0,480,,,
postoperative complication in,3,2023,2025,0.502,0.404,601,"patient with rheumatoid (lift 7.8, wsp. 4); with rheumatoid arthritis (lift 6.8, wsp. 4); the reconstruction of (lift 4.4, wsp. 4); this group (lift 4.0, wsp. 5); the result were (lift 3.4, wsp. 4)",[2022] Prognostic factors for postoperative complications after K-wire fixation for paediatric forearm fractures: a multivariate analysis. | [2022] Postoperative Complications in Patients With Hereditary Hemochromatosis Undergoing Total Joint Arthroplasty: A Matched Cohort Analysis. | [2022] Lack of association of post-discharge prophylactic antibiotics with decreased risk of surgical site infection following spinal fusion.,[2023] Vitamin D status-associated postoperative complications in patients with hip dysplasia after periacetabular osteotomy: A case-control study. | [2023] The impact of dehydration on short-term postoperative complications in total knee arthroplasty. | [2023] Free Vascularized Fibula Graft for Staged Reconstruction of Infected Humerus Nonunions.,1.4,190.4,USA,37.6,3.9,8.7,8703515,7.7,43.0,0.07,9.8,1.0,207,,,
study protocol,2,2019,2020,0.696,0.404,693,"waiting list (lift 28.9, wsp. 5); immobilization in (lift 19.3, wsp. 5); the usual (lift 15.1, wsp. 5); of immobilization (lift 14.6, wsp. 5); replacement has (lift 12.7, wsp. 5)","[2018] Grave fraudulence in medical device research: a narrative review of the PIN seeding study for the Pinnacle hip system. | [2018] The prevention of delirium in elderly with obstructive sleep apnea (PODESA) study: protocol for a multi-centre prospective randomized, controlled trial. | [2018] An integrated-delivery-of-care approach to improve patient reported physical function and mental wellbeing after orthopedic trauma: study protocol for a randomized controlled trial.",[2023] Surgical treatment of neuromuscular Early Onset Scoliosis with a bilateral posterior one-way rod compared to the Spring Distraction System: study protocol for a limited-efficacy Randomized Controlled Trial (BiPOWR). | [2023] Effect of dexmedetomidine on postoperative cognitive dysfunction in elderly patients undergoing orthopaedic surgery: study protocol for a randomized controlled trial. | [2023] Readability of Online Patient Education Materials for Total Joint Arthroplasty: A Systematic Review.,0.6,442.8,China,30.3,8.2,12.8,101263253,24.2,7.6,,,0.74,462,,,
fracture a systematic,3,2014,2021,0.456,0.401,561,"unstable distal (lift 40.6, wsp. 4); english literature (lift 33.5, wsp. 4); in human (lift 10.9, wsp. 5); concluded that (lift 7.2, wsp. 4); concluded (lift 6.6, wsp. 4)",[2013] Nonunion of distal femoral fractures: a systematic review. | [2013] Biomaterials for repair of orbital floor blowout fractures: a systematic review. | [2013] Fixation techniques for complex traumatic transverse sacral fractures: a systematic review.,[2023] Internal Fixation Versus Hemiarthroplasty for Nondisplaced Femoral Neck Fractures: A Systematic Review and Meta-Analysis. | [2023] Anterior locking plate versus non-operative treatment in different age groups with distal radial fractures: a systematic review and meta-analysis. | [2023] Surgical treatment is not superior to nonoperative treatment for displaced proximal humerus fractures: a systematic review and meta-analysis.,0.6,463.2,China,29.6,7.9,7.9,101265112,7.5,37.9,0.166,4.2,0.92,507,,,
recovery after surgery,3,2018,2025,0.482,0.398,469,"infusion (lift 6.6, wsp. 4); experience with (lift 4.1, wsp. 5)","[2017] Spine Oncology-Metastatic Spine Tumors. | [2017] Enhanced recovery after surgery for hip and knee arthroplasty: where is the evidence? | [2017] Effect of low appendicular lean mass, grip strength, and gait speed on the functional outcome after surgery for distal radius fractures.","[2023] Key Elements of Enhanced Recovery after Total Joint Arthroplasty: A Reanalysis of the Enhanced Recovery after Surgery Guidelines. | [2024] Analgesic Effects of Preoperative Combination of Oral Pregabalin and Intravenous Magnesium Sulfate on Postoperative Pain in Patients Undergoing Posterolateral Spinal Fusion Surgery: A 4-arm, Randomized, Double-blind, Placebo-controlled Trial. | [2023] The implementation of enhanced recovery after surgery pathway in patients undergoing posterior thoracolumbar fusion for degenerative spinal deformity.",1.2,346.8,China,45.4,4.0,9.8,101265112,6.4,53.5,0.114,6.1,1.0,408,,,
secondary analysis,2,2019,2025,0.555,0.397,519,"the wrist and (lift 28.6, wsp. 4); infusion (lift 5.8, wsp. 4); the wrist (lift 5.8, wsp. 5); with use of (lift 5.6, wsp. 4); treatment of a (lift 5.5, wsp. 4)",[2018] Intrawound Vancomycin Decreases the Risk of Surgical Site Infection After Posterior Spine Surgery: A Multicenter Analysis. | [2018] Changes in Anxiety and Depression Are Mediated by Changes in Pain Severity in Patients Undergoing Lower-Extremity Total Joint Arthroplasty. | [2018] Pain and sensitization after total knee replacement or nonsurgical treatment in patients with knee osteoarthritis: Identifying potential predictors of outcome at 12 months.,[2023] The number of falls recalled in the past year and balance confidence predict the frequency of injurious falls by unilateral lower limb prosthesis users. | [2023] Is Enoxaparin Associated With a Higher Risk of Persistent Wound Drainage Than Aspirin? A Secondary Analysis of Data From the CRISTAL Randomized Trial. | [2023] Key Modifiable Factors in Community Participation Among Adults With Lower Limb Amputation.,1.1,337.6,USA,43.3,4.7,12.5,0014030,7.7,49.4,0.133,5.2,1.0,377,,,
virtual reality,2,2020,2025,0.515,0.397,531,"arthroscopy of (lift 15.3, wsp. 4); a cadaver (lift 15.0, wsp. 6); transfer of (lift 12.9, wsp. 6); probe (lift 8.7, wsp. 4); we prospectively (lift 6.5, wsp. 4)","[2019] The Duration of Symptoms Does Not Impact Clinical Outcomes Following Lumbar Decompression Surgery. | [2019] Say, What Is on Your Mind? Surgeons' Evaluations of Realism and Usability of a Virtual Reality Vertebroplasty Simulator. | [2019] Editorial Commentary: Inexpensive Training Tools Can Facilitate Basic Arthroscopy Education.","[2023] Establishing minimum clinically important difference for patient-reported outcome measures in patients undergoing lateral lumbar interbody fusion. | [2023] Arthroscopic approach in initial training: Study of a novice cohort using inverse direct and indirect approaches and its implication in the development of training programs. | [2023] Complications, Implant Survivorships, and Functional Outcomes of Conversion Total Knee Arthroplasty With Prior Hardware.",1.1,294.5,USA,43.9,4.6,11.4,8703515,6.9,51.3,0.071,9.8,1.0,350,,,
to sport after,3,2013,2025,0.502,0.397,559,"of the involved (lift 43.5, wsp. 4); suture anchor (lift 13.3, wsp. 4); guideline for (lift 5.9, wsp. 4); resurfacing (lift 5.1, wsp. 4)",[2012] Predictors of participation in sports after hip and knee arthroplasty. | [2012] Translation and measurement properties of the Swedish version of ACL-Return to Sports after Injury questionnaire. | [2012] Running activity after hip resurfacing arthroplasty: a prospective study.,[2023] Validation of a Survey to Characterize Barriers to Physical Activity After Anterior Cruciate Ligament Reconstruction. | [2023] Return to Sport After Arthroscopic Bankart Repair With Remplissage: A Systematic Review. | [2023] Return-to-Sport Outcomes After Anterior Cruciate Ligament Surgical Treatment May Be Improved by Attention to Modifiable Factors and Consideration of Nonmodifiable Factors.,1.1,414.3,USA,32.0,7.7,9.2,7609541,18.5,14.9,0.127,5.5,1.0,530,,,
minimally invasive transforaminal,3,2013,2022,0.491,0.393,637,"this procedure is (lift 17.9, wsp. 4); microscope (lift 15.8, wsp. 4); in a series (lift 13.3, wsp. 5); disc space (lift 13.2, wsp. 5); solid fusion (lift 11.2, wsp. 4)",[2012] Minimally invasive transforaminal lumbar interbody fusion and spondylolisthesis. | [2012] Minimally invasive surgery for the lumbar spine. | [2012] Learning curve and clinical outcomes of minimally invasive transforaminal lumbar interbody fusion: our experience in 86 consecutive cases.,[2023] Improvement following minimally invasive transforaminal lumbar interbody fusion in patients aged 70 years or older compared with younger age groups. | [2023] Minimally invasive versus open transforaminal lumbar interbody fusion for grade I lumbar spondylolisthesis: 5-year follow-up from the prospective multicenter Quality Outcomes Database registry. | [2023] Recovery ratios and minimum clinically important difference for clinical outcomes in workers' compensation recipients undergoing MIS-TLIF versus ALIF.,1.2,379.7,China,40.2,4.0,16.9,101528275,14.1,20.6,0.078,8.9,0.54,581,,,
arthroplasty a retrospective,3,2023,2025,0.522,0.393,541,"epidural anesthesia (lift 16.7, wsp. 4); in the remaining (lift 8.5, wsp. 5); epidural (lift 5.3, wsp. 8); the cup (lift 4.6, wsp. 4); the femoral component (lift 4.2, wsp. 5)",[2022] Incidence and risk factors associated with hospital-acquired pressure ulcers following total hip arthroplasty: A retrospective nationwide inpatient sample database study. | [2022] Contralateral knee flexion predicts postoperative knee flexion in unilateral total knee arthroplasty: A retrospective study. | [2022] Fully hydroxyapatite-coated distal locking cementless femoral modular implant for revision total hip arthroplasty: A retrospective study of 94 Renaissance™ stems at a minimum 10 years' follow-up.,[2023] Predisposing factors for allogeneic blood transfusion in patients with ankylosing spondylitis undergoing primary unilateral total hip arthroplasty: a retrospective study. | [2023] Association Between Platelet Indices and Preoperative Deep Vein Thrombosis in Elderly Patients Undergoing Total Joint Arthroplasty: A Retrospective Study. | [2023] Undetected Intraoperative Periprosthetic Femoral Fractures in Patients Undergoing Primary Total Hip Arthroplasty: A Retrospective Case Series and Literature Review.,1.0,185.7,China,33.7,5.9,5.1,100968565,10.7,23.9,0.126,5.5,1.0,197,,,
a retrospective comparative,3,2021,2025,0.542,0.39,546,"concluded that (lift 6.6, wsp. 6); concluded (lift 5.6, wsp. 6); a group of (lift 5.6, wsp. 5); the method of (lift 5.3, wsp. 5); the cup (lift 4.8, wsp. 4)",[2020] Long-term Outcome of Selective Thoracic Fusion Using Rod Derotation and Direct Vertebral Rotation in the Treatment of Thoracic Adolescent Idiopathic Scoliosis: More Than 10-Year Follow-up Data. | [2020] Patient-related Factors and Perioperative Outcomes Are Associated with Self-Reported Hospital Rating after Spine Surgery. | [2020] Comparison of Perioperative Complications Between Anterior Decompression With Fusion and Laminoplasty For Cervical Spondylotic Myelopathy: Propensity Score-matching Analysis Using Japanese Diagnosis Procedure Combination Database.,[2023] Acute shortening and double-level lengthening versus bone transport for the management of large tibial bone defects after trauma and infection. | [2023] Study of single-level lumbar degenerative diseases treated by unilateral wiltse access with unilateral nail rod fixation assisted by a new automatic retraction device. | [2023] Anterior Cervical Discectomy and Fusion Outcomes in Patients With and Without Bariatric Surgery-Weight Loss Does Make a Difference.,1.4,263.2,China,29.3,7.5,5.9,101265112,10.1,30.2,0.049,14.3,1.0,287,,,
matched analysis,2,2018,2024,0.472,0.389,406,"of background data (lift 5.3, wsp. 11); summary of background (lift 5.3, wsp. 11); technique of (lift 3.1, wsp. 4)",[2017] The Frank Stinchfield Award : Total Hip Arthroplasty for Femoral Neck Fracture Is Not a Typical DRG 470: A Propensity-matched Cohort Study. | [2017] Propensity-matched Analysis of Outcomes and Hospital Charges for Anterior Versus Posterior Cervical Fusion for Cervical Spondylotic Myelopathy. | [2017] Endovascular Versus Open Revascularization for Peripheral Arterial Disease.,[2023] Clinical Effect of Isolated Lateral Closing Wedge Distal Femoral Osteotomy Compared to Medial Opening Wedge High Tibial Osteotomy for the Correction of Varus Malalignment: A Propensity Score-Matched Analysis. | [2023] A propensity score-matched analysis on the impact of patient and surgical factors on early periprosthetic joint infection in minimally invasive anterolateral and transgluteal total hip arthroplasty. | [2023] Effects of a Continuous Adductor Canal Block After Total Knee Arthroplasty.,1.4,295.1,USA,57.2,2.9,14.5,8703515,10.9,28.9,0.198,3.5,0.99,366,,,
percutaneous kyphoplasty,2,2016,2025,0.455,0.383,558,"kyphoplasty is (lift 77.3, wsp. 7); treatment of vertebral (lift 55.2, wsp. 5); body were (lift 45.7, wsp. 5); and kyphoplasty (lift 45.0, wsp. 5); vertebroplasty and kyphoplasty (lift 43.3, wsp. 4)",[2016] Clinical Efficacy of Percutaneous Kyphoplasty at the Hyperextension Position for the Treatment of Osteoporotic Kümmell Disease. | [2015] Cortical screw trajectory for instrumentation and fusion in the setting of osteopathic compression fracture allows for percutaneous kyphoplasty for adjacent level compression fractures. | [2016] Postoperative Functional Evaluation of Percutaneous Vertebroplasty Compared With Percutaneous Kyphoplasty for Vertebral Compression Fractures.,[2023] Bilateral percutaneous kyphoplasty achieves more satisfactory outcomes compared to unilateral percutaneous kyphoplasty in osteoporotic vertebral compression fractures: A comprehensive comparative study. | [2023] A comparative study of PSPVP and PSIBG in the treatment of stage II-III Kummell's disease. | [2023] Comparison of a directional cement delivery device versus conventional device in unilateral percutaneous kyphoplasty for the therapy of osteoporotic thoracolumbar fracture in the elderly.,0.9,369.7,China,93.8,1.1,6.3,101528275,8.3,27.5,0.105,6.6,1.0,446,,,
invasive transforaminal lumbar,3,2013,2022,0.491,0.382,606,"microscope (lift 16.7, wsp. 4); solid fusion (lift 14.7, wsp. 5); in a series (lift 13.9, wsp. 5); disc space (lift 13.9, wsp. 5); 36 sf 36 (lift 13.7, wsp. 4)",[2012] Minimally invasive transforaminal lumbar interbody fusion and spondylolisthesis. | [2012] Minimally invasive surgery for the lumbar spine. | [2012] Learning curve and clinical outcomes of minimally invasive transforaminal lumbar interbody fusion: our experience in 86 consecutive cases.,[2023] Improvement following minimally invasive transforaminal lumbar interbody fusion in patients aged 70 years or older compared with younger age groups. | [2023] Minimally invasive versus open transforaminal lumbar interbody fusion for grade I lumbar spondylolisthesis: 5-year follow-up from the prospective multicenter Quality Outcomes Database registry. | [2023] Recovery ratios and minimum clinically important difference for clinical outcomes in workers' compensation recipients undergoing MIS-TLIF versus ALIF.,1.3,361.9,China,42.1,3.8,16.5,101528275,14.1,20.4,0.079,8.7,0.54,552,,,
national joint,2,2012,2021,0.443,0.378,638,"birmingham (lift 55.5, wsp. 8); been revised (lift 38.8, wsp. 6); hip replacement for (lift 34.4, wsp. 8); surface replacement (lift 30.7, wsp. 4); metal bearing (lift 25.0, wsp. 6)",[2011] Complications following anterior cruciate ligament reconstruction in the English NHS. | [2011] Meat consumption and risk of primary hip and knee joint replacement due to osteoarthritis: a prospective cohort study. | [2011] Perioperative mortality after hemiarthroplasty related to fixation method.,"[2023] First-time revision knee arthroplasty using a hinged prosthesis : temporal trends, indications, and risk factors associated with re-revision using data from the National Joint Registry for 3,855 patients. | [2023] Is Enoxaparin Associated With a Higher Risk of Persistent Wound Drainage Than Aspirin? A Secondary Analysis of Data From the CRISTAL Randomized Trial. | [2023] Survivorship of the dual-mobility construct in elective primary total hip replacement: a systematic review and meta-analysis including registry data.",1.9,287.2,UK,45.3,3.1,4.9,8703515,13.4,17.1,0.081,8.5,0.89,588,,,
shoulder arthroplasty a,3,2022,2023,0.436,0.373,559,"prospectively randomized (lift 28.9, wsp. 4); shoulder prosthesis (lift 26.1, wsp. 6); a massive (lift 21.1, wsp. 5); cadaveric shoulder (lift 18.5, wsp. 5); prospective randomized clinical (lift 14.8, wsp. 4)",[2021] The safety of outpatient total shoulder arthroplasty: a systematic review and meta-analysis. | [2021] A single dose of tranexamic acid reduces blood loss after reverse and anatomic shoulder arthroplasty: a randomized controlled trial. | [2021] A combination of infraclavicular and suprascapular nerve blocks for total shoulder arthroplasty: A case series.,[2023] Glenoid reconstruction bone loss with a pediculated coracoid autograft during shoulder arthroplasty. A technical note. | [2023] Perioperative risk stratification tools for shoulder arthroplasty: a systematic review. | [2023] Factors affecting stress shielding and osteolysis after reverse shoulder arthroplasty: A multicenter study in a Japanese population.,1.7,201.3,USA,58.8,2.8,5.6,9206499,44.4,4.8,,,0.91,234,,,
australian,1,2017,2022,0.429,0.37,620,"waiting list (lift 55.0, wsp. 5); resurfaced (lift 30.2, wsp. 4); resurfacing in (lift 27.2, wsp. 4); hip replacement for (lift 18.7, wsp. 4); bearing surface (lift 16.2, wsp. 10)",[2016] Perioperative blood management programme reduces the use of allogenic blood transfusion in patients undergoing total hip and knee arthroplasty. | [2016] Psychological Traits in Patients Waiting for Total Knee Arthroplasty. A Cross-sectional Study. | [2016] Relationship between circulating sex steroid hormone concentrations and incidence of total knee and hip arthroplasty due to osteoarthritis in men.,"[2024] Epidemiology of cruciate ligament reconstruction in the Australian Defence Force and predictors of outcome. | [2023] Is Enoxaparin Associated With a Higher Risk of Persistent Wound Drainage Than Aspirin? A Secondary Analysis of Data From the CRISTAL Randomized Trial. | [2023] What is the cost, impact, and willingness to pay for an Amputee Peer Support Program?",2.7,265.6,Australia,84.1,1.4,3.6,101086634,11.3,22.0,0.112,6.2,0.86,443,,,
enhanced recovery after,3,2018,2025,0.435,0.368,399,"infusion (lift 9.4, wsp. 5); experience with (lift 4.7, wsp. 5); hip replacement (lift 3.3, wsp. 8)",[2017] Results of enhanced recovery after primary ankle replacements. | [2017] Enhanced recovery after surgery for hip and knee arthroplasty: where is the evidence? | [2017] Implementation and effects of Enhanced Recovery After Surgery for hip and knee replacements and fractured neck of femur in New Zealand orthopaedic services.,"[2023] Key Elements of Enhanced Recovery after Total Joint Arthroplasty: A Reanalysis of the Enhanced Recovery after Surgery Guidelines. | [2024] Analgesic Effects of Preoperative Combination of Oral Pregabalin and Intravenous Magnesium Sulfate on Postoperative Pain in Patients Undergoing Posterolateral Spinal Fusion Surgery: A 4-arm, Randomized, Double-blind, Placebo-controlled Trial. | [2023] The implementation of enhanced recovery after surgery pathway in patients undergoing posterior thoracolumbar fusion for degenerative spinal deformity.",1.3,311.8,China,46.5,3.9,11.2,101265112,6.1,53.5,0.13,5.3,1.0,375,,,
database study,2,2014,2022,0.436,0.367,476,"of background data (lift 13.0, wsp. 19); summary of background (lift 12.9, wsp. 19); bone morphogenetic protein (lift 8.4, wsp. 4)",[2013] Outpatient surgery reduces short-term complications in lumbar discectomy: an analysis of 4310 patients from the ACS-NSQIP database. | [2015] Surgically treated cases of lumbar spondylolysis and isthmic spondylolisthesis: a multicenter study. | [2013] A systematic review on the reporting of outcome data in studies on autologous osteochondral transplantation for the treatment of osteochondral lesions of the talus.,[2023] An Analysis of a Decade of Lumbar Interbody Cage Failures in the United States: A MAUDE Database Study. | [2023] Cost Analysis of Conversion Total Knee Arthroplasty: A Multi-Institutional Database Study. | [2023] Comparison of Surgical Outcomes Between Anterior and Posterior Cervical Fusions Stratified by Levels Decompressed.,0.9,380.6,USA,67.8,2.1,19.5,7610646,10.5,23.7,0.18,3.8,0.8,447,,,
the direct anterior,3,2015,2021,0.387,0.364,553,"anterior approach to (lift 147.7, wsp. 14); performed through a (lift 35.2, wsp. 5); minimally invasive total (lift 29.3, wsp. 4); approach to the (lift 16.5, wsp. 13); hip the (lift 12.2, wsp. 5)",[2014] Does the direct anterior approach in THA offer faster rehabilitation and comparable safety to the posterior approach? | [2014] Does fluoroscopy with anterior hip arthroplasty decrease acetabular cup variability compared with a nonguided posterior approach? | [2014] The minimal invasive direct anterior approach in combination with large heads in total hip arthroplasty - is dislocation still a major issue? a case control study.,[2023] Is Heterotopic Ossification Associated With Surgical Approach in Total Hip Arthroplasty? | [2023] The direct anterior approach is safe and shortens hospital length of stay following hemiarthroplasty for neck of femur fracture. | [2023] Short-term difference only in reported outcomes (PROMs) after anterior or posterior approach to total hip arthroplasty: a 4-year prospective multi-centre observational study.,0.8,412.0,USA,30.5,7.1,13.1,8703515,24.6,12.0,0.086,8.1,0.95,505,,,
of tranexamic acid,3,2015,2021,0.543,0.362,775,"autologous blood (lift 28.6, wsp. 10); bolus (lift 28.3, wsp. 10); 30 mg (lift 21.4, wsp. 4); design and method (lift 20.7, wsp. 4); packed (lift 14.9, wsp. 5)",[2014] The effect of tranexamic acid on hemoglobin levels during total knee arthroplasty. | [2015] The efficacy of tranexamic acid and corticosteroid on edema and ecchymosis in septorhinoplasty. | [2014] Topical tranexamic acid reduces blood loss and transfusion rates associated with primary total hip arthroplasty.,[2023] Value of Tranexamic Acid and Progressive Nursing in Accelerating Postoperative Rehabilitation After Total Knee Arthroplasty. | [2023] Effect of Topical Administration of Tranexamic Acid on Intraoperative and Postoperative Blood Loss during Posterior Cervical Laminectomy and Fusion Surgery: A Retrospective Study. | [2023] The Clinical Effect of Topical Application of Tranexamic Acid in Arthroscopic Synovectomy of Pigmented Villonodular Synovitis of the Knee.,0.8,549.6,China,37.6,5.4,11.8,8703515,9.3,42.2,0.067,10.4,0.43,642,,,
biportal,1,2022,2025,0.676,0.362,305,"epidural hematoma (lift 62.5, wsp. 10); hematoma in (lift 46.6, wsp. 4); decompressive laminectomy (lift 44.6, wsp. 5); herniated (lift 37.9, wsp. 15); decompressed (lift 34.2, wsp. 4)","[2021] Clinical Comparison of Unilateral Biportal Endoscopic Laminectomy versus Microendoscopic Laminectomy for Single-Level Laminectomy: A Single-Center, Retrospective Analysis. | [2021] Postoperative spinal epidural hematoma in a biportal endoscopic spine surgery. | [2021] Modified far lateral endoscopic transforaminal lumbar interbody fusion using a biportal endoscopic approach: technical report and preliminary results.",[2023] A Low-Cost Mobile Training Model for Biportal Endoscopic Spinal Surgery. | [2023] Comparison of Clinical Outcomes and Muscle Invasiveness between Unilateral Biportal Endoscopic Discectomy and Percutaneous Endoscopic Interlaminar Discectomy for Lumbar Disc Herniation at L5/S1 Level. | [2023] [Comparison of mid-term effectiveness of unilateral biportal endoscopy-transforaminal lumbar interbody fusion with minimally invasive surgery-transforaminal lumbar interbody fusion assisted with three-dimensional microscope in treating lumbar spondylolisthesis].,2.8,183.7,China,70.2,1.9,5.2,101528275,13.9,16.8,0.246,2.8,1.0,251,,,
surgery a systematic,3,2015,2024,0.486,0.362,504,"literature objective (lift 49.5, wsp. 4); major orthopedic surgery (lift 33.7, wsp. 6); arthroscopic knee surgery (lift 33.5, wsp. 4)",[2014] The efficacy of antifibrinolytic drugs in children undergoing noncardiac surgery: a systematic review of the literature. | [2014] Complications associated with the initial learning curve of minimally invasive spine surgery: a systematic review. | [2014] Surgical management of labral tears during femoroacetabular impingement surgery: a systematic review.,"[2023] The Radiographic Femoroepiphyseal Acetabular Roof Index Is a Reliable and Reproducible Diagnostic Tool in Patients Undergoing Hip-Preservation Surgery: A Systematic Review. | [2023] Risk factors of early complications after thoracic and lumbar spinal deformity surgery: a systematic review and meta-analysis. | [2023] CORR Insights®: What Are the Challenges Related to Family Planning, Pregnancy, and Parenthood Faced by Women in Orthopaedic Surgery? A Systematic Review.",0.7,420.7,USA,24.1,8.0,6.4,0075674,4.6,61.5,0.112,6.2,0.87,438,,,
hounsfield unit,2,2022,2025,0.669,0.359,403,"density of the (lift 90.2, wsp. 17); the bone mineral (lift 41.2, wsp. 5); body was (lift 29.2, wsp. 5); in the cervical (lift 15.0, wsp. 5); recombinant human (lift 13.0, wsp. 4)",[2021] Femoral Neck Hounsfield Units as an Adjunct for Bone Mineral Density After Combat-Related Lower Extremity Amputation. | [2021] Utility of Hounsfield units in predicting fusion rates of patients undergoing anterior odontoid screw fixation following Anderson d'Alonzo type II and shallow type III fractures. | [2021] Preoperative Hounsfield Units at the Planned Upper Instrumented Vertebrae May Predict Proximal Junctional Kyphosis in Adult Spinal Deformity.,[2023] CT Hounsfield unit is a reliable parameter for screws loosening or cages subsidence in minimally invasive transforaminal lumbar interbody fusion. | [2023] [3D-printed vertebral body in anterior spinal reconstruction after total spondylectomy for patients with cervical chordoma]. | [2023] Vertebral Bone Quality Score as a Predictor of Pedicle Screw Loosening Following Surgery for Degenerative Lumbar Disease.,2.0,195.8,China,42.5,4.1,9.4,9301980,10.7,24.6,0.258,2.7,1.0,244,,,
a retrospective observational,3,2016,2024,0.439,0.358,452,"patient with rheumatoid (lift 15.4, wsp. 4); with rheumatoid arthritis (lift 13.5, wsp. 4); in whom (lift 6.0, wsp. 4); rheumatoid arthritis (lift 5.1, wsp. 4); of background data (lift 3.8, wsp. 8)",[2015] Prophylactic effect of fondaparinux and enoxaparin for preventing pulmonary embolism after total hip or knee arthroplasty: A retrospective observational study using the Japanese Diagnosis Procedure Combination database. | [2015] Management of paediatric maxillofacial fractures: conventional methods and resorbable materials. | [2015] Clinical characteristics and survival of patients with diabetes mellitus following non-traumatic lower extremity amputation.,[2023] Prosthetic fitting associated with better survival at 5 years after above-knee amputation due to vascular insufficiency. | [2023] Surgical and perioperative management of flail chest with titanium plates: a French cohort series from a thoracic referral center. | [2023] How Does Preoperative Anemia Impact Clinical Outcomes Following Primary Total Hip Arthroplasty?: Experience From Colombia.,1.0,356.7,China,12.8,13.8,9.1,2985248R,5.6,61.2,0.134,5.2,0.79,393,,,
after reverse,2,2011,2024,0.391,0.356,502,"shoulder prosthesis (lift 101.3, wsp. 10); shoulder the (lift 48.8, wsp. 5); guideline for (lift 4.8, wsp. 4)",[2010] A method for documenting the change in center of rotation with reverse total shoulder arthroplasty and its application to a consecutive series of 68 shoulders having reconstruction with one of two different reverse prostheses. | [2010] Moment arms of the shoulder musculature after reverse total shoulder arthroplasty. | [2010] Long-term activity restrictions after shoulder arthroplasty: an international survey of experienced shoulder surgeons.,[2023] Diagnosis and Management of Early Complications After Reverse Shoulder Arthroplasty. | [2023] Factors affecting stress shielding and osteolysis after reverse shoulder arthroplasty: A multicenter study in a Japanese population. | [2023] Trends in Venous Thromboembolism After Shoulder Arthroplasty in the United States: Analysis Following the 2009 American Academy of Orthopaedic Surgeons Clinical Practical Guidelines.,0.8,382.2,USA,43.9,4.4,8.6,9206499,43.4,5.0,0.096,7.2,0.94,486,,,
learning model,2,2021,2025,0.522,0.345,283,,[2020] A Novel Machine Learning Model Developed to Assist in Patient Selection for Outpatient Total Shoulder Arthroplasty. | [2020] Intraoperative integration of structured light scanning for automatic tissue classification: a feasibility study. | [2021] Classification of Opioid Usage Through Semi-Supervised Learning for Total Joint Replacement Patients.,[2023] Artificial Intelligence-Based Prediction of Lower Extremity Deep Vein Thrombosis Risk After Knee/Hip Arthroplasty. | [2023] The Use of Artificial Intelligence for the Prediction of Periprosthetic Joint Infection Following Aseptic Revision Total Knee Arthroplasty. | [2023] Using machine learning to predict venous thromboembolism and major bleeding events following total joint arthroplasty.,2.4,186.6,USA,40.9,4.1,6.7,8703515,9.8,38.6,0.312,2.2,1.0,253,,,
network meta analysis,3,2017,2024,0.452,0.344,407,"dabigatran (lift 67.8, wsp. 4); epidural analgesia (lift 49.5, wsp. 4); enoxaparin (lift 36.7, wsp. 4); molecular weight heparin (lift 33.6, wsp. 5); low molecular weight (lift 32.7, wsp. 5)",[2016] A Network Meta-analysis of Outcomes of 7 Surgical Treatments for Distal Radius Fractures. | [2016] AMSSM Scientific Statement Concerning Viscosupplementation Injections for Knee Osteoarthritis: Importance for Individual Patient Outcomes. | [2016] AMSSM scientific statement concerning viscosupplementation injections for knee osteoarthritis: importance for individual patient outcomes.,[2023] Efficacy of 11 anticoagulants for the prevention of venous thromboembolism after total hip or knee arthroplasty: A systematic review and network meta-analysis. | [2023] Comparative efficacy of the different cutting guides in unicompartmental knee arthroplasty: A systematic-review and network meta-analysis. | [2023] Femoral Nerve Block and Local Instillation Analgesia Associated With More Reliable Efficacy in Regional Anesthesia Interventions Within 24 Hours Following Anterior Cruciate Ligament Reconstruction: A Network Meta-analysis.,1.9,262.2,China,49.3,3.7,4.9,101265112,7.5,42.0,0.157,4.4,0.89,371,,,
joint infection after,3,2014,2023,0.406,0.344,512,"infected total (lift 26.5, wsp. 5); all but (lift 13.7, wsp. 4); of the prosthesis (lift 10.5, wsp. 5); hip replacement (lift 3.5, wsp. 7)","[2013] Increased risk of prosthetic joint infection associated with esophago-gastro-duodenoscopy with biopsy. | [2014] The Chitranjan Ranawat Award: Should prophylactic antibiotics be withheld before revision surgery to obtain appropriate cultures? | [2013] Early prosthetic hip joint infection treated with debridement, prosthesis retention and biofilm-active antibiotics: functional outcomes, quality of life and complications.",[2023] Microbiological profiles and antibiotic resistance of periprosthetic joint infection after hip replacement in patients with fracture or non-fracture: A comparative study. | [2023] Application of next-generation sequencing technology in the detection of pathogenic bacteria of the periprosthetic joint infection after arthroplasty. | [2023] Comparison of survival rates between total knee arthroplasty after a previous anterior cruciate ligament reconstruction and primary total knee arthroplasty via propensity score matching.,0.6,438.7,USA,35.9,5.9,9.8,8703515,25.1,12.9,0.14,5.0,0.73,479,,,
after hip arthroscopy,3,2014,2019,0.432,0.344,593,"iv therapeutic case (lift 32.3, wsp. 12); therapeutic case series (lift 31.9, wsp. 13); chondral defect (lift 31.3, wsp. 5); arthroscopy of (lift 21.4, wsp. 5); level iv therapeutic (lift 14.0, wsp. 12)",[2013] The accuracy of magnetic resonance arthrography in hip arthroscopic labral revision surgery. | [2013] Return to play after hip arthroscopy with microfracture in elite athletes. | [2013] Joint space predicts THA after hip arthroscopy in patients 50 years and older.,[2023] Editorial Commentary: Most Patients With Borderline Hip Dysplasia Do Well After Hip Arthroscopy: Could Instability Be the Problem for Those Who Do Poorly? | [2023] Editorial Commentary: The Optimal Nerve Block for Hip Arthroscopy Is Undetermined. | [2023] Editorial Commentary: Diminished Hip Labral Width May Predict Inferior Outcome After Hip Femoroacetabular Impingement Surgery: Diminutive Labral Width Is a Relative Indication for Labral Reconstruction.,1.1,354.7,USA,69.2,2.1,15.1,8506498,42.2,4.3,0.167,4.2,0.63,535,,,
meta analysis and,3,2017,2024,0.412,0.341,511,"searched the cochrane (lift 42.7, wsp. 4); concluded (lift 10.1, wsp. 8); disc replacement (lift 6.8, wsp. 4); concluded that (lift 5.8, wsp. 4); attempt to (lift 4.9, wsp. 4)",[2016] A Network Meta-analysis of Outcomes of 7 Surgical Treatments for Distal Radius Fractures. | [2016] The effects of advanced age on primary total knee arthroplasty: a meta-analysis and systematic review. | [2016] How High Are Radiation-related Risks in Minimally Invasive Transforaminal Lumbar Interbody Fusion Compared With Traditional Open Surgery?: A Meta-analysis and Dose Estimates of Ionizing Radiation.,"[2023] Amputation for Complex Regional Pain Syndrome: Meta-Analysis and Validation of a Histopathology Scoring System. | [2023] The subscapularis muscle: A meta-analysis of its variations, prevalence, and anatomy. | [2023] The course of knee extensor strength after total knee arthroplasty: a systematic review with meta-analysis and -regression.",2.5,303.2,China,35.2,5.8,6.0,101265112,6.3,55.3,0.086,8.1,0.75,399,,,
return to play,3,2018,2018,0.424,0.33,633,"passive motion (lift 16.5, wsp. 4); osteochondritis dissecan (lift 14.0, wsp. 5); return of (lift 11.6, wsp. 4); iv therapeutic case (lift 11.0, wsp. 5); therapeutic case series (lift 9.7, wsp. 5)",[2018] What's New in Pediatric and Adolescent Anterior Cruciate Ligament Injuries? | [2017] Arthroscopic Shoulder Surgery in Female Professional Tennis Players: Ability and Timing to Return to Play. | [2017] Rehabilitation Principles of the Anterior Cruciate Ligament Reconstructed Knee: Twelve Steps for Successful Progression and Return to Play.,[2023] Editorial Commentary: Return to Play in Overhead Athletes After Biceps Tenodesis for SLAP Lesions Is Inconsistent. | [2023] Patient outcomes and return to play after arthroscopic rotator cuff repair in overhead athletes: a systematic review. | [2023] Tibial tubercle fractures are sports injuries in male adolescents with a considerable risk of complications and reoperations: a systematic review.,1.2,327.4,USA,57.1,2.9,13.6,7609541,19.4,13.1,,,0.79,413,,,
joint replacement registry,3,2012,2022,0.394,0.329,481,"per cent (lift 34.4, wsp. 4); hip replacement for (lift 31.1, wsp. 5); bearing surface (lift 26.3, wsp. 8); resurfacing (lift 11.5, wsp. 12); hip resurfacing (lift 9.9, wsp. 6)",[2011] Meat consumption and risk of primary hip and knee joint replacement due to osteoarthritis: a prospective cohort study. | [2011] Perioperative mortality after hemiarthroplasty related to fixation method. | [2011] Different competing risks models applied to data from the Australian Orthopaedic Association National Joint Replacement Registry.,[2023] The James A. Rand Young Investigator's Award: Increased Revision Risk With Mobile Bearings in Total Knee Arthroplasty: An Analysis of the American Joint Replacement Registry. | [2023] Are joint replacement registries associated with burden of revision changes? A real-world panel data regression analysis. | [2023] Is Enoxaparin Associated With a Higher Risk of Persistent Wound Drainage Than Aspirin? A Secondary Analysis of Data From the CRISTAL Randomized Trial.,2.9,204.7,Australia,45.4,2.7,5.7,8703515,27.2,8.5,0.1,7.0,0.8,452,,,
randomized control,2,2016,2022,0.457,0.322,547,"design prospective (lift 7.6, wsp. 5); injection of (lift 4.7, wsp. 4)",[2015] Is Prone Position Ideal for Manipulation and Pinning of Displaced Pediatric Extension-type Supracondylar Fractures of Humerus? A Randomized Control Trial. | [2015] Postoperative Rehabilitation After Hip Resurfacing: A Systematic Review. | [2015] The use of prophylactic antibiotics in treatment of fingertip amputation: a randomized prospective trial.,[2023] The Effect of a Multidimensional Home Rehabilitation Program for Post-Total Knee Arthroplasty Elderly Patients. | [2023] Comparison of the Effectiveness Between Conventional and Modified Cinch Suture Techniques in LeFort I Osteotomy: A Systematic Review and Meta-Analysis of Randomized Control Trials. | [2023] Adductor Canal Nerve Block versus Intra-articular Anesthetic in Knee Arthroscopy: A Single-Blinded Prospective Randomized Trial.,0.5,422.7,USA,24.4,8.8,9.8,8703515,5.5,62.9,0.104,6.7,0.56,440,,,
trend and,2,2023,2025,0.421,0.322,520,"computer assisted (lift 6.8, wsp. 8); disc replacement (lift 6.5, wsp. 4); rheumatoid arthritis (lift 3.7, wsp. 5); guideline for (lift 3.6, wsp. 5); discussed (lift 3.1, wsp. 7)",[2022] Trends and Complications in Spinopelvic Fixation for Deformity for Spinal Surgeons in Early Independent Practice. | [2022] National Trends for Reverse Shoulder Arthroplasty After the Affordable Care Act: An Analysis From 2011 to 2015. | [2022] Treatment of anterior shoulder instability: a bibliometric analysis.,"[2023] Vaping Trends and Outcomes in Primary Total Joint Arthroplasty Patients: An Analysis of 21,341 Patients. | [2023] Developments in the epidemiology and surgical management of patella fractures in Germany. | [2023] Surgical Trends for Managing Knee Osteonecrosis: A 2010 to 2020 United States Nationwide Study.",1.3,155.1,USA,41.7,4.4,12.6,2985248R,6.3,48.7,0.099,7.0,1.0,159,,,
endoscopic lumbar discectomy,3,2016,2024,0.371,0.319,512,"cannula (lift 99.3, wsp. 10); herniated (lift 75.3, wsp. 27); prolapse (lift 45.3, wsp. 4); the epidural (lift 32.2, wsp. 5); disc surgery (lift 31.4, wsp. 4)","[2015] Morphometric analysis of the working zone for posterolateral endoscopic lumbar discectomy based on magnetic resonance neurography. | [2015] Unsuccessful percutaneous endoscopic lumbar discectomy: a single-center experience of 10,228 cases. | [2015] Percutaneous endoscopic lumbar discectomy for a huge herniated disc causing acute cauda equina syndrome: a case report.",[2023] Retrospective Analysis of Paraspinal Muscle-Splitting Microscopic-Assisted Discectomy Versus Percutaneous Endoscopic Lumbar Discectomy for the Treatment of Far-Lateral Lumbar Disc Herniation. | [2023] Development and Validation of a Nomogram to Predict the Risk of Lumbar Disk Reherniation within 2 Years After Percutaneous Endoscopic Lumbar Discectomy. | [2023] Full-Endoscopic Lumbar Discectomy Approach Selection: A Systematic Review and Proposed Algorithm.,1.4,336.1,China,72.2,1.9,9.0,101528275,15.9,18.1,0.063,11.1,0.94,435,,,
locking plate fixation,3,2021,2021,0.343,0.314,660,"unstable distal (lift 33.8, wsp. 7); fixed angle (lift 24.2, wsp. 5); dorsally (lift 23.7, wsp. 6); the distal radius (lift 23.5, wsp. 20); and torsion (lift 22.0, wsp. 4)",[2020] Limited internal fixation combined with a joint-spanning external fixator in the treatment of Midfoot injuries in children. | [2020] Comparison of Locked Plating of Varus Displaced Proximal Humeral Fractures With and Without Fibula Allograft Augmentation. | [2020] Clinical outcomes of unstable metacarpal and phalangeal fractures treated with a locking plate system: a prospective study.,[2023] Can we safely place the distal volar locking plate screws into the subchondral zone of a distal radius fracture using a 45° supination oblique view under fluoroscopic guidance? | [2023] Complications After Volar Locking Plate Fixation of Distal Radius Fractures: A Retrospective Study of 822 Patients. | [2023] Comparison of surgical treatments for distal ulna fracture when combined with anterior locking plate fixation of distal radius in the over 70 age group.,1.3,209.3,China,21.4,9.9,6.9,100968565,6.9,33.6,,,0.82,231,,,
interbody fusion a,3,2022,2024,0.405,0.314,472,"titanium cage (lift 37.5, wsp. 7); disc space (lift 18.0, wsp. 7); neurologic deficit (lift 8.2, wsp. 4); placed in the (lift 6.3, wsp. 4); of background data (lift 6.2, wsp. 19)",[2021] Anterior Lumbar Interbody Fusion With Cage Retrieval for the Treatment of Pseudarthrosis After Transforaminal Lumbar Interbody Fusion: A Single-Institution Case Series. | [2021] Comparison of Outcomes Between Single-level Lateral Lumbar Interbody Fusion and Transforaminal Lumbar Interbody Fusion: A Meta-analysis and Systematic Review. | [2021] Use of Intraoperative Computed Tomography Improves Outcome of Minimally Invasive Transforaminal Lumbar Interbody Fusion: A Single-Center Retrospective Cohort Study.,[2023] Is unilateral pedicle screw fixation as effective as bilateral pedicle screw fixation in transforaminal lumbar interbody fusion: a meta-analysis of randomized controlled trials. | [2023] Incidence of Surgical Site Infection Following Lateral Lumbar Interbody Fusion Compared With Posterior/Transforaminal Lumbar Interbody Fusion: A Propensity Score-Weighted Study. | [2023] Biomechanical evaluation of different sizes of 3D printed cage in lumbar interbody fusion-a finite element analysis.,1.0,185.5,China,46.8,3.6,14.4,101528275,11.9,16.9,0.166,4.2,0.91,202,,,
in reverse,2,2013,2025,0.381,0.313,521,"shoulder prosthesis (lift 75.1, wsp. 13); cadaveric shoulder (lift 48.3, wsp. 9); rim of (lift 44.5, wsp. 4); shoulder the (lift 34.9, wsp. 7); of loosening (lift 10.7, wsp. 4)",[2012] Preventing postoperative congestion in reverse pedicle digital island flaps when reconstructing composite tissue defects in the fingertip: a patient series. | [2012] Reverse total shoulder arthroplasty: radiological and clinical result using an eccentric glenosphere. | [2012] Accuracy of obtaining optimal base plate declination in reverse shoulder arthroplasty.,"[2023] [Revision surgery in reverse shoulder arthroplasty : Management of the most common complications]. | [2023] Analysis and 3D correction of glenoid dysplasia with metal hemi-wedge base plate augment: short-term radiographic outcomes. | [2023] Longitudinal analysis of shoulder arthroplasty utilization, clinical outcomes, and value: a comparative assessment of changes in improvement over 15 years with a single platform shoulder prosthesis.",1.1,372.2,USA,35.5,6.3,8.0,9206499,43.7,4.9,0.068,10.3,1.0,465,,,
mid term outcome,3,2013,2025,0.428,0.311,470,"treatment of the (lift 7.7, wsp. 4); term result (lift 7.6, wsp. 11); term result of (lift 6.5, wsp. 4); good in (lift 5.4, wsp. 4); osteolysis (lift 5.2, wsp. 5)","[2012] Is digital arteries recanalization useful to preserve the foot functionality and avoid toes amputation, after pedal recanalization? Clinical results. | [2012] Mid-term outcome of opening-wedge high tibial osteotomy for varus arthritic knees. | [2012] Rotating-hinge total knee for revision total knee arthroplasty.",[2023] Short- to mid-term outcome and complications of closing tibial wedge osteotomy using anatomically contoured locking compression plates in small to medium breed dogs. | [2023] Influence of crural vessel run-off on short- and mid-term outcomes following femoro-popliteal bypass grafting. | [2023] Comparison of traditional PS versus kinematically designs in primary total knee arthroplasty.,1.0,385.2,USA,21.8,11.0,7.1,9314730,6.4,40.3,0.092,7.5,1.0,420,,,
in adult spinal,3,2021,2025,0.462,0.309,417,"background data the (lift 26.4, wsp. 9); rhbmp 2 (lift 22.4, wsp. 4); rhbmp (lift 19.8, wsp. 4); summary of background (lift 14.1, wsp. 38); of background data (lift 13.9, wsp. 37)",[2020] Effective Prevention of Proximal Junctional Failure in Adult Spinal Deformity Surgery Requires a Combination of Surgical Implant Prophylaxis and Avoidance of Sagittal Alignment Overcorrection. | [2020] Should Thoracolumbar Junction Be Always Avoided as Upper Instrumented Vertebra in Long Instrumented Fusion for Adult Spinal Deformity?: Risk Factor Analysis for Proximal Junctional Failure. | [2020] Differences in lumbar segment angle among Roussouly types of global sagittal alignment in asymptomatic adult subjects.,"[2023] Letter to the editor regarding ""Surgical site infection a major risk factor of pseudarthrosis in adult spinal deformity surgery"" by Boishardy et al. | [2023] Effects of Perioperative Teriparatide Treatment on the Hounsfield Unit Values at the Upper Instrumented Vertebra in Adult Spinal Deformity Surgery. | [2023] Association of spinopelvic index with proximal junctional failure developing in adult spinal deformity after surgical treatment: an observational study.",4.0,131.8,USA,49.2,3.5,12.3,7610646,16.3,12.0,0.174,4.0,1.0,227,,,
analysis from,2,2017,2025,0.408,0.306,444,,[2016] Benefit of Transforaminal Lumbar Interbody Fusion vs Posterolateral Spinal Fusion in Lumbar Spine Disorders: A Propensity-Matched Analysis From the National Neurosurgical Quality and Outcomes Database Registry. | [2016] International metal-on-metal multidisciplinary teams: do we manage patients with metal-on-metal hip arthroplasty in the same way? An analysis from the International Specialist Centre Collaboration on MOM Hips (ISCCoMH). | [2016] Description of load progression and pain response during progressive resistance training early after total hip arthroplasty: secondary analyses ,[2023] Trends of Venous Thromboembolism After Total Hip Arthroplasty in the United States: Analysis From 2011 to 2019. | [2023] Lateral Mass Screws Versus Pedicle Screws at C7: Reoperation Rates for Operative Adjacent Segment Disease and Nonunion in Posterior Cervical Fusion. | [2023] Problematic opioid use among osteoarthritis patients with chronic post-operative pain after joint replacement: analyses from the BISCUITS study.,1.1,296.4,USA,33.1,6.3,10.0,8703515,9.5,43.4,0.089,7.8,1.0,349,,,
protocol for a,3,2015,2025,0.462,0.305,509,"the usual (lift 27.2, wsp. 4); of tissue (lift 10.0, wsp. 4); a group of (lift 6.4, wsp. 4); together with (lift 6.2, wsp. 4); this group (lift 5.8, wsp. 4)","[2014] Targeted rehabilitation to improve outcome after total knee replacement (TRIO): study protocol for a randomised controlled trial. | [2014] CERAMENT treatment of fracture defects (CERTiFy): protocol for a prospective, multicenter, randomized study investigating the use of CERAMENT™ BONE VOID FILLER in tibial plateau fractures. | [2014] Effectiveness of mechanical traction as a non-surgical treatment for carpal tunnel syndrome compared to care as usual: study protocol for a randomized controlled trial.",[2023] Surgical treatment of neuromuscular Early Onset Scoliosis with a bilateral posterior one-way rod compared to the Spring Distraction System: study protocol for a limited-efficacy Randomized Controlled Trial (BiPOWR). | [2023] Effect of dexmedetomidine on postoperative cognitive dysfunction in elderly patients undergoing orthopaedic surgery: study protocol for a randomized controlled trial. | [2023] Lateral compression type 1 fracture fixation in the elderly (L1FE): study protocol for a randomised controlled trial (with internal pilot) comparing the effects of INFIX surgery and non-surgic,0.6,454.2,China,22.4,9.2,4.7,101263253,33.0,4.7,0.062,11.1,1.0,464,,,
open wedge high,3,2015,2022,0.339,0.303,514,"tibiae (lift 23.6, wsp. 5); therapeutic case series (lift 19.7, wsp. 7); the articular cartilage (lift 19.5, wsp. 4); iv therapeutic case (lift 18.6, wsp. 6); of articular cartilage (lift 18.0, wsp. 4)",[2014] Does obesity and nicotine abuse influence the outcome and complication rate after open-wedge high tibial osteotomy? A retrospective evaluation of five hundred and thirty three patients. | [2014] No correction angle loss with stable plates in open-wedge high tibial osteotomy. | [2014] A matched-pair comparison of two different locking plates for valgus-producing medial open-wedge high tibial osteotomy: peek-carbon composite plate versus titanium plate.,"[2023] Similar short-term KOOS between open-wedge high tibial osteotomy and total knee arthroplasty in patients over age 60: A propensity score-matched cohort study. | [2023] Preoperative overweight and obesity do not cause inferior outcomes following open-wedge high tibial osteotomy: A retrospective cohort study of 123 patients. | [2023] Cartilage degeneration of patellofemoral joint occurs in open wedge high tibial osteotomy, rather than in hybrid closed wedge high tibial osteotomy, during the early postoperative period: A qualitative analysis using MRI T2 mapping.",1.6,256.9,South Korea,31.7,5.2,4.9,9314730,17.2,14.3,0.124,5.6,0.65,425,,,
residency,1,2019,2022,0.47,0.302,453,"pregnancy (lift 23.4, wsp. 4); were given (lift 11.5, wsp. 5); attempt to (lift 5.2, wsp. 5); experience with (lift 5.0, wsp. 8); a result of (lift 4.0, wsp. 5)",[2018] Residency Diary: Fight With Everything You Have. | [2018] Orthopaedic Surgery Residency Rotations and Correlation With Orthopaedic In-Training Examination Performance. | [2018] Surgical skills: Can learning curves be computed from recordings of surgical activities?,[2023] Matching into Orthopedic Surgery in the U.S. Navy: A Review of Applicant Selection Criteria. | [2023] Are we getting better at cementing femoral stems in total hip arthroplasty? A 5-year institutional trend. | [2023] Health and Socioeconomic Risk Factors for Unplanned Hospitalization Following Ambulatory Unicompartmental Knee Arthroplasty: Development of a Patient Selection Tool Using Machine Learning.,1.0,299.8,USA,82.3,1.5,21.0,9417468,13.7,16.7,0.151,4.6,0.31,315,,,
robotic arm,2,2018,2024,0.391,0.3,341,"case in which (lift 14.6, wsp. 4); three case (lift 9.5, wsp. 4)",[2017] Feasibility of laser-guided percutaneous pedicle screw placement in the lumbar spine using a hybrid-OR. | [2017] Robotic guided waterjet cutting technique for high tibial dome osteotomy: A pilot study. | [2017] Robotic-arm assisted partial knee arthroplasty: a single centre experience.,"[2023] Avoiding Lateral Laxity in Robotic Arm-Assisted Total Knee Arthroplasty-A Surgical Technique Describing a New Method of Gap Capture and Balancing Strategy. | [2023] No difference in clinical outcomes between functionally aligned cruciate-retaining and posterior-stabilized robotic-assisted total knee arthroplasty. | [2023] Mid-Term Survivorship, Radiographic and Functional Outcomes of Robotic-Assisted Unicompartmental Knee Arthroplasty.",4.5,141.2,USA,30.8,6.1,6.5,101599229,9.9,23.1,0.203,3.4,0.77,292,,,
matched cohort study,3,2018,2025,0.395,0.299,393,"this group (lift 5.3, wsp. 4); on the basis (lift 3.2, wsp. 4); the basis of (lift 3.0, wsp. 4)",[2017] The Frank Stinchfield Award : Total Hip Arthroplasty for Femoral Neck Fracture Is Not a Typical DRG 470: A Propensity-matched Cohort Study. | [2018] Perioperative Complication Rates in Pediatric Total Joint Arthroplasty Patients Compared With Adults: Results of a Matched Cohort Study. | [2017] Cost-Utility Analysis of Pedicle Screw Removal After Successful Posterior Instrumented Fusion in Thoracolumbar Burst Fractures.,[2023] Similar short-term KOOS between open-wedge high tibial osteotomy and total knee arthroplasty in patients over age 60: A propensity score-matched cohort study. | [2023] Does the use of postoperative brace help preventing mechanical complications following adult deformity surgery? | [2023] Comparison of Humeral-Head Replacement with Glenoid-Reaming Arthroplasty (Ream and Run) Versus Anatomic Total Shoulder Arthroplasty: A Matched-Cohort Study.,1.3,272.8,USA,41.9,4.9,10.8,8703515,15.4,24.4,0.118,5.9,1.0,305,,,
biportal endoscopic,2,2022,2025,0.508,0.299,255,"epidural hematoma (lift 57.0, wsp. 8); decompressive laminectomy (lift 50.8, wsp. 5); herniated (lift 40.3, wsp. 14); decompressive (lift 30.5, wsp. 9); microscope (lift 20.9, wsp. 5)","[2021] Clinical Comparison of Unilateral Biportal Endoscopic Laminectomy versus Microendoscopic Laminectomy for Single-Level Laminectomy: A Single-Center, Retrospective Analysis. | [2021] Postoperative spinal epidural hematoma in a biportal endoscopic spine surgery. | [2021] Modified far lateral endoscopic transforaminal lumbar interbody fusion using a biportal endoscopic approach: technical report and preliminary results.",[2023] A Low-Cost Mobile Training Model for Biportal Endoscopic Spinal Surgery. | [2023] Comparison of Clinical Outcomes and Muscle Invasiveness between Unilateral Biportal Endoscopic Discectomy and Percutaneous Endoscopic Interlaminar Discectomy for Lumbar Disc Herniation at L5/S1 Level. | [2023] Transforaminal Interbody Fusion Using the Unilateral Biportal Endoscopic Technique Compared With Transforaminal Lumbar Interbody Fusion for the Treatment of Lumbar Spine Diseases: Analysis of Clinical and Radiological Outcomes.,3.4,148.3,China,67.9,2.0,5.3,101528275,14.0,17.1,0.201,3.4,1.0,207,,,
neck fracture a,3,2023,2024,0.371,0.299,438,"hip replacement in (lift 9.6, wsp. 4); cancellous (lift 5.0, wsp. 8); total hip replacement (lift 3.7, wsp. 8); hip replacement (lift 3.6, wsp. 12); dislocation of (lift 3.6, wsp. 4)",[2022] Osteosynthesis of scapular fractures: a retrospective cohort study. | [2022] Management of Postoperative Infection After Fixation of a Delbet Type III Pediatric Femoral Neck Fracture: A Case Report. | [2022] A Comparative Analysis of Femoral Neck System and Three Cannulated Screws Fixation in the Treatment of Femoral Neck Fractures: A Six-Month Follow-Up.,[2023] Novel screw fixation placement configuration for the treatment of Pauwels type III femoral neck fractures: a finite element analysis. | [2023] How to choose the suitable FNS specification in young patients with femoral neck fracture: A finite element analysis- letter to editor. | [2023] Internal Fixation Versus Hemiarthroplasty for Nondisplaced Femoral Neck Fractures: A Systematic Review and Meta-Analysis.,2.7,131.4,China,45.7,4.2,7.4,101265112,12.8,20.4,,,0.92,149,,,
cephalomedullary,1,2019,2021,0.343,0.298,459,"of the nail (lift 51.7, wsp. 14); the trochanteric (lift 46.6, wsp. 6); gamma (lift 29.8, wsp. 8); the unstable (lift 25.5, wsp. 5); the tip of (lift 22.6, wsp. 10)",[2018] Does the Angle of the Nail Matter for Pertrochanteric Fracture Reduction? Matching Nail Angle and Native Neck-Shaft Angle. | [2018] Comparison of a twin interlocking derotation and compression screw cephalomedullary nail (InterTAN) with a single screw derotation cephalomedullary nail (proximal femoral nail antirotation): a systematic review and meta-analysis for intertrochanteric fractures. | [2018] What Is the Influence of a Delay to Surgery >24 Hours on the Rate of Red Blood Cell Transfusion in Elderly Patients With Intertrochanteric or Subtrochanteric Hip Fractures Treated With Cepha,[2023] Improving Cephalad Lag Screw Placement in the Femoral Head During Cephalomedullary Nailing Using a Novel Augmented Reality System. | [2023] Conversion total hip arthroplasty following proximal femur fracture: A retrospective analysis. | [2023] Rotational Instability and Complications Following Extracapsular Hip Fracture Fixation.,1.8,231.8,USA,26.1,8.3,8.1,0226040,18.7,15.0,0.254,2.7,0.76,284,,,
deep learning,2,2020,2025,0.482,0.292,247,"acetabular component (lift 6.3, wsp. 4)",[2019] Preoperative Prediction of Value Metrics and a Patient-Specific Payment Model for Primary Total Hip Arthroplasty: Development and Validation of a Deep Learning Model. | [2019] Predicting Inpatient Payments Prior to Lower Extremity Arthroplasty Using Deep Learning: Which Model Architecture Is Best? | [2019] Deep Learning Preoperatively Predicts Value Metrics for Primary Total Knee Arthroplasty: Development and Validation of an Artificial Neural Network Model.,[2023] Simulation of Postoperative Facial Appearances via Geometric Deep Learning for Efficient Orthognathic Surgical Planning. | [2023] A review of advances in image-guided orthopedic surgery. | [2023] Machine learning in 3D auto-filling alveolar cleft of CT images to assess the influence of alveolar bone grafting on the development of maxilla.,1.7,197.9,USA,32.4,5.1,9.9,8703515,9.9,38.9,0.278,2.5,1.0,232,,,
a scoping review,3,2021,2025,0.462,0.288,254,"give (lift 4.8, wsp. 4); animal (lift 3.7, wsp. 5)",[2020] Development of a core outcome set for lower limb orthopaedic surgical interventions in ambulant children and young people with cerebral palsy: a study protocol. | [2020] There Is Limited and Inconsistent Reporting of Postoperative Rehabilitation for Femoroacetabular Impingement Syndrome: A Scoping Review of 169 Studies. | [2020] Acetabular Component Migration Measured Using Radiostereometric Analysis Following Revision Total Hip Arthroplasty: A Scoping Review.,[2023] Elbow joint biomechanics during ADL focusing on total elbow arthroplasty - a scoping review. | [2023] Should orthognathic surgery be performed in growing patients? A scoping review. | [2023] Return to Pivoting Sports after Cartilage Repair Surgery of the Knee: A Scoping Review.,0.9,204.3,USA,22.1,10.2,8.0,100968565,4.2,69.1,0.268,2.6,1.0,212,,,
in older adult,3,2019,2025,0.468,0.287,400,"the wrist and (lift 66.9, wsp. 7); the wrist (lift 12.3, wsp. 8); replacement the (lift 6.8, wsp. 4); this group (lift 5.3, wsp. 4); molecular (lift 5.0, wsp. 4)",[2018] Balance Training With a Dynamometric Platform Following Total Knee Replacement: A Randomized Controlled Trial. | [2018] TNF-α and sTNF-RII Are Associated with Pain Following Hip Fracture Surgery in Older Adults. | [2018] Age- and sex-based recovery curves to track functional outcomes in older adults with total knee arthroplasty.,"[2023] A Genome-Wide Association Study Meta-Analysis of Alpha Angle Suggests Cam-Type Morphology May Be a Specific Feature of Hip Osteoarthritis in Older Adults. | [2023] Clinical Features, Inflammatory Markers, and Limb Salvage in Older Adults with Diabetes-Related Foot Infections. | [2023] Lateral compression type 1 fracture fixation in the elderly (L1FE): study protocol for a randomised controlled trial (with internal pilot) comparing the effects of INFIX surgery and non-surgical management for treating patients with lateral compression type 1 (LC-1) fragility fractures.",1.5,246.0,USA,28.7,8.3,7.3,100968565,4.7,79.2,0.125,5.5,1.0,273,,,
short stem,2,2011,2017,0.39,0.286,543,"hip replacement with (lift 29.5, wsp. 4); the mean harris (lift 23.0, wsp. 4); mean harris hip (lift 21.3, wsp. 5); hip prosthesis (lift 20.9, wsp. 7); femora (lift 20.1, wsp. 4)",[2010] Long-stem versus short-stem preformed antibiotic-loaded cement spacers for two-stage revision of infected total hip arthroplasty. | [2010] Mid-term results of 155 patients treated with a collum femoris preserving (CFP) short stem prosthesis. | [2010] Learning curve and short-term results with a short-stem CFP system.,[2023] Are Short Stems Associated With Higher Fracture Rates and Early Revision Rates in Primary Total Hip Arthroplasty? A Noninferiority Analysis. | [2023] [Revision of anatomic shoulder arthroplasty]. | [2023] A propensity score-matched analysis on the impact of patient and surgical factors on early periprosthetic joint infection in minimally invasive anterolateral and transgluteal total hip arthroplasty.,2.3,281.7,Germany,24.1,10.0,9.8,9011043,12.5,21.6,0.178,3.9,0.6,520,,,
arthroscopy for femoroacetabular,3,2018,2025,0.301,0.283,368,"chondral defect (lift 24.9, wsp. 5); therapeutic case series (lift 21.6, wsp. 6); iv therapeutic case (lift 20.3, wsp. 5); by use of (lift 15.0, wsp. 4); hip the (lift 12.4, wsp. 5)",[2018] Clinically Meaningful Improvements After Hip Arthroscopy for Femoroacetabular Impingement in Adolescent and Young Adult Patients Regardless of Gender. | [2017] What Are the Risk Factors for Revision Surgery After Hip Arthroscopy for Femoroacetabular Impingement at 7-year Followup? | [2017] Brake Reaction Time After Hip Arthroscopy for Femoroacetabular Impingement and Labral Tear.,[2023] Patients With Low-Grade Lumbosacral Transitional Vertebrae Demonstrate No Difference in Achievement of Clinical Thresholds After Hip Arthroscopy for Femoroacetabular Impingement Syndrome. | [2023] Majority of competitive soccer players return to soccer following hip arthroscopy for femoroacetabular impingement: female and older aged players are less likely to return to soccer. | [2023] Class I Obesity Delays Achievement of Patient-Acceptable Symptom State but Not Minimum Clinically Important Difference or Substantial Clinical Benefit After Primary Hip Arthroscopy for Femoroacetabular Im,2.2,175.2,USA,76.2,1.7,9.5,8506498,44.9,3.6,0.05,13.9,1.0,316,,,
a narrative review,3,2019,2022,0.339,0.279,296,"literature we (lift 22.5, wsp. 4); of tissue (lift 11.5, wsp. 4); guideline for (lift 9.8, wsp. 6); replaced (lift 9.2, wsp. 4); give (lift 5.2, wsp. 4)",[2018] Grave fraudulence in medical device research: a narrative review of the PIN seeding study for the Pinnacle hip system. | [2018] Clinical applications of Natural Bone Morphoproteins in dentistry: a narrative review. | [2018] Manipulation under anesthesia following total knee arthroplasty: a comprehensive review of literature.,"[2023] Answer to the Letter to the Editor of K. Minami, et al. concerning ""An unexpected connection: A narrative review of the associations between gut microbiome and musculoskeletal pain"" by Tonelli et al. (Eur Spine J; 2022: doi:10.1007/s00586-022-07429-y). | [2023] Letter to the Editor concerning ""An unexpected connection: a narrative review of the associations between gut microbiome and musculoskeletal pain"" by Tonelli et al. (Eur Spine J; 2022: doi:10.1007/s00586-022-07429-y). | [2023] Achieving Precise Cup Positioning in Direct Anterior Total Hip Arthroplasty: A Narrative Review.",1.2,238.3,USA,31.8,7.5,10.6,9425208,6.1,62.1,0.389,1.8,0.99,246,,,
a matched cohort,3,2016,2023,0.361,0.277,444,"this group (lift 12.1, wsp. 9); in this group (lift 9.3, wsp. 4); hip in (lift 6.6, wsp. 5); a group of (lift 6.2, wsp. 4); followup (lift 5.2, wsp. 5)",[2015] Operative versus nonoperative treatment of displaced proximal humeral physeal fractures: a matched cohort. | [2015] Mesenchymal stem cell allograft as a fusion adjunct in one- and two-level anterior cervical discectomy and fusion: a matched cohort analysis. | [2015] Outcome and value of reverse shoulder arthroplasty for treatment of glenohumeral osteoarthritis: a matched cohort.,[2023] Comparison of Humeral-Head Replacement with Glenoid-Reaming Arthroplasty (Ream and Run) Versus Anatomic Total Shoulder Arthroplasty: A Matched-Cohort Study. | [2023] Superior Outcomes With Reverse Shoulder Arthroplasty versus Nonoperative Management for Proximal Humerus Fractures: A Matched Cohort Analysis. | [2023] Long-term aesthetic and photogrammetric outcomes in non-syndromic unicoronal synostosis: comparison of fronto-orbital distraction osteogenesis and fronto-orbital advancement and remodeling.,1.4,322.8,USA,66.3,2.2,18.0,8703515,17.7,17.9,0.097,7.2,0.78,362,,,
nomogram,1,2020,2025,0.408,0.276,265,,[2019] Predicting Clinical Outcomes Following Surgical Correction of Adult Spinal Deformity. | [2019] Predicting Discharge Disposition After Shoulder Arthroplasty in the United States. | [2019] Predictors of responders to mononuclear stem cell-based therapeutic angiogenesis for no-option critical limb ischemia.,[2023] Development and Validation of a Nomogram to Predict the Risk of Lumbar Disk Reherniation within 2 Years After Percutaneous Endoscopic Lumbar Discectomy. | [2023] Establishment and Verification of a Predictive Nomogram for New Vertebral Compression Fracture Occurring after Bone Cement Injection in Middle-Aged and Elderly Patients with Vertebral Compression Fracture. | [2023] A nomogram for predicting residual low back pain after percutaneous kyphoplasty in osteoporotic vertebral compression fractures.,0.9,208.8,China,89.7,1.2,4.1,100968565,9.5,25.0,0.275,2.5,1.0,222,,,
adductor canal,2,2014,2019,0.4,0.276,462,"continuous femoral (lift 117.6, wsp. 12); continuous infusion (lift 82.7, wsp. 6); bolus (lift 39.2, wsp. 5); epidural analgesia (lift 36.8, wsp. 4); weakness of (lift 31.7, wsp. 4)",[2013] Continuous saphenous nerve block as supplement to single-dose local infiltration analgesia for postoperative pain management after total knee arthroplasty. | [2013] Analgesic efficacy of ultrasound-guided adductor canal blockade after arthroscopic anterior cruciate ligament reconstruction: a randomised controlled trial. | [2013] The impact of analgesic modality on early ambulation following total knee arthroplasty.,"[2023] [Research progress on analgesic effect of adductor canal block after knee arthroplasty]. | [2023] Effects of a Continuous Adductor Canal Block After Total Knee Arthroplasty. | [2023] Is Local Infiltration Analgesia the Preferred Analgesic Approach for Total Knee Arthroplasty?: Commentary on an article by Caroline Pic, MD, et al.: ""No Benefit of Adductor Canal Block Compared with Anterior Local Infiltration Analgesia in Primary Total Knee Arthroplasty. A Single-Blinded Randomized Controlled Clinical Trial"".",1.3,336.2,USA,32.2,5.1,11.3,8703515,11.8,27.9,0.162,4.3,0.69,451,,,
distal femur fracture,3,2023,2024,0.304,0.271,429,"with locked (lift 78.4, wsp. 7); endosteal (lift 42.2, wsp. 4); stabilization system (lift 39.3, wsp. 5); of a case (lift 32.9, wsp. 4); callus (lift 15.4, wsp. 11)","[2022] Distal Femur Replacement Versus Open Reduction and Internal Fixation for Treatment of Periprosthetic Distal Femur Fractures: A Systematic Review and Meta-Analysis. | [2022] To Fix or Revise: Differences in Periprosthetic Distal Femur Fracture Management Between Trauma and Arthroplasty Surgeons. | [2022] Optimal blocking screw placement for retrograde IM nail fixation of distal femur fracture: a standardized biomechanical study of ""osteoporotic"" synthetic bone.",[2023] Augmented fixation in distal femur fractures: how does it fare? | [2023] Analysis of 101 Mechanical Failures in Distal Femur Fractures Treated with 3 Generations of Precontoured Locking Plates. | [2023] Technical Trick: Supplemental Medial Column Screw Fixation of Distal Femur Fractures Treated With a Laterally Based Locked Plate.,2.3,117.0,USA,52.4,3.4,18.0,8807705,24.2,9.1,,,0.95,128,,,
lateral interbody fusion,3,2012,2022,0.332,0.265,460,"visceral (lift 61.4, wsp. 5); disc space (lift 46.5, wsp. 13); the disc space (lift 42.3, wsp. 5); space the (lift 42.3, wsp. 4); pedicle screw instrumentation (lift 25.4, wsp. 4)",[2011] Extreme lateral interbody fusion approach for isolated thoracic and thoracolumbar spine diseases: initial clinical experience and early outcomes. | [2011] Minimally invasive lumbar interbody fusion in patients older than 70 years of age: analysis of peri- and postoperative complications. | [2011] Intraoperative and early postoperative complications in extreme lateral interbody fusion: an analysis of 600 cases.,[2023] A biomechanical comparison of posterior fixation approaches in lumbar fusion using computed tomography based lumbosacral spine modelling. | [2023] [Application of oblique lateral interbody fusion in the treatment of lumbar intervertebral disc degeneration in patients with Modic change and endplate sclerosis]. | [2023] Early effect of standalone oblique lateral interbody fusion vs. combined with lateral screw fixation of the vertebral body on single-level lumbar degenerative disc disease: A pilot study.,1.9,274.2,China,32.2,4.5,8.4,101528275,13.1,19.4,0.081,8.6,0.81,427,,,
fracture related,2,2021,2025,0.375,0.265,332,"treatment of fracture (lift 27.9, wsp. 5); impossible (lift 15.5, wsp. 4); excellent in (lift 5.1, wsp. 4); died (lift 4.9, wsp. 7); stabilization of (lift 4.5, wsp. 4)",[2020] The Not-So-Simple Ankle Fracture: Avoiding Problems and Pitfalls to Improve Patient Outcome. | [2020] Postoperative physical activity in orthogeriatric patients - new insights with continuous monitoring. | [2020] Effect of Incisional Negative Pressure Wound Therapy vs Standard Wound Dressing on Deep Surgical Site Infection After Surgery for Lower Limb Fractures Associated With Major Trauma: The WHIST Randomized Clinical Trial.,[2023] Percutaneous Reduction and Provisional Pinning of the Distal Fibula: A Novel Way to Maintain Fibular Length in Temporary Stabilization. | [2023] Implant retention with serial debridement and use of antibiotic-loaded calcium sulfate beads in acute fracture-related infection (FRI) after pelvic ring or acetabular fractures: A retrospective case series of 7 cases. | [2023] The modified 5-item frailty index determines the length of hospital stay and accompanies with mortality rate in patients with bone and implant-associated infections after trauma and orthopedic surgery.,1.0,178.5,USA,29.9,8.0,9.2,0226040,22.1,13.2,0.122,5.7,1.0,195,,,
a multicenter retrospective,3,2016,2023,0.346,0.264,362,"the thoracic (lift 10.3, wsp. 4); of background data (lift 3.6, wsp. 6); summary of background (lift 3.6, wsp. 6)",[2015] Treatment of femur fractures in young children: a multicenter comparison of flexible intramedullary nails to spica casting in young children aged 2 to 6 years. | [2015] Multicenter Outcomes of Endoscopic Pubic Symphysectomy for Osteitis Pubis Associated With Femoroacetabular Impingement. | [2015] Effects of Concomitant Methotrexate on Large Joint Replacement in Patients With Rheumatoid Arthritis Treated With Tumor Necrosis Factor Inhibitors: A Multicenter Retrospective Cohort Study in Japan.,"[2023] Radiographic alignment outcomes after the single-position prone transpsoas approach: a multi-institutional retrospective review of 363 cases. | [2023] Clinical and Radiographic Outcomes of a Monoblock Fluted Titanium-Tapered Stem for Paprosky IIIa, IIIb, and IV Femoral Bone Defects. | [2023] Prognostic factors associated with failure to return to sport following primary arthroscopic Bankart repair: a retrospective multicenter study.",0.7,281.8,USA,35.8,5.4,9.8,9206499,8.4,35.2,0.146,4.8,0.89,297,,,
oblique lumbar interbody,3,2019,2023,0.308,0.262,277,"disc level (lift 50.2, wsp. 4); disc were (lift 47.7, wsp. 4); disc space (lift 28.2, wsp. 6); the disc (lift 21.0, wsp. 7); been no (lift 13.1, wsp. 4)",[2018] Intraoperative Computed Tomography Navigational Assistance for Transforaminal Endoscopic Decompression of Heterotopic Foraminal Bone Formation After Oblique Lumbar Interbody Fusion. | [2018] Learning Curve of Minimally Invasive Surgery Oblique Lumbar Interbody Fusion for Degenerative Lumbar Diseases. | [2018] Clinical and Radiologic Outcomes of Direct Versus Indirect Decompression with Lumbar Interbody Fusion: A Matched-Pair Comparison Analysis.,[2023] Computational comparison of anterior lumbar interbody fusion and oblique lumbar interbody fusion with various supplementary fixation systems: a finite element analysis. | [2023] An update of interbody cages for spine fusion surgeries: from shape design to materials. | [2023] Acceptable Fusion Rate of Single-Level OLIF Using Pure Allograft Combined with Posterior Instrumentation through the Wiltse Approach: A 2-Year Follow-Up Study.,1.2,206.6,China,66.1,2.2,4.8,101528275,16.7,15.5,0.143,4.9,0.89,251,,,
for adult spinal,3,2016,2023,0.323,0.262,371,"object (lift 17.6, wsp. 9); thoracic spine (lift 10.7, wsp. 4); of background data (lift 9.2, wsp. 20); summary of background (lift 9.2, wsp. 20); bone morphogenetic protein (lift 6.7, wsp. 4)","[2015] Time to development, clinical and radiographic characteristics, and management of proximal junctional kyphosis following adult thoracolumbar instrumented fusion for spinal deformity. | [2015] Proximal Junctional Failure After Long-Segment Instrumentation for Degenerative Lumbar Kyphosis With Ankylosing Spinal Disorder. | [2015] Complications and neurological deficits following minimally invasive anterior column release for adult spinal deformity: a retrospective study.",[2023] Does the Global Alignment and Proportion score predict mechanical complications in circumferential minimally invasive surgery for adult spinal deformity? | [2023] Junctional Kyphosis after Correction with Long Instrumentation for Late Posttraumatic Thoracolumbar Kyphosis: Characteristics and Risk Factors. | [2023] Effects of Perioperative Teriparatide Treatment on the Hounsfield Unit Values at the Upper Instrumented Vertebra in Adult Spinal Deformity Surgery.,2.2,213.3,USA,44.8,3.6,13.7,7610646,15.9,12.0,0.089,7.8,0.83,321,,,
lateral extra articular,3,2019,2025,0.395,0.262,273,"sectioned (lift 57.4, wsp. 5); posterior to the (lift 40.4, wsp. 4); reviewed at (lift 33.0, wsp. 5); in association with (lift 17.2, wsp. 4); portal (lift 8.4, wsp. 4)","[2018] Editorial Commentary: Filling the Void in Translational Research for Lateral Extra-articular Tenodesis for Anterior Cruciate Ligament Reconstruction: Are We Saturated With Biomechanical Studies? | [2018] Lateral Augmentation Procedures in Anterior Cruciate Ligament Reconstruction: Anatomic, Biomechanical, Imaging, and Clinical Evidence. | [2018] The anterolateral complex of the knee: results from the International ALC Consensus Group Meeting.","[2023] Editorial Commentary: Autograft, Early Surgery, 2-Stage Surgery for 1 cm of Tunnel Widening or Greater, and Anterolateral Ligament Reconstruction or Lateral Extra-articular Tenodesis May Improve Outcomes of Anterior Cruciate Ligament Revision Surgery. | [2023] Editorial Commentary: During Anterior Cruciate Ligament Reconstruction, Lateral Extra-Articular Procedures Have Risks and Should be Reserved for Proper Indications: Do Not LET ALL Revision Anterior Cruciate Ligament Reconstructions Be the Same. | [2023] No increase in adverse events with lateral extra-articular tenodesis augmentat",1.3,181.1,USA,28.2,8.1,14.0,8506498,28.9,6.4,0.184,3.8,1.0,235,,,
reported outcome after,3,2014,2022,0.318,0.257,412,"therapeutic study see (lift 15.9, wsp. 5); study see (lift 12.1, wsp. 5); followup (lift 6.6, wsp. 5); total hip replacement (lift 3.2, wsp. 4)","[2013] Segmental mobility, disc height and patient-reported outcomes after surgery for degenerative disc disease: a prospective randomised trial comparing disc replacement and multidisciplinary rehabilitation. | [2013] Effect of meniscal and focal cartilage lesions on patient-reported outcome after anterior cruciate ligament reconstruction: a nationwide cohort study from Norway and Sweden of 8476 patients with 2-year follow-up. | [2013] Consistency of reported outcomes after arthroscopic management of femoroacetabular impingement.",[2023] Editorial Commentary: Understanding the Gap in Clinical Outcomes After Rotator Cuff Repair Based on the Influence of Social Determinants of Health. | [2023] Identifying Health-Related Quality of Life Domains After Upper Extremity Transplantation. | [2023] Long-term patient-reported outcomes after anterior distraction osteogenesis of the maxilla in patients with cleft.,1.3,342.8,USA,44.7,4.5,11.2,8703515,9.3,28.1,0.148,4.7,0.9,374,,,
unilateral biportal,2,2022,2025,0.508,0.257,205,"epidural hematoma (lift 86.6, wsp. 9); decompressed (lift 52.6, wsp. 4); disc was (lift 46.9, wsp. 4); microscope (lift 22.6, wsp. 4); decompression of the (lift 21.1, wsp. 4)","[2021] Clinical Comparison of Unilateral Biportal Endoscopic Laminectomy versus Microendoscopic Laminectomy for Single-Level Laminectomy: A Single-Center, Retrospective Analysis. | [2021] Analysis of risk factors for perioperative hidden blood loss in unilateral biportal endoscopic spine surgery: a retrospective multicenter study. | [2021] Clinical comparison of unilateral biportal endoscopic discectomy with percutaneous endoscopic lumbar discectomy for single l4/5-level lumbar disk herniation.",[2023] Comparison of Clinical Outcomes and Muscle Invasiveness between Unilateral Biportal Endoscopic Discectomy and Percutaneous Endoscopic Interlaminar Discectomy for Lumbar Disc Herniation at L5/S1 Level. | [2023] [Comparison of mid-term effectiveness of unilateral biportal endoscopy-transforaminal lumbar interbody fusion with minimally invasive surgery-transforaminal lumbar interbody fusion assisted with three-dimensional microscope in treating lumbar spondylolisthesis]. | [2023] Transforaminal Interbody Fusion Using the Unilateral Biportal Endoscopic Technique Compared With Transforaminal,3.2,146.6,China,84.7,1.4,4.8,101265112,13.4,14.8,0.292,2.4,1.0,186,,,
reported outcome in,3,2017,2025,0.328,0.253,354,"form 36 sf (lift 16.8, wsp. 4); resurfacing (lift 5.0, wsp. 4); rheumatoid arthritis (lift 4.9, wsp. 4)",[2016] Efficacy of Preoperative Progressive Resistance Training on Postoperative Outcomes in Patients Undergoing Total Knee Arthroplasty. | [2016] Diabetes Is Related to Worse Patient-Reported Outcomes at Two Years Following Spine Surgery. | [2016] Risk of insufficient internal rotation after bilateral reverse shoulder arthroplasty: clinical and patient-reported outcome in 57 patients.,[2023] Does Surgical Approach to the Hip Play a Role in Same-Day Discharge Outcomes? | [2023] Does Matching Femoral Size and Shape Improve Bone Fit and Patient-reported Outcomes in TKA? A Matched Controlled Study. | [2023] Surgical Treatment of Superior Labral/Biceps Pathology in the Overhead Thrower.,0.7,284.2,USA,43.6,4.8,12.0,8703515,6.2,44.1,0.096,7.2,1.0,292,,,
primary total joint,3,2015,2022,0.304,0.252,429,"rheumatoid arthritis (lift 4.6, wsp. 4)",[2014] Etiology of surgical site infections after primary total joint arthroplasties. | [2014] Many diabetic total joint arthroplasty candidates are unable to achieve a preoperative hemoglobin A1c goal of 7% or less. | [2014] The effect of resident participation on short-term outcomes after orthopaedic surgery.,"[2023] Vaping Trends and Outcomes in Primary Total Joint Arthroplasty Patients: An Analysis of 21,341 Patients. | [2023] Prevention of Pregabalin-Related Side Effects Using Slow Dose Escalation Before Surgery: A Trial in Primary Total Joint Arthroplasty Within the Enhanced Recovery After Surgery Pathway. | [2023] The Efficacy of Telemedicine Versus In-Person Education for High-Risk Patients Undergoing Primary Total Joint Arthroplasty.",0.8,321.9,USA,71.2,1.9,16.3,8703515,58.3,2.9,0.078,8.9,0.86,369,,,
volar locking plate,3,2011,2018,0.299,0.252,540,"dorsally (lift 99.1, wsp. 19); unstable distal (lift 68.4, wsp. 10); the distal radius (lift 66.7, wsp. 34); fixed angle (lift 57.4, wsp. 11); the radius and (lift 38.5, wsp. 5)",[2010] Insufficiency fracture at the distal diaphysis of the radius after synovectomy combined with the Sauvé-Kapandji procedure in a patient with rheumatoid arthritis. | [2010] [A reasonable algorithm for treatment of distal radius fractures]. | [2010] Use of articular wrist views to assess intra-articular screw penetration in surgical fixation of distal radius fractures.,[2023] Can we safely place the distal volar locking plate screws into the subchondral zone of a distal radius fracture using a 45° supination oblique view under fluoroscopic guidance? | [2023] Using Trident distal radial locking plate to fix the fracture of distal radius volar rim. | [2023] Complications After Volar Locking Plate Fixation of Distal Radius Fractures: A Retrospective Study of 822 Patients.,1.0,399.0,Japan,16.4,11.9,9.8,7609631,14.0,25.5,0.046,15.0,0.81,501,,,
adductor canal block,3,2016,2019,0.342,0.249,399,"continuous femoral (lift 97.1, wsp. 13); continuous infusion (lift 68.7, wsp. 8); epidural analgesia (lift 55.2, wsp. 7); bolus (lift 47.9, wsp. 9); 30 mg (lift 42.6, wsp. 4)","[2015] Effect of adductor canal block versus femoral nerve block on quadriceps strength, mobilization, and pain after total knee arthroplasty: a randomized, blinded study. | [2015] Adductor canal block--or subsartorial canal block? | [2015] Adductor Canal Blockade Following Total Knee Arthroplasty-Continuous or Single Shot Technique? Role in Postoperative Analgesia, Ambulation Ability and Early Functional Recovery: A Randomized Controlled Trial.","[2023] [Research progress on analgesic effect of adductor canal block after knee arthroplasty]. | [2023] Effects of a Continuous Adductor Canal Block After Total Knee Arthroplasty. | [2023] Is Local Infiltration Analgesia the Preferred Analgesic Approach for Total Knee Arthroplasty?: Commentary on an article by Caroline Pic, MD, et al.: ""No Benefit of Adductor Canal Block Compared with Anterior Local Infiltration Analgesia in Primary Total Knee Arthroplasty. A Single-Blinded Randomized Controlled Clinical Trial"".",1.7,269.8,China,32.0,5.4,11.6,8703515,11.4,28.6,0.142,4.9,0.68,361,,,
a propensity matched,3,2020,2024,0.344,0.247,244,"of background data (lift 4.6, wsp. 8); summary of background (lift 4.6, wsp. 8)",[2019] Association of Neuraxial Anesthesia With Postoperative Venous Thromboembolism After Noncardiac Surgery: A Propensity-Matched Analysis of ACS-NSQIP Database. | [2019] Safety of Outpatient Single-level Cervical Total Disc Replacement: A Propensity-Matched Multi-institutional Study. | [2019] Simultaneous vs staged bilateral total knee arthroplasty: a propensity-matched case-control study from nine fast-track centres.,[2023] Joint awareness after fixed and mobile-bearing total knee arthroplasty with minimum 12 years of follow-up: A propensity matched-pair analysis. | [2023] Lumbar Arthroplasty Is Associated With a Lower Incidence of Adjacent Segment Disease Compared With ALIF: A Propensity-matched Analysis. | [2023] Borderline Dysplasia After Primary Hip Arthroscopy with Capsular Plication and Labral Preservation: Ten-Year Survivorship and Patient-Reported Outcomes.,5.5,106.4,USA,76.6,1.7,12.5,8703515,13.5,14.9,0.237,2.9,0.97,200,,,
augmented reality,2,2019,2023,0.323,0.246,272,"the navigation system (lift 73.4, wsp. 5); computer assisted surgery (lift 44.8, wsp. 4); computer assisted (lift 27.8, wsp. 12); acetabular component (lift 10.9, wsp. 6); inserted (lift 4.0, wsp. 4)",[2018] [3D augmented reality visualization for navigated osteosynthesis of pelvic fractures]. | [2018] A Pilot Study of Augmented Reality Technology Applied to the Acetabular Cup Placement During Total Hip Arthroplasty. | [2018] Augmented reality fluoroscopy simulation of the guide-wire insertion in DHS surgery: A proof of concept study.,[2023] Improving Cephalad Lag Screw Placement in the Femoral Head During Cephalomedullary Nailing Using a Novel Augmented Reality System. | [2023] Current Practices for Esthetic Facial Bone Contouring Surgery in Asians. | [2023] A review of advances in image-guided orthopedic surgery.,1.8,189.6,USA,24.9,9.0,8.2,9011043,6.4,54.2,0.276,2.5,0.87,219,,,
endovascular therapy,2,2015,2025,0.334,0.245,440,"patient with cli (lift 136.2, wsp. 26); with cli (lift 132.1, wsp. 32); limb ischemia cli (lift 126.9, wsp. 57); for critical limb (lift 82.1, wsp. 17); vessel in (lift 68.2, wsp. 7)",[2014] Endovascular therapy with novel high anterior tibial artery puncture for limb salvage in a case of critical lower limb ischemia. | [2014] Endovascular recanalization of infrapopliteal occlusions in patients with critical limb ischemia. | [2014] Long-term outcomes of endovascular therapy for aortoiliac bifurcation lesions in the real-AI registry.,[2023] High Global Limb Anatomic Staging System Femoropopliteal Grade is Positively Associated with Wound Healing in Patients with Chronic Limb-Threatening Ischemia Undergoing Endovascular Therapy Only for Femoropopliteal Disease. | [2023] Revascularization Strategies for Patients With Femoropopliteal Peripheral Artery Disease. | [2023] The Effect of Smoking Cessation on the Technical Success of Endovascular Treatment for Thromboangiitis Obliterans.,3.3,206.8,Japan,37.3,4.7,15.5,8407742,19.9,12.5,0.059,11.7,1.0,336,,,
reconstruction a systematic,3,2016,2024,0.283,0.242,333,"with autograft (lift 31.0, wsp. 4); double bundle (lift 15.5, wsp. 4); are presented (lift 11.3, wsp. 4); portal (lift 7.7, wsp. 4); animal (lift 4.3, wsp. 6)","[2015] Functional Outcome and Graft Retention in Patients With Septic Arthritis After Anterior Cruciate Ligament Reconstruction: A Systematic Review. | [2015] Advantages and Disadvantages of Transtibial, Anteromedial Portal, and Outside-In Femoral Tunnel Drilling in Single-Bundle Anterior Cruciate Ligament Reconstruction: A Systematic Review. | [2015] The Importance of Patient Sex in the Outcomes of Anterior Cruciate Ligament Reconstructions: A Systematic Review and Meta-analysis.",[2023] Failure modes after anterior cruciate ligament reconstruction: a systematic review and meta-analysis. | [2023] Persistent knee extension deficits are common after anterior cruciate ligament reconstruction: a systematic review and meta-analysis of randomised controlled trials. | [2023] The Medial Femoral Trochlea Osteochondral Flap for Scaphoid Reconstruction: A Systematic Review.,1.1,254.3,USA,32.6,6.6,4.6,8506498,14.8,17.1,0.096,7.2,0.99,283,,,
assisted total hip,3,2021,2024,0.337,0.238,242,"cup were (lift 53.5, wsp. 7); computer navigation (lift 37.1, wsp. 6); of the cup (lift 34.8, wsp. 7); the cup (lift 18.6, wsp. 7); the acetabular component (lift 16.5, wsp. 4)","[2020] Errors in femoral anteversion, femoral offset, and vertical offset following robot-assisted total hip arthroplasty. | [2020] A retrospective study comparing a single surgeon's experience on manual versus robot-assisted total hip arthroplasty after the learning curve of the latter procedure - A cohort study. | [2020] Impact of surgeon handedness in manual and robot-assisted total hip arthroplasty.",[2023] Evaluation of Comparative Efficacy and Safety of Surgical Approaches for Total Hip Arthroplasty: A Systematic Review and Network Meta-analysis. | [2023] Robotic arm-assisted total hip arthroplasty via a minimally invasive anterolateral approach in the supine position improves the precision of cup placement in patients with developmental dysplasia of the hip. | [2023] CT required to perform robotic-assisted total hip arthroplasty can identify previously undiagnosed osteoporosis and guide femoral fixation strategy.,2.3,138.6,China,37.4,3.7,6.9,8703515,12.0,20.6,0.217,3.2,0.79,175,,,
root tear,2,2018,2024,0.27,0.238,360,"the tibial tunnel (lift 49.1, wsp. 7); attachment of the (lift 44.0, wsp. 5); tear of (lift 32.4, wsp. 15); tear of the (lift 32.2, wsp. 12); mean lysholm (lift 26.3, wsp. 4)",[2017] A new aiming guide can create the tibial tunnel at favorable position in transtibial pullout repair for the medial meniscus posterior root tear. | [2017] Partial meniscectomy provides no benefit for symptomatic degenerative medial meniscus posterior root tears. | [2017] Large meniscus extrusion ratio is a poor prognostic factor of conservative treatment for medial meniscus posterior root tear.,"[2023] Editorial Commentary: During Anterior Cruciate Ligament Reconstruction, Lateral Extra-Articular Procedures Have Risks and Should be Reserved for Proper Indications: Do Not LET ALL Revision Anterior Cruciate Ligament Reconstructions Be the Same. | [2023] Editorial Commentary: High Tibial Osteotomy May Not Be Required With Medial Meniscus Root Repair. | [2023] Younger patients, lower BMI, complete meniscus root healing, lower HKA degree and shorter preoperative symptom duration were the independent risk factors correlated with the good correction of MME in patients with repaired MMPRTs.",2.6,160.0,Japan,24.7,5.8,11.8,9314730,19.9,11.3,0.079,8.7,0.77,271,,,
after arthroscopic rotator,3,2015,2024,0.29,0.237,462,"repair of a (lift 38.8, wsp. 8); self assessment (lift 38.1, wsp. 4); of full thickness (lift 38.0, wsp. 5); retraction of (lift 37.5, wsp. 4); the infraspinatus (lift 37.5, wsp. 4)",[2014] Rehabilitation following arthroscopic rotator cuff repair: a prospective randomized trial of immobilization compared with early motion. | [2014] Prognostic factors for successful recovery after arthroscopic rotator cuff repair: a systematic literature review. | [2014] Comparisons of retear patterns for 3 arthroscopic rotator cuff repair methods.,[2023] Editorial Commentary: Rotator Cuff Repair in Patients With Diabetes: Stricter Glycemic Control for the First 6 Months Is Associated With Better Healing. | [2023] History of mood and anxiety disorders does not affect the outcomes of arthroscopic rotator cuff repair. | [2023] Patient outcomes and return to play after arthroscopic rotator cuff repair in overhead athletes: a systematic review.,1.1,314.0,USA,26.7,6.6,8.2,8506498,19.9,9.6,0.037,18.7,0.62,367,,,
for chronic limb,3,2020,2024,0.283,0.237,228,"of the leg (lift 49.1, wsp. 6); died (lift 3.7, wsp. 4)","[2019] Contemporary (2009-2014) clinical outcomes after femoropopliteal bypass surgery for chronic limb threatening ischemia are inferior to those reported in the UK Bypass versus Angioplasty for Severe Ischaemia of the Leg (BASIL) trial (1999-2004). | [2019] Using the Society for Vascular Surgery Wound, Ischemia, and foot Infection classification to identify patients most likely to benefit from revascularization. | [2019] Comparison of Immediate and Long-term Outcomes in Men and Women Undergoing Revascularisation for Chronic Limb Threatening Ischaemia in the Bypass vs. Angioplasty in Severe I",[2023] Limb outcomes based on limb severity and anatomic complexity following infrapopliteal vein bypass for Japanese patients with chronic limb-threatening ischemia. | [2023] Effect of a continuous perineural levobupivacaine infusion on pain after major lower limb amputation: a randomised double-blind placebo-controlled trial. | [2023] The Effect of Smoking Cessation on the Technical Success of Endovascular Treatment for Thromboangiitis Obliterans.,1.5,156.5,USA,37.7,5.3,22.1,8407742,34.8,6.3,0.111,6.2,0.9,204,,,
rib fracture,2,2021,2022,0.263,0.234,408,"thoracoscopic (lift 89.3, wsp. 10); sternal (lift 64.8, wsp. 8); stabilization of (lift 57.8, wsp. 60); sternum (lift 37.2, wsp. 4); bank (lift 26.1, wsp. 4)","[2020] Functional Outcomes and Complications Following Scapulothoracic Arthrodesis in Patients with Facioscapulohumeral Dystrophy. | [2020] A multicenter, prospective, controlled clinical trial of surgical stabilization of rib fractures in patients with severe, nonflail fracture patterns (Chest Wall Injury Society NONFLAIL). | [2020] Testing the clinical validity of the Bemelman Rib Fracture Management Guideline.",[2023] Surgical and perioperative management of flail chest with titanium plates: a French cohort series from a thoracic referral center. | [2023] Biomechanical characteristics of rib fracture fixation systems. | [2023] Rib Fracture Map in High-Energy Injuries.,2.9,140.9,USA,38.6,4.9,3.5,101570622,16.3,16.2,,,0.74,172,,,
patient specific instrumentation,3,2013,2025,0.308,0.232,407,"instrumentation the (lift 78.6, wsp. 10); instrumentation for (lift 65.5, wsp. 16); instrumentation was (lift 38.9, wsp. 5); of the mechanical (lift 27.4, wsp. 4); femoral component in (lift 26.5, wsp. 6)",[2012] Total knee arthroplasty in osteopetrosis using patient-specific instrumentation. | [2012] Patient-specific instrumentation for total knee replacement verified by computer navigation: a case report. | [2012] Evaluation of the accuracy of a patient-specific instrumentation by navigation.,[2023] Effectiveness and Accuracy of a Patient-Specific Instrumentation System for Total Hip Arthroplasty. | [2023] Comparative efficacy of the different cutting guides in unicompartmental knee arthroplasty: A systematic-review and network meta-analysis. | [2023] The efficacy and safety of patient-specific instrumentation in primary total knee replacement: a systematic review and meta-analysis.,1.3,325.7,USA,21.3,11.4,9.9,9314730,11.4,26.4,0.017,40.7,1.0,395,,,
and validation of,3,2023,2025,0.348,0.23,343,"the guideline (lift 16.0, wsp. 4); tested in (lift 9.1, wsp. 4); total hip replacement (lift 3.6, wsp. 6)","[2022] Development and Validation of a Finite Element Model of Wear in UHMWPE Liner Using Experimental Data From Hip Simulator Studies. | [2022] A Patient-specific Approach to Alignment and Proximal Junctional Kyphosis Risk Assessment in Adult Spinal Deformity Surgery: Development and Validation of a Predictive Tool. | [2022] The University of California-Los Angeles (UCLA) shoulder scale: translation, reliability and validation of a Thai version of UCLA shoulder scale in rotator cuff tear patients.",[2023] Amputation for Complex Regional Pain Syndrome: Meta-Analysis and Validation of a Histopathology Scoring System. | [2023] Development and Validation of a Nomogram to Predict the Risk of Lumbar Disk Reherniation within 2 Years After Percutaneous Endoscopic Lumbar Discectomy. | [2023] Design and Validation of a 3D Printed Cranio-Facial Simulator: A Novel Tool for Surgical Education.,1.5,129.0,China,59.8,2.6,3.1,9301980,8.4,27.9,0.169,4.1,1.0,131,,,
percutaneous endoscopic lumbar,3,2016,2018,0.32,0.23,420,"cannula (lift 100.1, wsp. 10); herniated (lift 78.7, wsp. 28); prolapse (lift 45.6, wsp. 4); the epidural (lift 32.4, wsp. 5); cauda equina (lift 31.0, wsp. 5)","[2015] Unsuccessful percutaneous endoscopic lumbar discectomy: a single-center experience of 10,228 cases. | [2015] Percutaneous endoscopic lumbar discectomy for a huge herniated disc causing acute cauda equina syndrome: a case report. | [2015] Epidural Steroids After a Percutaneous Endoscopic Lumbar Discectomy.",[2023] Retrospective Analysis of Paraspinal Muscle-Splitting Microscopic-Assisted Discectomy Versus Percutaneous Endoscopic Lumbar Discectomy for the Treatment of Far-Lateral Lumbar Disc Herniation. | [2023] Development and Validation of a Nomogram to Predict the Risk of Lumbar Disk Reherniation within 2 Years After Percutaneous Endoscopic Lumbar Discectomy. | [2023] [The consensus of Chinese experts on the application of percutaneous endoscopic lumbar interbody fusion].,1.7,271.3,China,80.5,1.5,8.4,101528275,17.5,16.1,0.18,3.8,0.63,359,,,
full endoscopic,2,2017,2023,0.301,0.228,302,"herniated (lift 51.1, wsp. 12); excellent or good (lift 28.1, wsp. 4); ventral (lift 27.5, wsp. 7); or good (lift 22.4, wsp. 4); the disc (lift 19.9, wsp. 5)",[2016] The Clinical Results of Percutaneous Endoscopic Interlaminar Discectomy (PEID) in the Treatment of Calcified Lumbar Disc Herniation: A Case-Control Study. | [2016] Clinical outcomes after percutaneous transforaminal endoscopic discectomy for lumbar disc herniation: a prospective case series. | [2016] Full-Endoscopic Procedures Versus Traditional Discectomy Surgery for Discectomy: A Systematic Review and Meta-analysis of Current Global Clinical Trials.,[2023] [Treatment of degenerative lumbar lateral recess stenosis with full endoscopic lamina fenestration discectomy]. | [2023] Full-Endoscopic Lumbar Discectomy Approach Selection: A Systematic Review and Proposed Algorithm. | [2023] Comparison of the Tubular Approach and Uniportal Interlaminar Full-Endoscopic Approach in the Treatment of Lumbar Spinal Stenosis: Our 3-Year Results.,1.5,216.0,China,48.2,3.7,8.9,101528275,21.2,15.0,0.15,4.6,0.65,269,,,
comparison of clinical,3,2020,2023,0.301,0.227,362,"case were followed (lift 31.8, wsp. 4); osteoarthritis of the (lift 5.2, wsp. 4); the cervical (lift 5.0, wsp. 6)",[2019] Comparison of Clinical and Radiologic Outcomes Between Self-Locking Stand-Alone Cage and Cage with Anterior Plate for Multilevel Anterior Cervical Discectomy and Fusion: A Meta-Analysis. | [2019] A Comparison of Clinical Outcomes Following Femoropopliteal Bypass or Plain Balloon Angioplasty with Selective Bare Metal Stenting in the Bypass Versus Angioplasty in Severe Ischaemia of the Limb (BASIL) Trial. | [2019] Comparison of clinical outcomes and safety between laminectomy with instrumented fusion versus laminoplasty for the treatment of multilevel cervical spondylotic myelopathy.,[2023] Comparison of clinical and radiographic results of mobile-bearing total ankle arthroplasty between osteoarthritis and rheumatoid arthritis. | [2023] Comparison of Clinical Outcomes and Muscle Invasiveness between Unilateral Biportal Endoscopic Discectomy and Percutaneous Endoscopic Interlaminar Discectomy for Lumbar Disc Herniation at L5/S1 Level. | [2023] [Comparison of clinical efficacy between percutaneous endoscopic transforaminal discectomy and coblation nucleoplasty in the treatment of inclusive lumbar disc herniation].,1.0,193.0,China,48.0,3.7,9.2,9815790,6.2,43.0,0.153,4.5,0.76,195,,,
secondary analysis of,3,2019,2025,0.294,0.22,287,"the wrist and (lift 47.5, wsp. 4); the wrist (lift 9.6, wsp. 5)",[2018] Intrawound Vancomycin Decreases the Risk of Surgical Site Infection After Posterior Spine Surgery: A Multicenter Analysis. | [2018] Changes in Anxiety and Depression Are Mediated by Changes in Pain Severity in Patients Undergoing Lower-Extremity Total Joint Arthroplasty. | [2018] Pain and sensitization after total knee replacement or nonsurgical treatment in patients with knee osteoarthritis: Identifying potential predictors of outcome at 12 months.,[2023] The number of falls recalled in the past year and balance confidence predict the frequency of injurious falls by unilateral lower limb prosthesis users. | [2023] Is Enoxaparin Associated With a Higher Risk of Persistent Wound Drainage Than Aspirin? A Secondary Analysis of Data From the CRISTAL Randomized Trial. | [2023] Key Modifiable Factors in Community Participation Among Adults With Lower Limb Amputation.,1.9,185.3,USA,44.3,4.5,7.6,0014030,7.6,41.9,0.126,5.5,1.0,210,,,
and systematic review,3,2018,2021,0.25,0.215,323,"report a (lift 4.4, wsp. 6); discussed (lift 3.5, wsp. 4); report of (lift 3.4, wsp. 5)",[2017] Is there still a role for osteoarticular allograft reconstruction in musculoskeletal tumour surgery? a long-term follow-up study of 38 patients and systematic review of the literature. | [2017] A Meta-Analysis and Systematic Review Evaluating Skin Closure After Total Knee Arthroplasty-What Is the Best Method? | [2017] Preoperative optimisation of anaemia for primary total hip arthroplasty: a systematic review.,"[2023] Rehabilitation for revision total knee replacement: survey of current service provision and systematic review. | [2023] Prior hip arthroscopy increases the risk of dislocation, reoperation, and revision after hip arthroplasty: An updated meta-analysis and systematic review. | [2023] Irritation from metalwork after ankle arthrodesis fixed using screws: a proportional meta-analysis and systematic review.",4.3,152.0,China,39.3,4.9,7.0,101265112,7.4,49.9,0.258,2.7,0.75,230,,,
robotic arm assisted,3,2019,2024,0.263,0.212,230,"case in which (lift 17.3, wsp. 5); the patellar (lift 11.7, wsp. 4); three case (lift 8.2, wsp. 4); acetabular component (lift 5.4, wsp. 4); experience with (lift 4.7, wsp. 4)",[2018] Midterm Survivorship and Patient Satisfaction of Robotic-Arm-Assisted Medial Unicompartmental Knee Arthroplasty: A Multicenter Study. | [2018] Robotic Arm-Assisted Total Knee Arthroplasty. | [2018] Robotic-Arm-Assisted vs Conventional Unicompartmental Knee Arthroplasty. The 2-Year Clinical Outcomes of a Randomized Controlled Trial.,[2023] Avoiding Lateral Laxity in Robotic Arm-Assisted Total Knee Arthroplasty-A Surgical Technique Describing a New Method of Gap Capture and Balancing Strategy. | [2023] No difference in clinical outcomes between functionally aligned cruciate-retaining and posterior-stabilized robotic-assisted total knee arthroplasty. | [2023] Robotic-arm assisted lateral unicompartmental knee arthroplasty: 5-Year outcomes & survivorship.,5.0,97.2,USA,34.0,5.7,5.4,101599229,12.9,16.5,0.13,5.4,0.64,202,,,
blind randomized controlled,3,2023,2025,0.341,0.211,369,"infusion of (lift 41.3, wsp. 6); min after (lift 37.2, wsp. 4); kg 1 (lift 29.2, wsp. 4); infusion (lift 19.5, wsp. 9); injection of (lift 15.2, wsp. 9)","[2022] Is the French Paradox cementing philosophy superior to the standard cementing? A randomized controlled radiostereometric trial and comparative analysis. | [2022] Comparison Between Ultrasound-Guided Suprainguinal Fascia Iliaca Block and Anterior Quadratus Lumborum Block for Total Hip Arthroplasty: A Prospective, Double-Blind, Randomized Controlled Trial. | [2022] Does Nefopam Provide Analgesic Effect and Reduce Morphine Consumption After Primary Total Knee Arthroplasty? A Prospective, Double-Blind, Randomized Controlled Trial.","[2023] Outcomes following osteotome-mediated sinus floor elevation with Bio-Oss Collagen or no grafting material: a one-year single-blind randomized controlled trial. | [2023] Dexmedetomidine Prolongs the Analgesic Effects of Periarticular Infiltration Analgesia following Total Knee Arthroplasty: A Prospective, Double-Blind, Randomized Controlled Trial. | [2023] Effect of different doses of epidural dexmedetomidine on reducing visceral traction reaction for cesarean section: a double-blind randomized controlled trial.",2.6,101.5,China,33.3,7.1,5.3,8703515,8.8,33.7,0.298,2.3,1.0,114,,,
a nomogram,2,2023,2025,0.341,0.208,185,,[2022] A Patient-specific Approach to Alignment and Proximal Junctional Kyphosis Risk Assessment in Adult Spinal Deformity Surgery: Development and Validation of a Predictive Tool. | [2022] A nomogram for predicting skin necrosis risk after open reduction and internal fixation for tibia fractures. | [2022] Risk factors analysis and nomogram construction for blood transfusion in elderly patients with femoral neck fractures undergoing hemiarthroplasty.,[2023] Development and Validation of a Nomogram to Predict the Risk of Lumbar Disk Reherniation within 2 Years After Percutaneous Endoscopic Lumbar Discectomy. | [2023] A nomogram for predicting residual low back pain after percutaneous kyphoplasty in osteoporotic vertebral compression fractures. | [2023] A Nomogram That Characterizes a Patient's Odds of Developing Squeaking After Fourth-generation Ceramic-on-ceramic THA.,1.6,119.1,China,96.6,1.1,4.1,100968565,11.4,18.5,0.191,3.6,1.0,123,,,
national joint registry,3,2015,2025,0.274,0.207,377,"replacement has (lift 51.4, wsp. 6); on metal bearing (lift 38.5, wsp. 4); metal bearing (lift 35.0, wsp. 4); replacement performed (lift 33.5, wsp. 4); hip replacement with (lift 32.8, wsp. 4)","[2014] An estimation of the incidence of squeaking and revision surgery for squeaking in ceramic-on-ceramic total hip replacement: a meta-analysis and report from the Australian Orthopaedic Association National Joint Registry. | [2014] A systematic review of clinical outcomes and survivorship after total knee arthroplasty with a contemporary modular knee system. | [2014] Case studies in management of THA failure secondary to taper corrosion, modular junctions and metal-on-metal bearings.","[2023] First-time revision knee arthroplasty using a hinged prosthesis : temporal trends, indications, and risk factors associated with re-revision using data from the National Joint Registry for 3,855 patients. | [2023] Survivorship of the dual-mobility construct in elective primary total hip replacement: a systematic review and meta-analysis including registry data. | [2023] Short-term outcomes following 159 stemmed pyrolytic carbon shoulder hemiarthroplasties and how they compare with conventional hemiarthroplasties and total shoulder arthroplasties in patients younger than 60 years with os",2.7,156.1,UK,75.4,1.7,5.7,101599229,17.8,14.6,0.052,13.4,1.0,297,,,
registry study,2,2018,2025,0.261,0.205,267,"bearing surface (lift 23.3, wsp. 6); followup (lift 20.1, wsp. 8); metal on (lift 11.3, wsp. 7); metal on metal (lift 8.1, wsp. 4); had been (lift 3.8, wsp. 4)","[2017] Need for Two-Year Patient-Reported Outcomes Score for Lumbar Spine Surgery Is Procedure-Specific: Analysis From a Prospective Longitudinal Spine Registry. | [2017] Hamstring Autograft versus Patellar Tendon Autograft for ACL Reconstruction: Is There a Difference in Graft Failure Rate? A Meta-analysis of 47,613 Patients. | [2017] Increased risk of intraoperative and early postoperative periprosthetic femoral fracture with uncemented stems.",[2023] Changes in research quality and surgical trends at the international congress on early-onset scoliosis. | [2023] Comparison of single taper and dual taper versions of the same stem design in total hip arthroplasty for primary osteoarthritis. | [2023] Use of prophylactic perioperative antibiotics for lumbar spinal fusions: A nationwide population-based cohort study.,3.3,161.5,USA,15.7,11.3,7.5,8703515,12.7,18.9,0.085,8.1,1.0,213,,,
early onset scoliosis,3,2018,2020,0.333,0.203,422,"scoliosis study design (lift 51.3, wsp. 12); in distraction (lift 50.3, wsp. 6); degree range (lift 49.1, wsp. 8); degree at (lift 42.3, wsp. 10); of distraction (lift 35.0, wsp. 17)",[2017] Magnetically Controlled Growing Rods for the Management of Early-onset Scoliosis: A Preliminary Report. | [2017] What is the Risk of Developing Proximal Junctional Kyphosis During Growth Friendly Treatments for Early-onset Scoliosis? | [2017] Serial Casting for Infantile Idiopathic Scoliosis: Radiographic Outcomes and Factors Associated With Response to Treatment.,[2023] Changes in research quality and surgical trends at the international congress on early-onset scoliosis. | [2023] Surgical treatment of neuromuscular Early Onset Scoliosis with a bilateral posterior one-way rod compared to the Spring Distraction System: study protocol for a limited-efficacy Randomized Controlled Trial (BiPOWR). | [2023] Automated Clustering Technique (ACT) for Early Onset Scoliosis: A preliminary report.,1.4,214.7,USA,41.5,4.6,21.9,101603979,25.9,7.7,0.234,3.0,0.68,278,,,
during the covid,3,2020,2020,0.399,0.201,215,"waiting list (lift 70.4, wsp. 6); early experience (lift 41.3, wsp. 5); polymerase chain reaction (lift 18.2, wsp. 4); the period of (lift 10.6, wsp. 4); a result of (lift 5.4, wsp. 5)",[2020] Guidelines for Ambulatory Surgery Centers for the Care of Surgically Necessary/Time-Sensitive Orthopaedic Cases During the COVID-19 Pandemic. | [2020] A Review of State Guidelines for Elective Orthopaedic Procedures During the COVID-19 Outbreak. | [2020] Practice Management During the COVID-19 Pandemic.,"[2023] All Feet on Deck: The Role of Podiatry During the COVID-19 Pandemic: Preventing Hospitalizations in an Overburdened Health-Care System, Reducing Amputation and Death in People with Diabetes. | [2023] Diabetes-Related Major and Minor Amputation Risk Increased During the COVID-19 Pandemic. | [2024] Implementing an innovative, patient-centered approach to day case arthroplasty: improving patient outcomes through remote preoperative pharmacist consultations.",0.9,209.2,USA,31.7,6.6,16.3,8703515,5.6,55.2,,,0.22,215,,,
unilateral biportal endoscopic,3,2022,2025,0.361,0.201,164,"epidural hematoma (lift 80.4, wsp. 7); decompression of the (lift 25.2, wsp. 4); herniated (lift 18.5, wsp. 4); epidural (lift 14.4, wsp. 8); portal (lift 13.9, wsp. 6)","[2021] Clinical Comparison of Unilateral Biportal Endoscopic Laminectomy versus Microendoscopic Laminectomy for Single-Level Laminectomy: A Single-Center, Retrospective Analysis. | [2021] Analysis of risk factors for perioperative hidden blood loss in unilateral biportal endoscopic spine surgery: a retrospective multicenter study. | [2021] Clinical comparison of unilateral biportal endoscopic discectomy with percutaneous endoscopic lumbar discectomy for single l4/5-level lumbar disk herniation.",[2023] Comparison of Clinical Outcomes and Muscle Invasiveness between Unilateral Biportal Endoscopic Discectomy and Percutaneous Endoscopic Interlaminar Discectomy for Lumbar Disc Herniation at L5/S1 Level. | [2023] Transforaminal Interbody Fusion Using the Unilateral Biportal Endoscopic Technique Compared With Transforaminal Lumbar Interbody Fusion for the Treatment of Lumbar Spine Diseases: Analysis of Clinical and Radiological Outcomes. | [2023] Clinical Efficacy of Bilateral Decompression Using Biportal Endoscopic Versus Minimally Invasive Transforaminal Lumbar Interbody Fusion for the Tr,3.4,120.1,China,84.9,1.4,4.1,101265112,13.1,15.3,0.245,2.8,1.0,145,,,
of covid 19,3,2020,2020,0.446,0.2,222,"waiting list (lift 53.4, wsp. 5); polymerase chain reaction (lift 37.2, wsp. 9); testing of (lift 9.1, wsp. 4); had to (lift 8.7, wsp. 5); we report a (lift 5.2, wsp. 6)",[2020] What's Important: Facing Fear in the Time of COVID-19. | [2020] Recommendations for the Care of Pediatric Orthopaedic Patients During the COVID-19 Pandemic. | [2020] COVID-19 and orthopaedic surgeons: the Indian scenario.,"[2023] Physical and financial impacts caused by the COVID-19 pandemic exacerbate knee pain: A longitudinal study of a large-scale general population. | [2023] COVID-19 vaccination improved outcomes in the treatment of geriatric hip fractures between December 2020 and January 2022. | [2023] Impact of COVID-19 on Elective Orthopaedic Surgery Outcomes During the Peak of the Pandemic, an Uptick of Complications: An Analysis of the ACS-NSQIP.",0.9,212.4,USA,26.5,7.8,18.5,8703515,7.2,45.7,,,0.13,222,,,
transforaminal endoscopic,2,2016,2021,0.262,0.2,315,"excellent or good (lift 50.9, wsp. 8); or good (lift 41.5, wsp. 8); fair and (lift 35.8, wsp. 5); radicular pain (lift 34.4, wsp. 4); radicular (lift 32.5, wsp. 7)",[2015] Transforaminal endoscopic solution to disk reherniation post-mini-TLIF: case report. | [2015] Transforaminal endoscopic treatment of lumbar radiculopathy after instrumented lumbar spine fusion. | [2015] Evaluation of transforaminal endoscopic lumbar discectomy in the treatment of lumbar disc herniation.,[2023] [Visual trephine arthroplasty assisted percutaneous transforaminal endoscopic discectomy for lumbar disc herniation]. | [2023] Clinical efficacy of transforaminal endoscopic discectomy in the treatment of recurrent lumbar disc herniation: a single-center retrospective analysis. | [2023] Full-Endoscopic Lumbar Discectomy Approach Selection: A Systematic Review and Proposed Algorithm.,2.8,203.6,China,64.8,2.3,7.4,101528275,18.9,17.1,0.216,3.2,0.92,285,,,
oblique lateral,2,2020,2022,0.235,0.198,221,"disc level (lift 60.1, wsp. 5); the disc (lift 26.9, wsp. 10); disc space (lift 25.9, wsp. 6); ventral (lift 16.4, wsp. 6); of background data (lift 5.4, wsp. 11)",[2019] Impact of Preoperative Diagnosis on Clinical Outcomes of Oblique Lateral Interbody Fusion for Lumbar Degenerative Disease in a Single-institution Prospective Cohort. | [2019] Robot-assisted Percutaneous Transfacet Screw Fixation Supplementing Oblique Lateral Interbody Fusion Procedure: Accuracy and Safety Evaluation of This Novel Minimally Invasive Technique. | [2019] Microscopic Ventral Neural Decompression in Oblique Lateral Interbody Fusion.,[2023] [Application of oblique lateral interbody fusion in the treatment of lumbar intervertebral disc degeneration in patients with Modic change and endplate sclerosis]. | [2023] Early effect of standalone oblique lateral interbody fusion vs. combined with lateral screw fixation of the vertebral body on single-level lumbar degenerative disc disease: A pilot study. | [2023] Concentration-Dependent Efficacy of Recombinant Human Bone Morphogenetic Protein-2 Using a HA/β-TCP Hydrogel Carrier in a Mini-Pig Vertebral Oblique Lateral Interbody Fusion Model.,2.9,121.0,China,61.4,2.5,5.1,101528275,12.0,18.8,0.155,4.5,0.8,175,,,
anterolateral ligament,2,2016,2025,0.268,0.197,292,"ligament of the (lift 120.7, wsp. 14); ligament of (lift 96.3, wsp. 14); restraint (lift 83.3, wsp. 6); sectioned (lift 60.7, wsp. 6); 6 degree (lift 40.9, wsp. 6)","[2015] Outcome of a Combined Anterior Cruciate Ligament and Anterolateral Ligament Reconstruction Technique With a Minimum 2-Year Follow-up. | [2015] Arthroscopic arthritis options are on the horizon. | [2015] A review of ligament augmentation with the InternalBrace™: the surgical principle is described for the lateral ankle ligament and ACL repair in particular, and a comprehensive review of other surgical applications and techniques is presented.","[2023] Editorial Commentary: Autograft, Early Surgery, 2-Stage Surgery for 1 cm of Tunnel Widening or Greater, and Anterolateral Ligament Reconstruction or Lateral Extra-articular Tenodesis May Improve Outcomes of Anterior Cruciate Ligament Revision Surgery. | [2023] Editorial Commentary: During Anterior Cruciate Ligament Reconstruction, Lateral Extra-Articular Procedures Have Risks and Should be Reserved for Proper Indications: Do Not LET ALL Revision Anterior Cruciate Ligament Reconstructions Be the Same. | [2023] Failure Rates of Repaired Bucket-Handle Tears of the Medial Meniscus Concomita",2.9,190.3,USA,21.4,9.8,16.4,8506498,27.5,8.0,0.029,23.9,1.0,280,,,
joint infection a,3,2018,2023,0.301,0.197,276,"d bridement (lift 24.0, wsp. 4); a painful (lift 19.2, wsp. 4); cultured (lift 15.7, wsp. 4); painful (lift 8.1, wsp. 9); acetabular component (lift 5.3, wsp. 4)",[2017] How Reliable Is the Alpha-defensin Immunoassay Test for Diagnosing Periprosthetic Joint Infection? A Prospective Study. | [2017] Use of Intra-Articular Amphotericin B in the Treatment of Candida parasilosis and albicans in Prosthetic Joint Infections (PJI): A Novel Approach to this Difficult Problem. | [2017] False-positive Cultures After Native Knee Aspiration: True or False.,[2023] Globulin and Albumin/Globulin Ratios as Potential Biomarkers for the Diagnosis of Acute and Chronic Peri-Prosthetic Joint Infections: A Retrospective Study. | [2023] [The short-term outcomes of non-contact low frequency ultrasonic debridement in treating periprosthetic joint infections:a prospective single-arm clinical study]. | [2023] Poor outcome after debridement and implant retention for acute hematogenous periprosthetic joint infection: a cohort study of 43 patients.,1.8,199.7,USA,22.0,9.0,8.1,8703515,19.7,17.9,0.087,8.0,0.67,223,,,
endoscopic transforaminal,2,2019,2024,0.236,0.196,238,"transverse process (lift 33.5, wsp. 4); herniated (lift 19.6, wsp. 5); preliminary result (lift 13.1, wsp. 4); the clinical result (lift 9.0, wsp. 5); two case (lift 5.8, wsp. 5)","[2018] Comparison of percutaneous endoscopic transforaminal discectomy, microendoscopic discectomy, and microdiscectomy for symptomatic lumbar disc herniation: minimum 2-year follow-up results. | [2018] [Comparison of percutaneous endoscopic lumbar discectomy versus transforaminal lumbar interbody fusion in treating upper lumbar disc herniation]. | [2018] Suprapedicular Circumferential Opening Technique of Percutaneous Endoscopic Transforaminal Lumbar Discectomy for High Grade Inferiorly Migrated Lumbar Disc Herniation.",[2023] [Treatment of degenerative lumbar lateral recess stenosis with full endoscopic lamina fenestration discectomy]. | [2023] [Comparison of clinical efficacy between percutaneous endoscopic transforaminal discectomy and coblation nucleoplasty in the treatment of inclusive lumbar disc herniation]. | [2023] Comparison of Endoscopic and Minimally Invasive Transforaminal Lumbar Interbody Fusion for Lumbar Degenerative Diseases: A Meta-analysis.,2.0,179.5,China,73.8,1.8,6.6,101528275,13.3,21.1,0.1,7.0,0.54,196,,,
reported outcome following,3,2021,2024,0.263,0.193,230,"summary of background (lift 6.2, wsp. 11); of background data (lift 5.7, wsp. 10)",[2020] The Effects of Marijuana Use on Lumbar Spinal Fusion. | [2020] Preoperative Mental Health Component Scoring Is Related to Patient Reported Outcomes Following Lumbar Fusion. | [2020] MIS Distal Metatarsal Metaphyseal Osteotomy in the treatment of metatarsalgia: MOXFQ patient reported outcomes.,[2023] Patient-Reported Outcomes Following Anterior and Posterior Surgical Approaches for Multilevel Cervical Myelopathy. | [2023] Re-revision Knee Arthroplasty in a Tertiary Center: Infection and Multiple Previous Surgeries Were Associated With Poor Early Clinical and Functional Outcomes. | [2023] Clinical and Patient reported outcomes following open reduction and internal fixation for distal tibial intra-articular fractures.,1.4,134.4,USA,52.8,3.2,10.6,8703515,12.7,20.7,0.258,2.7,0.81,142,,,
posterior root,2,2018,2020,0.226,0.19,282,"attachment of the (lift 55.0, wsp. 5); the tibial tunnel (lift 52.7, wsp. 6); mean lysholm score (lift 44.0, wsp. 4); mean lysholm (lift 41.1, wsp. 5); tear of (lift 40.5, wsp. 15)",[2017] A new aiming guide can create the tibial tunnel at favorable position in transtibial pullout repair for the medial meniscus posterior root tear. | [2017] Partial meniscectomy provides no benefit for symptomatic degenerative medial meniscus posterior root tears. | [2017] Large meniscus extrusion ratio is a poor prognostic factor of conservative treatment for medial meniscus posterior root tear.,"[2023] Editorial Commentary: Early Anterior Cruciate Ligament Reconstruction Decreases the Risk of Developing Irreparable Meniscus Tears in Female Athletes. | [2023] Younger patients, lower BMI, complete meniscus root healing, lower HKA degree and shorter preoperative symptom duration were the independent risk factors correlated with the good correction of MME in patients with repaired MMPRTs. | [2023] Combined Repair of Medial Meniscal Ramp Lesions and Posterior Root Tears of the Lateral Meniscus During Anterior Cruciate Ligament Reconstruction: A Case Report.",3.2,123.8,Japan,31.2,5.7,7.7,9314730,21.6,11.6,0.324,2.1,0.86,222,,,
arthroplasty a meta,3,2013,2019,0.413,0.189,504,"xa (lift 24.5, wsp. 4); evidence therapeutic study (lift 18.4, wsp. 4); computer navigation (lift 11.1, wsp. 4); resurfacing (lift 4.4, wsp. 6)",[2012] Motion analysis of single-level cervical total disc arthroplasty: a meta-analysis. | [2012] Effectiveness and safety of tranexamic acid in reducing blood loss in total knee arthroplasty: a meta-analysis. | [2012] Minimally invasive surgical approaches and traditional total hip arthroplasty: a meta-analysis of radiological and complications outcomes.,[2023] 30-day to 10-year mortality rates following total hip arthroplasty: a meta-analysis of the last decade (2011-2021). | [2023] Opioid consumption and non-opioid multimodal analgesic treatment in pain management trials after hip and knee arthroplasties: A meta-epidemiological study. | [2023] Effect of duloxetine on pain relief after total knee arthroplasty: A meta-analysis of randomized controlled trials.,1.5,346.7,China,69.9,2.0,7.8,2985248R,14.5,15.6,0.103,6.7,0.37,461,,,
bundled,1,2015,2019,0.497,0.182,483,,[2014] Bundled payments in total joint arthroplasty: targeting opportunities for quality improvement and cost reduction. | [2014] Bundled payments in orthopaedics. | [2014] The effect of severity of disease on cost burden of 30-day readmissions following total joint arthroplasty (TJA).,[2023] The impact of dehydration on short-term postoperative complications in total knee arthroplasty. | [2023] Effects of Patient Comorbidities and Demographics on Episode-of-Care Costs Following Total Shoulder Arthroplasty. | [2023] Total knee arthroplasty in the outpatient vs inpatient settings: impact of site of care on early postoperative economic and clinical outcomes.,2.4,320.5,USA,89.6,1.2,21.2,8703515,30.0,9.6,0.217,3.2,0.23,462,,,
femoral neck system,3,2022,2024,0.277,0.182,135,"shortening of (lift 42.1, wsp. 9); shortening of the (lift 34.5, wsp. 5); cancellous (lift 14.9, wsp. 11)",[2021] [Short-term effectiveness of femoral neck system in the treatment of femoral neck fracture]. | [2021] A comparison between the femoral neck system and other implants for elderly patients with femoral neck fracture: A preliminary report of a newly developed implant. | [2021] Clinical outcome of femoral neck system versus cannulated compression screws for fixation of femoral neck fracture in younger patients.,[2023] Survivability of the Femoral Neck System for the treatment of femoral neck fractures in adults. | [2023] Femoral neck fractures in non-geriatric patients: femoral neck system versus cannulated cancellous screw. | [2023] Biomechanical Comparison of Intramedullary Versus Extramedullary Implants for Fixation of Simple Pertrochanteric Fractures.,3.3,97.3,China,66.7,2.2,5.0,100968565,21.7,13.2,0.428,1.6,0.77,120,,,
fusion surgery a,3,2020,2024,0.256,0.181,226,"infusion (lift 15.5, wsp. 5); guideline for (lift 7.9, wsp. 4); of background data (lift 7.8, wsp. 12); summary of background (lift 7.7, wsp. 12); a patient with (lift 5.0, wsp. 4)","[2019] Dexmedetomidine-Induced Massive Diuresis in a Patient Undergoing Spinal Fusion Surgery: A Case Report and Synthesis of the Literature. | [2019] Letter to the Editor Regarding ""The Efficacy of Tranexamic Acid on Blood Loss of Lumbar Spinal Fusion Surgery: A Meta-Analysis of Randomized Controlled Trials"". | [2019] Evaluation of an increased strut porosity silicate-substituted calcium phosphate, SiCaP EP, as a synthetic bone graft substitute in spinal fusion surgery: a prospective, open-label study.","[2023] Effect of Topical Administration of Tranexamic Acid on Intraoperative and Postoperative Blood Loss during Posterior Cervical Laminectomy and Fusion Surgery: A Retrospective Study. | [2023] Biomechanical and clinical studies on lumbar spine fusion surgery: a review. | [2024] Analgesic Effects of Preoperative Combination of Oral Pregabalin and Intravenous Magnesium Sulfate on Postoperative Pain in Patients Undergoing Posterolateral Spinal Fusion Surgery: A 4-arm, Randomized, Double-blind, Placebo-controlled Trial.",1.3,142.5,China,42.1,4.5,7.6,101528275,14.0,19.5,0.126,5.5,0.83,157,,,
a network meta,3,2019,2025,0.254,0.178,227,"gamma (lift 26.7, wsp. 4); of choice (lift 7.3, wsp. 4); on the basis (lift 4.3, wsp. 4); the basis of (lift 4.1, wsp. 4); total hip replacement (lift 3.3, wsp. 4)",[2018] Comparison of treatment strategies for femoro-popliteal disease: A network meta-analysis. | [2018] Fixation method for treatment of unstable distal clavicle fracture: systematic review and network meta-analysis. | [2018] The Efficacy of Tranexamic Acid in Total Knee Arthroplasty: A Network Meta-Analysis.,[2023] Comparative efficacy of the different cutting guides in unicompartmental knee arthroplasty: A systematic-review and network meta-analysis. | [2023] Femoral Nerve Block and Local Instillation Analgesia Associated With More Reliable Efficacy in Regional Anesthesia Interventions Within 24 Hours Following Anterior Cruciate Ligament Reconstruction: A Network Meta-analysis. | [2023] Optimal surgical treatment for periprosthetic distal femoral fractures after total knee arthroplasty: a Bayesian-based network analysis.,1.7,148.1,China,55.6,3.0,5.1,101265112,10.7,29.6,0.106,6.6,1.0,178,,,
erector spinae,2,2022,2024,0.27,0.178,203,"fentanyl (lift 100.1, wsp. 11); a bilateral (lift 19.5, wsp. 4); infusion (lift 15.2, wsp. 5); of background data (lift 3.0, wsp. 5)",[2021] Ultrasound-Guided Erector Spinae Plane Block Reduces Perioperative Opioid Consumption in Lumbar Spinal Fusion. | [2021] Erector Spinae Plane Catheters: A Novel Intervention in Total Hip Arthroplasty. | [2021] Cervical erector spinae plane block as a perioperative analgesia method for shoulder arthroscopy: a case series.,[2023] Erector Spinae Plane Block for Scapulothoracic Arthrodesis for Facioscapulohumeral Dystrophy Patients: A Case Series. | [2023] Development and validation of a nomogram to predict the risk of surgical site infection within 1 month after transforaminal lumbar interbody fusion. | [2023] The role of dexmedetomidine as an adjuvant for high-thoracic erector spinae plane block for analgesia in shoulder arthroscopy; a randomized controlled study.,2.6,102.9,China,35.2,5.5,10.3,9301980,16.2,21.6,0.387,1.8,0.82,117,,,
local infiltration,2,2013,2020,0.315,0.174,431,"30 mg (lift 120.5, wsp. 9); epidural analgesia (lift 95.0, wsp. 11); continuous infusion (lift 53.8, wsp. 5); intrathecal (lift 49.4, wsp. 7); bolus (lift 40.6, wsp. 6)","[2012] Periarticular infiltration in total hip replacement: effect on heterotopic ossification, analgesic requirements and outcome. | [2012] Periarticular local anesthesia does not improve pain or mobility after THA. | [2012] Local infiltration analgesia with levobupivacaine compared with intrathecal morphine in total hip arthroplasty patients.","[2023] Is Local Infiltration Analgesia the Preferred Analgesic Approach for Total Knee Arthroplasty?: Commentary on an article by Caroline Pic, MD, et al.: ""No Benefit of Adductor Canal Block Compared with Anterior Local Infiltration Analgesia in Primary Total Knee Arthroplasty. A Single-Blinded Randomized Controlled Clinical Trial"". | [2023] Addition of Infiltration Between the Popliteal Artery and the Capsule of the Posterior Knee (IPACK) to Local Infiltration Analgesia for Total Knee Arthroplasty: A Prospective Randomized Controlled Trial. | [2023] Repeat dose steroid in high pain responder",0.8,328.2,China,28.1,8.2,9.6,8703515,7.5,45.0,0.08,8.6,0.47,386,,,
medial open wedge,3,2019,2024,0.223,0.173,257,"of the mechanical (lift 31.2, wsp. 4); therapeutic case series (lift 23.3, wsp. 4); the patellar (lift 14.3, wsp. 5); osteoarthritis of the (lift 11.9, wsp. 7); osteotomy of the (lift 8.3, wsp. 4)",[2018] Ten-Year Results of Medial Open-Wedge High Tibial Osteotomy and Chondral Resurfacing in Severe Medial Osteoarthritis and Varus Malalignment. | [2018] Ankle and Hindfoot Symptoms after Medial Open Wedge High Tibial Osteotomy. | [2018] The correlation of sagittal osteotomy inclination and the anteroposterior translation in medial open-wedge high tibial osteotomy-one of the causes affecting the patellofemoral joint?,[2023] Allogeneic Umbilical Cord-Blood-Derived Mesenchymal Stem Cells and Hyaluronate Composite Combined with High Tibial Osteotomy for Medial Knee Osteoarthritis with Full-Thickness Cartilage Defects. | [2023] Higher Association of Pelvis-Knee-Ankle Angle Compared With Hip-Knee-Ankle Angle With Knee Adduction Moment and Patient-Reported Outcomes After High Tibial Osteotomy. | [2023] Hybrid Lateral Closed-Wedge High Tibial Osteotomy Showed Similar Accuracy in Angular Correction and Reduction of Posterior Tibial Slope Compared to Opening-Wedge High Tibial Osteotomy: A Correction Angle Matched C,3.4,122.1,South Korea,32.3,5.3,4.0,9314730,14.9,17.8,0.06,11.5,0.66,174,,,
tranexamic acid in,3,2014,2016,0.324,0.173,422,"bolus (lift 29.6, wsp. 5); infusion (lift 9.6, wsp. 6); injection of (lift 6.5, wsp. 5)",[2013] Use of intravenous tranexamic acid in total knee arthroplasty: a meta-analysis of randomized controlled trials. | [2013] Practical issues for the use of tranexamic acid in total knee arthroplasty: a systematic review. | [2013] [Local application of tranexamic acid reduces blood less in unilateral total knee arthroplasty: a retrospective comparison analysis].,[2023] Tranexamic acid in total knee arthroplasty. | [2023] The Clinical Effect of Topical Application of Tranexamic Acid in Arthroscopic Synovectomy of Pigmented Villonodular Synovitis of the Knee. | [2023] Efficacy and safety of tranexamic acid in elderly patients with femoral neck fracture treated with hip arthroplasty: A systematic review and meta-analysis.,1.3,310.8,China,41.4,4.8,13.4,8703515,11.8,33.0,0.318,2.2,0.33,374,,,
study protocol for,3,2015,2023,0.203,0.171,286,"the usual (lift 36.2, wsp. 4); of tissue (lift 13.3, wsp. 4); this group (lift 7.7, wsp. 4); painful (lift 3.7, wsp. 4)",[2014] Targeted rehabilitation to improve outcome after total knee replacement (TRIO): study protocol for a randomised controlled trial. | [2014] Comparative effectiveness of microdecompression and laminectomy for central lumbar spinal stenosis: study protocol for an observational study. | [2014] Is additional hyperbaric oxygen therapy cost-effective for treating ischemic diabetic ulcers? Study protocol for the Dutch DAMOCLES multicenter randomized clinical trial?,[2023] Surgical treatment of neuromuscular Early Onset Scoliosis with a bilateral posterior one-way rod compared to the Spring Distraction System: study protocol for a limited-efficacy Randomized Controlled Trial (BiPOWR). | [2023] Effect of dexmedetomidine on postoperative cognitive dysfunction in elderly patients undergoing orthopaedic surgery: study protocol for a randomized controlled trial. | [2023] Lateral compression type 1 fracture fixation in the elderly (L1FE): study protocol for a randomised controlled trial (with internal pilot) comparing the effects of INFIX surgery and non-surgic,1.2,251.2,China,24.8,9.0,1.9,101263253,59.1,2.5,0.048,14.4,0.89,259,,,
bibliometric,1,2023,2023,0.263,0.167,155,"of bone and (lift 29.9, wsp. 4); the author (lift 5.2, wsp. 14)",[2022] Treatment of anterior shoulder instability: a bibliometric analysis. | [2022] Global Publication Trends and Research Hotspots of Revision Hip and Knee Arthroplasty: A 21-Year Bibliometric Approach. | [2022] The Most Cited Top 100 Articles in Shoulder Arthroscopy.,[2023] Clubfoot from past to the present: A bibliometric analysis with global productivity and research trends. | [2023] Global Cluster Analysis and Network Visualization in Prosthetic Joint Infection: A Scientometric Mapping. | [2023] Female Authorship in the US Orthopaedics Literature: A Bibliometric Analysis of Trends.,2.2,84.0,China,55.3,2.9,8.6,2985248R,19.4,15.6,,,0.64,93,,,
growing rod,2,2010,2020,0.28,0.165,397,"young child (lift 79.3, wsp. 8); lengthening was (lift 55.5, wsp. 6); lengthened (lift 45.4, wsp. 6); of the spine (lift 13.2, wsp. 7); of background data (lift 12.8, wsp. 23)",[2009] [Dynamic instrumentation techniques in early-onset scoliosis]. | [2009] Neurologic risk in growing rod spine surgery in early onset scoliosis: is neuromonitoring necessary for all cases? | [2009] Shilla growing rods in a caprine animal model: a pilot study.,[2023] Changes in research quality and surgical trends at the international congress on early-onset scoliosis. | [2023] Surgical treatment of neuromuscular Early Onset Scoliosis with a bilateral posterior one-way rod compared to the Spring Distraction System: study protocol for a limited-efficacy Randomized Controlled Trial (BiPOWR). | [2023] Rod Fracture in Magnetically Controlled Growing Spine Rods.,1.3,304.3,USA,36.9,5.4,14.7,8109053,17.8,11.9,0.075,9.2,0.53,381,,,
a qualitative study,3,2022,2024,0.202,0.16,233,"experience with (lift 9.1, wsp. 7); guideline for (lift 6.7, wsp. 4); discussed (lift 4.6, wsp. 5); had been (lift 4.1, wsp. 4); problem (lift 3.5, wsp. 10)",[2021] Current Status and Future Prospects for Shared Decision Making Before and After Total Knee Replacement Surgery-A Scoping Review. | [2021] Understanding transitions in care for people with major lower limb amputations from inpatient rehabilitation to home: a descriptive qualitative study. | [2021] Addressing Phantom Pain Through Occupational Participation: A Qualitative Study of Support Group Participants.,"[2023] CORR Insights®: A Qualitative Study of Psychosocial Factors in Patients With Knee Osteoarthritis: Insights Learned From an Asian Population. | [2023] Expectant Management, Tendon Transfer, or Nerve Transfer Surgery for Radial Nerve Injury: A Qualitative Study Exploring Patient Expectations, Goals, and Treatment Experiences. | [2023] Patient and healthcare provider experience and perceptions of a preoperative rehabilitation class for lumbar discectomy: A qualitative study.",2.0,93.6,USA,19.0,10.0,1.0,9207179,12.9,25.3,0.19,3.6,0.99,101,,,
and fusion a,3,2022,2019,0.206,0.16,258,"and lateral bending (lift 47.7, wsp. 4); the cervical spine (lift 14.2, wsp. 7); disc replacement (lift 13.3, wsp. 4); the cervical (lift 10.8, wsp. 10); of background data (lift 10.6, wsp. 17)","[2021] Cage-screw and anterior plating combination reduces the risk of micromotion and subsidence in multilevel anterior cervical discectomy and fusion-a finite element study. | [2021] Answer to the Letter to the Editor of Xu C, et al. concerning ""Implementation of enhanced recovery after surgery (ERAS) protocol for anterior cervical discectomy and fusion: a propensity score-matched analysis"" by Debono B et al. [Eur Spine J (2020): DOI 10.1007/s00586-020-06445-0]. | [2021] Crossing the cervicothoracic junction in complex pediatric deformity using anterior cervical discectomy and fusion: a case",[2023] A novel nanohydroxyapatite/polyamide-66 cage for reducing the subsidence rate after single-level anterior cervical discectomy and fusion: a comparative study of 7-year follow-up. | [2023] Safety and Efficacy of Local Steroid Application on Dysphagia Following Anterior Cervical Discectomy and Fusion: A Systematic Review and Meta-analysis. | [2023] Severe Hypersensitivity Reaction to Dermabond Prineo After Anterior Cervical Discectomy and Fusion: A Case Report.,2.0,93.3,China,45.1,3.2,17.2,101528275,17.2,13.1,,,0.87,99,,,
compression fracture a,3,2021,2025,0.207,0.159,234,"treatment of vertebral (lift 130.8, wsp. 4); kyphoplasty is (lift 106.0, wsp. 5); roland (lift 102.3, wsp. 6); of vertebroplasty (lift 84.1, wsp. 6); leakage of (lift 78.5, wsp. 5)",[2020] Traumatic intradural ruptured lumbar disc with a spinal compression fracture: A case report. | [2020] Mortality Outcomes of Vertebral Augmentation (Vertebroplasty and/or Balloon Kyphoplasty) for Osteoporotic Vertebral Compression Fractures: A Systematic Review and Meta-Analysis. | [2020] Risk of venous thromboembolism in elderly patients with vertebral compression fracture: A population-based case-control study.,[2023] Bilateral percutaneous kyphoplasty achieves more satisfactory outcomes compared to unilateral percutaneous kyphoplasty in osteoporotic vertebral compression fractures: A comprehensive comparative study. | [2023] Early Vertebroplasty for Severely Painful Acute Osteoporotic Compression Fractures: A Critical Review of the Literature. | [2023] Percutaneous Curved Vertebroplasty Versus Unipedicular Approach Vertebroplasty for Acute Osteoporotic Vertebral Compression Fractures : A Randomized Controlled Trial.,1.7,113.1,China,68.8,2.1,6.8,101528275,16.2,17.0,0.037,19.0,1.0,117,,,
and network meta,3,2023,2024,0.223,0.152,159,"histomorphometric (lift 19.5, wsp. 4); substitute (lift 9.9, wsp. 6); new bone (lift 7.8, wsp. 4)",[2022] Evaluating robotic pedicle screw placement against conventional modalities: a systematic review and network meta-analysis. | [2022] Comparative clinical outcomes of different therapies for traumatic meniscal tears in adults: A protocol for systematic review and network meta-analysis. | [2022] Comparisons of the Efficacy and Safety of Total Knee Arthroplasty by Different Surgical Approaches: A Systematic Review and Network Meta-analysis.,[2023] Efficacy of 11 anticoagulants for the prevention of venous thromboembolism after total hip or knee arthroplasty: A systematic review and network meta-analysis. | [2023] Comparative efficacy of the different cutting guides in unicompartmental knee arthroplasty: A systematic-review and network meta-analysis. | [2023] Evaluation of Comparative Efficacy and Safety of Surgical Approaches for Total Hip Arthroplasty: A Systematic Review and Network Meta-analysis.,2.7,72.1,China,42.9,4.6,5.4,100968565,5.4,37.5,,,0.81,74,,,
in chronic limb,3,2022,2025,0.201,0.152,129,,[2021] Validation of Global Limb Anatomical Staging System (GLASS) in patients with hemodialysis and Chronic Limb-Threatening Ischemia after endovascular treatment. | [2021] The Global Limb Anatomic Staging System is associated with outcomes of infrainguinal revascularization in chronic limb threatening ischemia. | [2021] Role of Bypass with Preoperatively Diagnosed Small Caliber Veins in Chronic Limb-Threatening Ischemia.,"[2023] Risk Factors for Major Amputation in Chronic Limb-Threatening Ischemia Patients Classified as Wound, Ischemia, and Foot Infection Stage 4 following Infrainguinal Revascularization. | [2023] Predictors for Distal Revascularization Following Femoral Endarterectomy in Chronic Limb-Threatening Ischemia Patients. | [2023] The outcomes of lower extremity revascularization: What role do race, ethnicity, and socioeconomic status play?",4.0,67.6,USA,22.9,8.0,16.2,8703941,20.2,10.0,0.128,5.4,1.0,99,,,
matched cohort analysis,3,2022,2023,0.18,0.15,168,,[2021] Increased rates of spinal fusion surgery in patients with hereditary hemochromatosis: a five-year propensity matched cohort analysis. | [2021] Impact of Smoking and Drinking on Complications After Revision Total Joint Arthroplasty: A Matched Cohort Analysis. | [2021] Outcome of Spinal Versus General Anesthesia in Revision Total Hip Arthroplasty: A Propensity Score-Matched Cohort Analysis.,[2023] Superior Outcomes With Reverse Shoulder Arthroplasty versus Nonoperative Management for Proximal Humerus Fractures: A Matched Cohort Analysis. | [2023] Increased Risk of Periprosthetic Fractures and Revision Arthroplasty in Patients Undergoing Shoulder Arthroplasty With a History of Prior Fragility Fractures: A Matched Cohort Analysis. | [2023] Patients With Low-Grade Lumbosacral Transitional Vertebrae Demonstrate No Difference in Achievement of Clinical Thresholds After Hip Arthroscopy for Femoroacetabular Impingement Syndrome.,3.2,85.0,USA,81.6,1.5,19.1,8703515,17.0,13.1,,,0.82,94,,,
development and validation,3,2023,2025,0.254,0.147,194,"tested in (lift 14.3, wsp. 4); total hip replacement (lift 4.7, wsp. 5); hip replacement (lift 3.7, wsp. 6)",[2022] Development and Validation of a Finite Element Model of Wear in UHMWPE Liner Using Experimental Data From Hip Simulator Studies. | [2022] A Patient-specific Approach to Alignment and Proximal Junctional Kyphosis Risk Assessment in Adult Spinal Deformity Surgery: Development and Validation of a Predictive Tool. | [2022] Application of a robotics path planning algorithm to assess the risk of mobile bearing dislocation in lateral unicompartmental knee replacement.,[2023] Development and Validation of a Nomogram to Predict the Risk of Lumbar Disk Reherniation within 2 Years After Percutaneous Endoscopic Lumbar Discectomy. | [2023] Development and validation of a nomogram to predict the risk of surgical site infection within 1 month after transforaminal lumbar interbody fusion. | [2023] Development and Validation of a Prognostic Model for the Risk of Recurrent Lumbar Disc Herniation After Percutaneous Endoscopic Transforaminal Discectomy.,1.2,84.0,China,62.7,2.4,1.2,9301980,9.5,27.3,0.288,2.4,1.0,84,,,
in reverse shoulder,3,2017,2024,0.189,0.145,262,"shoulder prosthesis (lift 47.4, wsp. 5); cadaveric shoulder (lift 31.4, wsp. 4); wear (lift 3.0, wsp. 4)",[2016] Cemented or cementless humeral fixation in reverse total shoulder arthroplasty? a systematic review. | [2016] Challenges in Reverse Shoulder Arthroplasty: Addressing Glenoid Bone Loss. | [2016] The effect of glenosphere diameter and eccentricity on deltoid power in reverse shoulder arthroplasty.,[2023] [Revision surgery in reverse shoulder arthroplasty : Management of the most common complications]. | [2023] Analysis and 3D correction of glenoid dysplasia with metal hemi-wedge base plate augment: short-term radiographic outcomes. | [2023] Neck shaft angle in reverse shoulder arthroplasty: 135 vs. 145 degrees at minimum 2-year follow-up.,1.7,147.9,USA,30.1,7.3,5.1,9206499,48.6,4.0,0.059,11.8,0.74,175,,,
after reverse shoulder,3,2020,2024,0.196,0.145,228,"the proximal humerus (lift 18.3, wsp. 4); wear (lift 4.3, wsp. 5)",[2019] SPECT/CT Findings in Scapular Notching After Reverse Shoulder Arthroplasty. | [2019] Predicting outstanding results after reverse shoulder arthroplasty using percentage of maximal outcome improvement. | [2019] How common are acromial and scapular spine fractures after reverse shoulder arthroplasty?: A systematic review.,[2023] Diagnosis and Management of Early Complications After Reverse Shoulder Arthroplasty. | [2023] Factors affecting stress shielding and osteolysis after reverse shoulder arthroplasty: A multicenter study in a Japanese population. | [2023] Does preoperative corticosteroid injection increase the risk of periprosthetic joint infection after reverse shoulder arthroplasty?,2.3,107.8,USA,39.2,5.3,6.2,9206499,43.0,5.0,0.103,6.7,0.72,128,,,
bundled payment,2,2015,2019,0.458,0.145,415,,[2014] Bundled payments in total joint arthroplasty: targeting opportunities for quality improvement and cost reduction. | [2014] Bundled payments in orthopaedics. | [2014] The effect of severity of disease on cost burden of 30-day readmissions following total joint arthroplasty (TJA).,[2023] The impact of dehydration on short-term postoperative complications in total knee arthroplasty. | [2023] Effects of Patient Comorbidities and Demographics on Episode-of-Care Costs Following Total Shoulder Arthroplasty. | [2023] Total knee arthroplasty in the outpatient vs inpatient settings: impact of site of care on early postoperative economic and clinical outcomes.,2.5,284.6,USA,94.0,1.1,21.6,8703515,31.3,8.8,0.211,3.3,0.18,401,,,
for a randomized,3,2015,2025,0.234,0.141,260,"the usual (lift 47.0, wsp. 5); of tissue (lift 13.8, wsp. 4)",[2014] Targeted rehabilitation to improve outcome after total knee replacement (TRIO): study protocol for a randomised controlled trial. | [2014] First metatarsophalangeal joint arthrodesis versus proximal phalanx hemiarthroplasty for hallux rigidus: feasibility study for a randomised controlled trial. | [2014] Cervical arthroplasty: a critical review of the literature.,[2023] Effect of dexmedetomidine on postoperative cognitive dysfunction in elderly patients undergoing orthopaedic surgery: study protocol for a randomized controlled trial. | [2023] Lateral compression type 1 fracture fixation in the elderly (L1FE): study protocol for a randomised controlled trial (with internal pilot) comparing the effects of INFIX surgery and non-surgical management for treating patients with lateral compression type 1 (LC-1) fragility fractures. | [2023] Comparison of posterior muscle-preserving selective laminectomy and laminectomy with fusion for treating cervical spondy,0.9,215.2,China,23.1,8.3,4.1,101263253,50.7,3.3,0.023,30.1,1.0,221,,,
local infiltration analgesia,3,2013,2020,0.22,0.141,315,"30 mg (lift 159.6, wsp. 9); epidural analgesia (lift 114.3, wsp. 10); continuous infusion (lift 57.0, wsp. 4); intrathecal (lift 56.1, wsp. 6); bolus (lift 53.8, wsp. 6)",[2012] Local infiltration analgesia with levobupivacaine compared with intrathecal morphine in total hip arthroplasty patients. | [2012] Local infusion analgesia using intra-articular double lumen catheter after total knee arthroplasty: a double blinded randomized control study. | [2012] Local infiltration analgesia in hip and knee arthroplasty: an emerging technique.,"[2023] Is Local Infiltration Analgesia the Preferred Analgesic Approach for Total Knee Arthroplasty?: Commentary on an article by Caroline Pic, MD, et al.: ""No Benefit of Adductor Canal Block Compared with Anterior Local Infiltration Analgesia in Primary Total Knee Arthroplasty. A Single-Blinded Randomized Controlled Clinical Trial"". | [2023] Addition of Infiltration Between the Popliteal Artery and the Capsule of the Posterior Knee (IPACK) to Local Infiltration Analgesia for Total Knee Arthroplasty: A Prospective Randomized Controlled Trial. | [2023] Repeat dose steroid in high pain responder",1.1,241.5,China,26.6,9.1,8.8,8703515,7.4,39.7,0.085,8.1,0.58,284,,,
plane block,2,2023,2024,0.202,0.14,157,"fentanyl (lift 113.8, wsp. 11); end of surgery (lift 53.9, wsp. 4); kg 1 (lift 43.9, wsp. 4); a bilateral (lift 25.1, wsp. 4); infusion (lift 13.0, wsp. 4)",[2022] Continuous interscalene versus phrenic nerve-sparing high-thoracic erector spinae plane block for total shoulder arthroplasty: a randomized controlled trial. | [2022] Regional Anesthesia for Hip Arthroscopy. | [2022] Iliopsoas plane block for postoperative analgesia after total hip replacement.,[2023] Erector Spinae Plane Block for Scapulothoracic Arthrodesis for Facioscapulohumeral Dystrophy Patients: A Case Series. | [2023] The role of dexmedetomidine as an adjuvant for high-thoracic erector spinae plane block for analgesia in shoulder arthroscopy; a randomized controlled study. | [2023] Retrospective Comparison of Anesthetic Methods for Percutaneous Balloon Kyphoplasty Surgery: General Anesthesia and Erector Spinae Plane Block.,2.6,70.7,China,25.4,7.9,9.0,9301980,12.8,21.4,,,0.96,78,,,
pericapsular,1,2023,2025,0.187,0.137,130,"injection of (lift 10.4, wsp. 4); total hip replacement (lift 4.0, wsp. 4); hip replacement (lift 3.3, wsp. 5)",[2022] Rescue Pericapsular Nerve Group Block for Hip Arthroscopy: A Report of 3 Cases. | [2022] Functional recovery after pericapsular nerve group block for hip surgery: a reply. | [2022] Evaluation of Pericapsular Nerve Group (PENG) Block for Analgesic Effect in Elderly Patients with Femoral Neck Fracture Undergoing Hip Arthroplasty.,[2023] Editorial Commentary: The Optimal Nerve Block for Hip Arthroscopy Is Undetermined. | [2023] Randomized clinical trial comparing pericapsular nerve group (PENG) block and periarticular local anesthetic infiltration for total hip arthroplasty. | [2023] Randomized clinical trial comparing pericapsular nerve group (PENG) block and periarticular local anesthetic infiltration for total hip arthroplasty.,2.7,64.7,China,34.3,6.5,6.7,8506498,9.3,25.5,0.062,11.1,1.0,75,,,
review and network,3,2023,2024,0.202,0.136,142,"substitute (lift 7.4, wsp. 4)",[2022] Evaluating robotic pedicle screw placement against conventional modalities: a systematic review and network meta-analysis. | [2022] Comparative clinical outcomes of different therapies for traumatic meniscal tears in adults: A protocol for systematic review and network meta-analysis. | [2022] Comparisons of the Efficacy and Safety of Total Knee Arthroplasty by Different Surgical Approaches: A Systematic Review and Network Meta-analysis.,[2023] Efficacy of 11 anticoagulants for the prevention of venous thromboembolism after total hip or knee arthroplasty: A systematic review and network meta-analysis. | [2023] Comparative efficacy of the different cutting guides in unicompartmental knee arthroplasty: A systematic-review and network meta-analysis. | [2023] Evaluation of Comparative Efficacy and Safety of Surgical Approaches for Total Hip Arthroplasty: A Systematic Review and Network Meta-analysis.,3.0,64.1,China,41.9,4.7,6.1,100968565,6.1,34.6,,,0.73,66,,,
fusion a systematic,3,2022,2025,0.167,0.132,170,"in the cervical (lift 27.5, wsp. 4); the cervical spine (lift 10.8, wsp. 4); summary of background (lift 9.0, wsp. 11); the cervical (lift 8.6, wsp. 6); of background data (lift 8.3, wsp. 10)",[2021] Consensus statement for perioperative care in lumbar spinal fusion: Enhanced Recovery After Surgery (ERAS®) Society recommendations. | [2021] Rate and Characteristics of Vertebral Artery Injury Following C1-C2 Posterior Cervical Fusion: A Systematic Review and Meta-Analysis. | [2021] Titanium (Ti) cages may be superior to polyetheretherketone (PEEK) cages in lumbar interbody fusion: a systematic review and meta-analysis of clinical and radiological outcomes of spinal interbody fusions using Ti versus PEEK cages.,"[2023] Letter to the editor regarding ""To cross or not to cross the cervicothoracic junction in multilevel posterior cervical fusion: a systematic review and meta-analysis"". | [2023] Safety and Efficacy of Local Steroid Application on Dysphagia Following Anterior Cervical Discectomy and Fusion: A Systematic Review and Meta-analysis. | [2023] Safety and clinical efficacy of endoscopic procedures for the treatment of adjacent segmental disease after lumbar fusion: A systematic review and meta-analysis.",2.5,77.2,USA,38.9,5.3,11.1,101528275,18.5,10.8,0.006,120.2,1.0,81,,,
cortical bone trajectory,3,2020,2021,0.162,0.125,194,"pullout strength (lift 47.1, wsp. 4); spine were (lift 44.2, wsp. 9); screw instrumentation (lift 22.8, wsp. 4); were inserted (lift 13.4, wsp. 6); inserted (lift 9.8, wsp. 13)",[2019] Sacral Endplate Penetrating Screw for Lumbosacral Fixation: A Cadaveric Biomechanical Study. | [2019] Preoperative 3D CT Planning for Cortical Bone Trajectory Screws: A Retrospective Radiological Cohort Study. | [2019] Comparative clinical efficacy and safety of cortical bone trajectory screw fixation and traditional pedicle screw fixation in posterior lumbar fusion: a systematic review and meta-analysis.,[2023] Evaluating the contact anatomy and contact bone volume of spinal screws using a novel drilled surface image. | [2023] Hybrid pedicle screw and modified cortical bone trajectory technique in transforaminal lumbar interbody fusion at L4-L5 segment: finite element analysis. | [2023] The Fusion Rate of Cortical Bone Trajectory Screw Fixation and Pedicle Screw Fixations in L4-5 Interbody Fusion: A Retrospective Cohort Study.,2.6,99.9,China,58.3,2.7,7.7,100968565,12.8,18.9,,,0.49,117,,,
fracture a meta,3,2016,2017,0.167,0.121,248,"of vertebroplasty (lift 32.9, wsp. 4); vertebroplasty and (lift 23.8, wsp. 4); the cement (lift 12.3, wsp. 4)",[2015] Intramedullary nail versus plate treatments for distal tibial fractures: a meta-analysis. | [2015] Intramedullary versus extramedullary fixation in the management of subtrochanteric femur fractures: a meta-analysis. | [2015] Are Volar Locking Plates Superior to Percutaneous K-wires for Distal Radius Fractures? A Meta-analysis.,[2023] Comparing external fixators and intramedullary nailing for treating open tibia fractures: a meta-analysis of randomized controlled trials. | [2023] Medial-lateral versus lateral-only pinning fixation in children with displaced supracondylar humeral fractures: a meta-analysis of randomized controlled trials. | [2023] Comparison of clinical outcomes with proximal femoral nail anti-rotation versus dynamic hip screw for unstable intertrochanteric femoral fractures: A meta-analysis.,1.6,165.3,China,64.9,2.3,9.2,2985248R,11.4,23.2,,,0.84,185,,,
pericapsular nerve group,3,2023,2024,0.162,0.121,99,,[2022] Rescue Pericapsular Nerve Group Block for Hip Arthroscopy: A Report of 3 Cases. | [2022] Functional recovery after pericapsular nerve group block for hip surgery: a reply. | [2022] Evaluation of Pericapsular Nerve Group (PENG) Block for Analgesic Effect in Elderly Patients with Femoral Neck Fracture Undergoing Hip Arthroplasty.,[2023] Editorial Commentary: The Optimal Nerve Block for Hip Arthroscopy Is Undetermined. | [2023] Randomized clinical trial comparing pericapsular nerve group (PENG) block and periarticular local anesthetic infiltration for total hip arthroplasty. | [2023] Randomized clinical trial comparing pericapsular nerve group (PENG) block and periarticular local anesthetic infiltration for total hip arthroplasty.,2.9,59.3,China,38.1,5.7,7.4,8506498,7.4,24.6,,,0.99,68,,,
fracture a finite,3,2023,2023,0.15,0.117,127,"stiffness of the (lift 23.1, wsp. 4); cancellous bone (lift 12.1, wsp. 5); solid (lift 10.4, wsp. 5); bone in (lift 8.9, wsp. 4); cancellous (lift 8.0, wsp. 5)",[2022] Comparison between external locking plate fixation and conventional external fixation for extraarticular proximal tibial fractures: a finite element analysis. | [2022] Application of a lateral intertubercular sulcus plate in the treatment of proximal humeral fractures: a finite element analysis. | [2022] Effect of coronal fracture angle on the stability of screw fixation in medial malleolar fractures: A finite element analysis.,[2023] Novel screw fixation placement configuration for the treatment of Pauwels type III femoral neck fractures: a finite element analysis. | [2023] How to choose the suitable FNS specification in young patients with femoral neck fracture: A finite element analysis- letter to editor. | [2023] Biomechanical study of femoral neck system for young patients with nonanatomically reduced femoral neck fractures: a finite element.,3.6,53.1,China,61.5,2.5,5.5,100968565,21.8,9.9,,,0.8,55,,,
liposomal bupivacaine,2,2015,2017,0.257,0.117,251,"of bupivacaine (lift 202.4, wsp. 17); group with regard (lift 29.5, wsp. 5); injection of (lift 26.7, wsp. 15); infusion (lift 10.5, wsp. 5); inc (lift 6.6, wsp. 4)",[2014] Role of liposomal bupivacaine in pain management after total joint arthroplasty. | [2014] Liposomal bupivacaine versus traditional periarticular injection for pain control after total knee arthroplasty. | [2014] Perioperative pain management in hip and knee replacement surgery.,[2023] Letter to the Editor: In response to a recent non-inferiority trial of bupivacaine alone versus liposomal bupivacaine plus bupivacaine in interscalene blocks for total shoulder arthroplasty. | [2023] In reply: a recent non-inferiority trial of bupivacaine alone versus liposomal bupivacaine plus bupivacaine in interscalene blocks for total shoulder arthroplasty. | [2023] Liposomal bupivacaine administration is not superior to traditional periarticular injection for postoperative pain management following total knee arthroplasty: a meta-analysis of randomized controlled trials.,1.7,208.7,USA,77.0,1.6,18.7,8703515,17.0,19.3,0.421,1.6,0.47,240,,,
vertebral bone quality,3,2023,2025,0.227,0.111,84,"the cervical (lift 13.8, wsp. 9); of the cervical (lift 12.4, wsp. 4); of background data (lift 3.6, wsp. 4); summary of background (lift 3.5, wsp. 4); the author (lift 3.3, wsp. 6)","[2022] MRI-based vertebral bone quality score effectively reflects bone quality in patients with osteoporotic vertebral compressive fractures. | [2022] Preoperative MRI-based vertebral bone quality (VBQ) score assessment in patients undergoing lumbar spinal fusion. | [2022] The predictive value of a novel site-specific MRI-based bone quality assessment, endplate bone quality (EBQ), for severe cage subsidence among patients undergoing standalone lateral lumbar interbody fusion.",[2023] Commentary: A Novel Cervical Vertebral Bone Quality Score Independently Predicts Cage Subsidence Following Anterior Cervical Diskectomy and Fusion. | [2023] Vertebral Bone Quality Score as a Predictor of Pedicle Screw Loosening Following Surgery for Degenerative Lumbar Disease. | [2023] Vertebral bone quality score to predict cage subsidence following oblique lumbar interbody fusion.,5.3,50.7,China,77.3,1.6,12.0,9301980,30.7,7.4,0.26,2.7,1.0,75,,,
can we,2,2015,2019,0.161,0.111,256,,[2014] Can we treat select terrible triad injuries nonoperatively? | [2014] Postoperative falls after total knee arthroplasty in patients with a femoral nerve catheter: can we reduce the incidence? | [2015] The Distal Humerus Axial View: Assessment of Displacement in Medial Epicondyle Fractures.,[2023] Can we safely place the distal volar locking plate screws into the subchondral zone of a distal radius fracture using a 45° supination oblique view under fluoroscopic guidance? | [2023] A Nomogram That Characterizes a Patient's Odds of Developing Squeaking After Fourth-generation Ceramic-on-ceramic THA. | [2023] Stratified care in hip arthroscopy: can we predict successful and unsuccessful outcomes? Development and external temporal validation of multivariable prediction models.,1.0,193.2,USA,38.1,5.8,15.6,0075674,9.0,32.2,0.019,35.7,0.58,199,,,
rivaroxaban,1,2008,2012,0.331,0.094,411,"xa (lift 442.0, wsp. 35); dabigatran (lift 319.9, wsp. 19); enoxaparin (lift 256.1, wsp. 32); prevention of venous (lift 229.5, wsp. 23); once daily (lift 199.1, wsp. 17)","[2007] Dose-escalation study of rivaroxaban (BAY 59-7939)--an oral, direct Factor Xa inhibitor--for the prevention of venous thromboembolism in patients undergoing total hip replacement. | [2007] Drug evaluation: rivaroxaban, an oral, direct inhibitor of activated factor X. | [2007] Rivaroxaban for thromboprophylaxis after orthopaedic surgery: pooled analysis of two studies.",[2023] Effectiveness of different antithrombotic agents in combination with tranexamic acid for venous thromboembolism prophylaxis and blood management after total knee replacement: a prospective randomized study. | [2023] Efficacy of 11 anticoagulants for the prevention of venous thromboembolism after total hip or knee arthroplasty: A systematic review and network meta-analysis. | [2023] Efficacy and Safety of Rivaroxaban and Enoxaparin for Thromboprophylaxis Among Total Hip Arthroplasty Patients: A Systematic Review and Meta-Analysis.,1.0,343.4,USA,22.2,9.1,15.8,7608063,5.2,79.4,0.213,3.3,0.24,403,,,
clinical article,2,2012,2013,0.217,0.01,114,"object the (lift 81.9, wsp. 20); object (lift 74.8, wsp. 70); cervical arthroplasty (lift 63.7, wsp. 8); conclusion the author (lift 59.7, wsp. 7); artificial disc (lift 47.8, wsp. 7)","[2011] Effect of deep wound infection following lumbar arthrodesis for degenerative disc disease on long-term outcome: a prospective study: clinical article. | [2011] Prospective, randomized, multicenter study of cervical arthroplasty: 269 patients from the Kineflex|C artificial disc investigational device exemption study with a minimum 2-year follow-up: clinical article. | [2011] Long-term outcomes of revision fusion for lumbar pseudarthrosis: clinical article.",[2024] Efficacy of bone ring grafts for the reconstruction of alveolar ridge deficiencies: A systematic review. Part I: Clinical trials. | [2024] Risk of surgical site infection after hip hemiarthroplasty of femoral neck fractures: a systematic review and meta-analysis. | [2024] The Association of Preoperative Bone Mineral Density and Outcomes After Anterior Cervical Discectomy and Fusion: A Systematic Review.,3.3,81.0,USA,53.6,3.2,23.3,101223545,65.6,2.3,,,0.0,90,,,
