pozycja,term,n,occurrences,docs_total,y2005,y2006,y2007,y2008,y2009,y2010,y2011,y2012,y2013,y2014,y2015,y2016,y2017,y2018,y2019,y2020,y2021,y2022,y2023,y2024,y2025,y0,baseline_share,share_at_y0,peak_share,peak_year,docs_2021_2025,emerging,prevalence_2021_2025,threshold,exceedance,w_rdzeniu_4
1,ci,1,26923,11128,44,68,65,103,129,141,218,284,329,417,504,599,635,721,828,967,994,962,846,1023,1251,2015,0.007114111576767146,0.03729189789123197,0.08367333288743228,2025,5076,True,0.06901146112327165,0.03557055788383573,2.3523199484440984,False
2,systematic review,2,15824,9914,37,27,62,70,123,147,209,211,305,367,428,465,547,613,698,806,982,927,851,984,1055,2014,0.005066427080116875,0.02733298577493111,0.07056384188348605,2025,4799,True,0.06524546925346349,0.025332135400584377,2.785546530824963,True
3,vas,1,14414,10185,70,79,112,148,167,212,260,292,352,392,451,502,656,569,659,828,892,866,778,891,1009,2021,0.010490667445926008,0.05568735172930453,0.0674871246070497,2025,4436,True,0.060310252471007304,0.05245333722963004,1.2866126002928049,False
4,primary outcome,2,6791,6479,11,12,22,28,46,47,68,89,125,137,202,251,311,375,504,573,614,622,607,789,1046,2013,0.0018038480394099727,0.009366102202907237,0.06996187545983547,2025,3678,True,0.05000475847348171,0.009019240197049864,7.756958893579478,False
5,meta analysis,2,14027,7393,29,28,31,29,67,78,103,145,227,259,330,404,438,494,590,629,708,666,625,722,791,2014,0.003556354773483731,0.019289491323452746,0.05290616012306869,2025,3512,True,0.04774788247930064,0.017781773867418655,2.9753027182517515,True
6,inclusion criterion,2,7875,7410,40,46,57,77,109,133,183,219,236,315,349,433,465,481,561,627,625,543,512,640,759,2016,0.005755466873558465,0.031148838213078196,0.05076583506119992,2025,3079,True,0.04186097100050304,0.028777334367792326,1.764090947840436,False
7,pubmed,1,5529,5497,5,5,14,12,26,43,70,83,109,144,214,254,325,335,410,475,524,517,534,630,768,2011,0.0009580212903808476,0.0058601925491837585,0.05136780148485051,2025,2973,True,0.04041983331747175,0.004790106451904238,10.723728585286446,False
8,95 ci,2,15952,6621,25,36,46,60,69,92,127,163,227,264,379,417,466,442,485,494,508,488,464,560,809,2015,0.004291181263945628,0.028042915279319274,0.05411009297036987,2025,2829,True,0.03846206137071227,0.02145590631972814,2.5219206387295356,False
9,embase,1,5600,5574,19,14,21,32,59,59,81,93,174,180,225,296,345,369,454,476,498,499,495,531,654,2013,0.002183842285778809,0.013037614266446876,0.043742893451943016,2025,2677,True,0.03639552431579949,0.010919211428894045,4.006048764308388,False
10,cohort,1,6637,5523,41,38,60,78,92,93,103,134,193,197,246,305,287,314,395,414,446,445,469,570,603,2022,0.005596286880687477,0.03078093657051947,0.04033175038458966,2025,2533,True,0.03443775236904001,0.027981434403437384,1.4413753706505874,False
11,retrospective cohort study,3,4506,4265,21,12,26,18,27,40,45,52,84,119,121,153,240,220,320,346,391,426,418,532,654,2017,0.002384245374837968,0.01669332962370453,0.043742893451943016,2025,2421,True,0.03291504085489375,0.01192122687418984,3.66932815838351,True
12,secondary outcome,2,4356,4143,8,9,10,13,22,24,55,60,78,85,114,152,191,202,319,381,407,394,387,501,731,2013,0.0010884541967653438,0.005844447774614117,0.04889305063206475,2025,2420,True,0.032901445216374586,0.005442270983826719,8.983942691821959,False
13,bmi,1,8185,4512,13,20,36,50,45,65,81,111,144,168,182,228,225,236,336,338,411,390,384,486,563,2016,0.002754141922068998,0.01640169771958852,0.037656344057253696,2025,2234,True,0.03037265645181026,0.013770709610344989,2.7345245904368696,False
14,level iii,2,4950,4939,24,25,19,66,55,61,105,115,152,202,236,274,256,320,413,444,404,359,389,517,503,2014,0.002756121701179308,0.015044313696283607,0.034892353377876766,2024,2172,True,0.02952972686362215,0.01378060850589654,2.5319893067818295,False
15,odd ratio,2,4993,4200,34,27,25,38,55,66,79,98,124,153,211,235,253,295,323,356,352,335,342,386,413,2017,0.003494307254683728,0.017597551644988524,0.02762357032974383,2025,1828,True,0.02485282721303006,0.01747153627341864,1.5810613272612202,False
16,patient reported outcome,3,3846,3023,0,1,2,7,7,13,22,29,47,67,80,122,123,174,250,279,288,324,324,385,479,2010,0.00011794440582046775,0.0011971636430610554,0.032037990769848174,2025,1800,True,0.024472149334493494,0.001,32.03799076984817,True
17,comorbidity,1,5109,4111,26,24,37,55,64,81,110,124,174,167,184,203,229,247,291,330,311,346,291,367,450,2019,0.0035040224606637457,0.01876934984520124,0.030098321182529596,2025,1765,True,0.02399630198632279,0.01752011230331873,1.717929694824402,False
18,periprosthetic joint infection,3,10326,3099,0,5,4,5,7,17,29,40,46,90,108,120,169,201,243,291,323,308,334,382,377,2011,0.0003554202484088054,0.0024277940560904145,0.025781197273402175,2024,1724,True,0.023438880807037103,0.001777101242044027,14.507444293803186,True
19,demographic,1,3648,3384,18,25,21,28,34,55,70,105,102,94,124,140,184,202,217,261,279,334,268,386,437,2018,0.002579704605764435,0.014037526059763725,0.02922881412614541,2025,1704,True,0.023166968036653843,0.012898523028822176,2.266058994571135,False
20,science,1,2645,2611,5,3,7,7,10,16,16,19,20,45,74,101,121,145,169,217,263,256,296,371,450,2014,0.0006049815883931455,0.0033514560214493185,0.030098321182529596,2025,1636,True,0.022242464617350754,0.0030249079419657275,9.950161049519508,False
21,prom,1,4222,2078,1,1,0,1,1,4,4,9,19,23,29,42,58,91,122,159,220,278,257,371,388,2013,8.2263427085854e-05,0.0014236475348419003,0.02595144137515885,2025,1514,True,0.020583796718012862,0.001,25.95144137515885,False
22,patient reported outcome measure,4,2482,2158,0,0,2,0,3,3,12,14,26,22,32,47,67,111,148,169,215,272,241,392,382,2011,7.810059356451109e-05,0.00100460443700293,0.026456097725585475,2024,1502,True,0.020420649055782905,0.001,26.456097725585476,True
23,operation time,2,4345,3132,17,25,19,44,45,31,63,58,95,110,133,136,191,173,227,288,269,327,314,291,276,2019,0.0024591843973700267,0.014641382868937049,0.023591284748309543,2023,1477,True,0.020080758092803828,0.012295921986850134,1.918626742552468,False
24,web,1,2314,2281,1,2,1,5,5,7,8,10,18,42,64,83,106,122,146,191,226,222,272,326,424,2013,0.0001611575361240662,0.0013487187172186424,0.02835930706976122,2025,1470,True,0.019985588623169688,0.001,28.359307069761222,False
25,odi,1,5435,3239,11,21,27,35,43,64,92,101,120,112,145,170,191,193,208,278,238,275,265,318,332,2016,0.00235769383362486,0.012229336018991439,0.022205872516888502,2025,1428,True,0.01941457180536484,0.011788469168124299,1.8836943287710826,False
26,or,1,4491,3082,18,29,23,34,39,36,54,64,92,93,148,168,188,194,232,252,241,260,278,297,342,2019,0.0028171804483527723,0.014963880288957688,0.022874724098722495,2025,1418,True,0.019278615420173208,0.014085902241763862,1.6239445444183405,False
27,this systematic review,3,2879,2537,3,1,13,9,34,36,30,53,65,80,91,132,120,155,164,194,244,254,244,263,352,2012,0.0006747565149149708,0.004390688426808053,0.023543575680556483,2025,1357,True,0.018449281470504262,0.003373782574574854,6.978391511647225,False
28,vas score,2,3819,2936,15,14,20,33,30,52,62,77,95,97,130,117,182,166,235,284,273,250,233,286,285,2017,0.0019751135296769643,0.012659108297975934,0.019302152932442463,2024,1327,True,0.01804141231492937,0.009875567648384822,1.9545360448823808,False
29,patient demographic,2,2886,2751,4,11,16,21,29,35,54,49,85,93,122,126,152,168,220,250,240,257,226,314,279,2013,0.0012327651426512012,0.006368949497976922,0.021191874198555713,2024,1316,True,0.017891860291218576,0.006163825713256006,3.4381040581631286,False
30,cochrane library,2,2662,2643,5,5,9,14,28,33,32,54,66,79,108,114,161,183,211,235,257,216,241,260,332,2012,0.0007627698064695699,0.004473531604672355,0.022205872516888502,2025,1306,True,0.017755903906026948,0.0038138490323478495,5.822430916521704,False
31,medline,1,3389,3357,24,23,35,43,69,66,83,102,139,158,183,208,212,222,247,272,293,270,256,226,226,2021,0.0033012388251834834,0.01829192158821326,0.019233658903080392,2023,1271,True,0.01728005655785624,0.016506194125917417,1.1652388646562934,False
32,readmission,1,4676,2418,6,13,7,13,12,15,16,27,50,69,67,122,169,156,228,249,225,263,231,231,249,2016,0.0010458393257826092,0.008776347025393856,0.0181918793663969,2022,1199,True,0.0163011705844765,0.005229196628913046,3.478905204254733,True
33,postoperative outcome,2,2459,2094,13,15,20,15,26,30,22,33,45,42,51,60,106,109,139,176,151,194,183,276,388,2022,0.0019301181122731263,0.013419104931866916,0.02595144137515885,2025,1192,True,0.01620600111484236,0.009650590561365632,2.689103968315751,True
34,intraoperative blood loss,3,2896,2117,12,10,15,22,19,18,28,30,59,67,67,63,114,114,144,177,214,204,214,221,305,2017,0.0014932279522521677,0.00792933157125965,0.020399973245936728,2025,1158,True,0.015743749405190816,0.007466139761260838,2.7323320883684743,False
35,instruction,1,3003,2976,2,33,20,14,6,11,18,78,119,222,127,201,256,242,262,233,253,215,210,222,232,2016,0.0021806909697514748,0.014459391410689878,0.01780621826528483,2017,1132,True,0.015390262803692576,0.010903454848757373,1.6330803871136441,False
36,independent risk factor,3,2892,2082,11,4,8,15,12,15,25,42,48,56,85,114,104,139,149,187,194,171,171,252,280,2015,0.0009383933864107417,0.006289308176100629,0.01872784429135175,2025,1068,True,0.01452014193846614,0.004691966932053708,3.9914697956224585,False
37,clinical efficacy,2,2226,1833,9,15,14,22,20,31,28,43,41,55,55,60,67,95,113,135,154,164,176,233,303,2020,0.0015261378722600035,0.00803045624888466,0.02026620292956993,2025,1030,True,0.014003507674737944,0.007630689361300017,2.6558810049787214,True
38,90 day,2,2620,1744,7,16,3,13,11,22,21,21,31,45,41,72,84,86,136,145,151,195,182,210,252,2017,0.0010515891902513545,0.0058426653682965846,0.016855059862216575,2025,990,True,0.013459682133971421,0.005257945951256773,3.2056358164328063,False
39,scopus,1,1421,1410,0,0,0,0,0,5,5,8,11,15,25,53,55,57,85,107,139,147,157,213,328,2014,0.0,0.001117152007149773,0.021938331884154907,2025,984,True,0.013378108302856444,0.001,21.938331884154906,False
40,bias,1,2770,1942,7,5,10,11,20,25,20,45,64,61,87,95,96,115,147,154,160,200,186,200,234,2013,0.0008866593329116202,0.004795444327888506,0.01565112701491539,2025,980,True,0.013323725748779791,0.004433296664558101,3.530358601994313,False
41,rct,1,3609,2378,11,14,21,22,41,32,45,57,78,104,135,136,152,188,170,193,207,166,166,207,233,2015,0.0018444853671396304,0.009988901220865706,0.015584241856731991,2025,979,True,0.013310130110260629,0.009222426835698152,1.6898200586865637,False
42,hr,1,5543,2033,3,12,11,25,22,25,50,47,58,73,85,103,118,116,140,175,163,186,177,179,265,2014,0.0010349378561659828,0.005436806434795561,0.017724566918600762,2025,970,True,0.013187769363588162,0.0051746892808299146,3.425242745349553,False
43,trial registration,2,1894,1882,0,3,5,4,9,12,19,25,31,63,66,94,97,112,155,229,205,156,161,166,270,2011,0.00031478292067914766,0.001590623691921306,0.018058992709517756,2025,958,True,0.013024621701358204,0.0015739146033957384,11.473934272263106,False
44,revision rate,2,2839,1990,12,15,22,15,24,40,49,49,63,74,75,86,105,131,123,179,185,161,173,179,230,2020,0.00196579909100774,0.010647790137410029,0.015383586382181794,2025,928,True,0.012616752545783313,0.0098289954550387,1.5651229520403949,False
45,subgroup analysis,2,1930,1656,3,9,8,4,12,18,26,35,40,51,56,62,79,93,123,134,156,161,136,199,251,2015,0.0007982555290513461,0.004143544210136885,0.016788174704033175,2025,903,True,0.012276861582804237,0.0039912776452567305,4.2062157023790085,False
46,exclusion criterion,2,1932,1895,8,10,16,14,18,26,29,46,55,59,76,103,105,106,156,167,169,139,165,206,222,2016,0.001362599789714834,0.007409538882094813,0.014848505116714601,2025,901,True,0.01224967030576591,0.00681299894857417,2.1794374590094585,False
47,preferred reporting item,3,1335,1332,0,0,0,0,0,0,4,5,10,7,30,41,61,60,105,114,162,154,169,211,199,2015,0.0,0.0022197558268590455,0.014240399541067693,2024,895,True,0.012168096474650931,0.001,14.240399541067692,False
48,surgical site infection,3,3236,2119,17,12,14,22,24,28,40,64,80,91,128,121,136,147,147,181,164,175,144,172,212,2017,0.0017459633541313123,0.009459553453432567,0.01417965353488061,2025,867,True,0.011787418596114367,0.00872981677065656,1.624278482286424,True
49,p value,2,2260,1686,5,9,17,15,21,22,31,25,63,58,69,87,88,88,110,133,156,153,168,175,193,2019,0.001234547429751441,0.007094943240454076,0.012908835529396027,2025,845,True,0.01148831454869278,0.006172737148757205,2.091266032929175,False
50,los,1,3833,1823,10,21,14,17,19,20,22,30,51,55,64,83,117,103,191,174,186,183,133,172,158,2019,0.0018076203606256407,0.012319401444788441,0.012658227848101266,2022,832,True,0.01131157124794366,0.009038101803128203,1.4005405254143177,False
51,reoperation rate,2,2333,1662,12,12,11,10,18,10,22,30,64,62,69,78,97,99,106,132,131,159,175,160,205,2020,0.001416714389635059,0.00785200166557611,0.013711457427596815,2025,830,True,0.011284379970905334,0.007083571948175295,1.9356699597198053,False
52,iqr,1,3269,1367,3,4,6,5,7,9,9,15,21,33,29,54,51,67,105,119,144,135,126,184,241,2016,0.000520935874207052,0.0038846126177972807,0.016119323122199183,2025,830,True,0.011284379970905334,0.0026046793710352597,6.188601676448327,False
53,minimal clinically important difference,4,1376,1155,1,1,1,1,3,3,3,2,13,7,10,21,32,50,81,105,156,138,135,198,194,2016,0.00012131372386810955,0.0015106826846989425,0.013363028953229399,2024,821,True,0.011162019224232865,0.001,13.3630289532294,False
54,hazard ratio,2,2163,1859,9,11,23,21,20,21,36,44,72,67,87,97,142,114,138,159,133,128,137,170,230,2022,0.0017182152942764768,0.008853842429273017,0.015383586382181794,2025,798,True,0.010849319538292115,0.008591076471382384,1.7906471247725295,False
55,mcid,1,3231,1107,1,2,0,1,3,5,8,13,12,7,11,25,28,43,64,88,149,142,134,176,195,2016,0.00012210723934181065,0.001798431767498741,0.013042605845762825,2025,796,True,0.01082212826125379,0.001,13.042605845762825,False
56,auc,1,2149,1135,1,1,4,0,4,5,11,8,14,17,24,28,40,40,58,87,125,124,134,164,246,2014,0.00023846461421487617,0.001266105608103076,0.01645374891311618,2025,793,True,0.010781341345696301,0.0011923230710743809,13.799740449784306,False
57,logistic regression analysis,3,1766,1601,12,12,13,18,17,21,39,33,48,51,77,72,77,85,97,139,148,140,123,169,210,2020,0.00149481498319957,0.008268395693296056,0.014045883218513812,2025,790,True,0.010740554430138811,0.00747407491599785,1.8792804964329919,False
58,koo,1,2761,1647,4,3,8,10,17,19,34,36,56,78,53,93,95,104,125,147,149,133,130,166,187,2013,0.0006016122703455038,0.004196013786902443,0.012507524580295632,2025,765,True,0.010400663467159735,0.003008061351727519,4.158001821709057,False
59,univariate analysis,2,1801,1591,10,8,13,13,20,28,27,33,44,45,60,84,88,108,131,124,165,140,128,147,175,2018,0.001250600504515949,0.007505211952744961,0.011704902682094844,2025,755,True,0.010264707081968104,0.006253002522579745,1.8718851687374432,False
60,included study,2,1616,1421,3,4,3,3,6,8,16,34,50,53,62,69,86,99,101,115,139,115,144,145,166,2012,0.00040378498386028526,0.0028166680473862976,0.011102936258444251,2025,709,True,0.009639307710086604,0.0020189249193014263,5.499429994794461,False
61,propensity score matching,3,1160,976,0,0,0,0,1,3,4,4,11,14,11,15,24,38,62,81,89,100,123,156,240,2016,0.0,0.0010790590604992446,0.016052437964015787,2025,708,True,0.009625712071567441,0.001,16.052437964015787,False
62,md,1,3429,1446,4,3,3,7,7,24,37,45,41,56,56,84,98,89,93,100,122,124,132,148,173,2010,0.000406360786434226,0.0022101482641127177,0.011571132365728045,2025,699,True,0.009503351324894974,0.0020318039321711298,5.695004415787035,True
63,lower rate,2,1570,1405,8,10,17,13,22,17,33,35,43,52,54,69,74,82,98,104,138,103,118,160,155,2021,0.0014016500864970896,0.008615307778748908,0.010798407234932847,2024,674,True,0.009163460361915897,0.007008250432485448,1.5408135509654204,False
64,tja,1,3398,1354,3,5,6,9,8,11,15,23,44,35,48,73,76,87,107,133,135,142,112,142,140,2015,0.0005607796864630085,0.003551609322974473,0.009822231444974752,2022,671,True,0.009122673446358408,0.0028038984323150423,3.503062497476064,False
65,this retrospective cohort study,4,1015,1009,0,3,3,5,4,4,10,16,15,14,28,30,30,54,58,65,105,98,85,124,258,2015,0.0002366823271146366,0.0020717721050684426,0.01725637081131697,2025,670,True,0.009109077807839245,0.001183411635573183,14.581883676476513,False
66,pro,1,2082,1109,4,6,4,7,8,4,11,10,31,16,27,31,59,72,76,94,115,125,113,138,158,2017,0.0005649425199843515,0.004103776865827363,0.010567854992977058,2025,649,True,0.008823569398936821,0.0028247125999217573,3.7412142365456154,False
67,inception,1,1035,1029,2,1,1,1,4,5,12,8,14,16,34,40,32,54,67,90,117,108,132,129,162,2013,0.0001637333386980069,0.0010490034467256107,0.010835395625710655,2025,648,True,0.008809973760417658,0.001,10.835395625710655,False
68,rr,1,4390,1620,9,14,9,15,25,24,32,50,66,86,96,96,103,104,126,130,108,118,98,119,192,2015,0.0012910425760927692,0.007103218645948946,0.012841950371212628,2025,635,True,0.008633230459668538,0.006455212880463846,1.9893922336903405,False
69,prisma guideline,2,858,856,0,0,0,0,0,0,1,0,5,5,7,22,23,40,43,77,110,104,101,126,192,2016,0.0,0.0015826199553988921,0.012841950371212628,2025,633,True,0.008606039182630212,0.001,12.841950371212628,False
70,this meta analysis,3,1783,1436,7,4,4,6,5,8,6,21,45,52,76,101,126,109,109,130,123,101,130,117,156,2013,0.0006125137399621302,0.0033717967930466056,0.01043408467661026,2025,627,True,0.008524465351515234,0.0030625686998106507,3.406971630466728,False
71,independent predictor,2,1812,1413,3,18,6,21,19,22,22,32,55,53,67,102,76,93,94,108,116,101,107,97,201,2018,0.001078749245790445,0.006462821403752606,0.01344391679486322,2025,622,True,0.008456487158919418,0.005393746228952225,2.4925008007792018,False
72,hhs,1,2261,1425,12,11,9,15,32,44,41,35,51,54,66,69,80,92,90,122,126,111,103,109,153,2020,0.0012987699838145912,0.007257153054547618,0.010233429202060064,2025,602,True,0.008184574388536158,0.006493849919072956,1.5758647535114207,False
73,reverse total shoulder arthroplasty,4,3687,1151,2,1,6,4,5,15,30,19,35,29,52,56,55,55,80,114,106,97,104,128,158,2013,0.00035898482260928464,0.0026225086168140265,0.010567854992977058,2025,593,True,0.00806221364186369,0.0017949241130464232,5.887633307817586,True
74,asd,1,3230,1199,2,3,6,12,5,13,25,15,28,37,49,64,93,107,75,85,111,102,109,139,119,2014,0.0004386724471211979,0.0027556416176361064,0.00938111628534791,2024,580,True,0.007885470341114571,0.0021933622356059895,4.277048329299817,False
75,chronic limb threatening ischemia,4,1044,656,1,0,0,0,0,0,0,0,0,0,0,1,9,8,17,61,80,92,111,130,146,2019,4.241961482989734e-05,0.0010964912280701754,0.009765233094776268,2025,559,True,0.007599961932212147,0.001,9.765233094776269,True
76,ase,1,1737,1208,10,11,7,16,15,29,37,29,43,47,53,52,63,56,79,118,122,119,99,107,96,2020,0.0011358301605902854,0.00701921361013622,0.008231306633464757,2022,543,True,0.007382431715905537,0.005679150802951427,1.449390396392888,False
77,knee injury,2,1231,1142,9,6,7,9,15,18,22,33,32,47,32,66,53,70,87,96,93,90,90,150,117,2018,0.0008941914844806048,0.004864489228630994,0.010123506782749545,2024,540,True,0.007341644800348049,0.004470957422403024,2.2642816350750263,False
78,kss,1,2025,1328,5,4,11,13,17,20,30,33,60,56,57,88,73,89,107,131,115,114,91,100,114,2013,0.0008010265877781243,0.004495729057395474,0.00788545341357128,2022,534,True,0.00726007096923307,0.004005132938890621,1.968836873553432,False
79,threshold,1,1309,1054,12,4,7,18,15,17,25,30,30,34,29,47,35,72,68,82,79,90,85,126,149,2020,0.0009417627044583835,0.004877758610433645,0.009965888569326467,2025,529,True,0.007192092776637255,0.004708813522291917,2.11643305094736,False
80,multivariable analysis,2,1053,929,0,2,5,2,4,10,13,15,20,15,35,44,38,55,60,84,71,91,92,128,145,2015,0.00027493910842319103,0.002589715131335553,0.00969834793659287,2025,527,True,0.007164901499598929,0.0013746955421159552,7.054906078814372,False
81,clti,1,1782,611,0,0,0,0,0,0,0,0,0,0,0,0,8,7,17,64,91,98,90,107,129,2019,0.0,0.0010964912280701754,0.008628185405658484,2025,515,True,0.007001753837368972,0.001,8.628185405658485,False
82,single center,2,1046,1004,9,7,6,12,10,14,14,28,35,20,41,41,41,65,67,84,96,86,100,113,115,2020,0.0008949849999543058,0.004996728332639343,0.007691793191090897,2025,510,True,0.006933775644773156,0.004474924999771529,1.7188652751685465,False
83,joa,1,1590,1332,9,2,11,24,27,24,30,42,64,63,54,89,86,86,105,115,114,92,88,109,98,2016,0.0008910174225858003,0.006402417092295518,0.007356414928798002,2024,501,True,0.006811414898100689,0.004455087112929001,1.651239300674756,False
84,lower risk,2,1180,1020,7,5,9,7,12,15,22,21,33,31,41,47,54,54,83,83,98,80,70,120,128,2019,0.0008476090361293646,0.005353457172342621,0.008561300247475085,2025,496,True,0.006743436705504874,0.004238045180646823,2.020105940958476,False
85,random effect model,3,941,910,3,4,4,2,12,9,12,22,19,25,31,41,47,63,53,68,90,71,69,95,170,2015,0.0004428352806425408,0.002293747687754347,0.011370476891177848,2025,495,True,0.006729841066985711,0.002214176403212704,5.13530759097587,False
86,receiver operating characteristic curve,4,872,791,1,6,7,6,5,11,7,15,6,16,23,30,28,41,42,64,78,78,105,120,102,2020,0.000554834565841426,0.003807031110582357,0.008098805426199635,2024,483,True,0.006566693404755754,0.00277417282920713,2.9193586430281298,False
87,baseline characteristic,2,883,836,1,7,3,8,8,6,10,9,18,25,29,39,40,45,49,59,78,81,65,85,171,2016,0.00043847719096836053,0.002805553557298036,0.011437362049361247,2025,480,True,0.006525906489198265,0.0021923859548418027,5.216856103325356,False
88,descriptive statistic,2,886,881,1,3,9,6,5,17,10,10,23,36,44,29,37,56,67,70,78,83,62,110,125,2017,0.0005134037226380673,0.0025735549836544483,0.008360644772924888,2025,458,True,0.006226802441776678,0.0025670186131903365,3.2569474681502717,False
89,reverse shoulder arthroplasty,3,1710,1090,0,1,8,12,14,15,41,24,45,65,68,55,70,63,70,85,77,80,85,117,95,2011,0.000352246186514001,0.0034323984930933445,0.007896335290544645,2024,454,True,0.006172419887700026,0.0017612309325700049,4.48341846859471,True
90,opioid consumption,2,1371,866,2,4,2,5,7,5,9,10,23,26,31,37,44,55,71,87,82,96,61,102,107,2013,0.0003223150722481324,0.0017233628053349318,0.007156711925623704,2025,448,True,0.006090846056585048,0.001611575361240662,4.440817412419454,False
91,google scholar,2,830,816,0,0,2,0,5,3,6,18,19,27,36,39,47,50,52,71,68,90,70,106,107,2012,7.810059356451109e-05,0.0014911772015574517,0.007156711925623704,2025,441,True,0.005995676586950906,0.001,7.1567119256237035,False
92,oks,1,1681,878,2,1,4,5,6,9,8,26,26,33,21,41,42,54,66,97,92,89,73,89,94,2012,0.0002808842290447735,0.0021539226244718748,0.006287204869239516,2025,437,True,0.005941294032874254,0.0014044211452238675,4.47672330384724,False
93,adult spinal deformity,3,1222,828,4,5,5,3,4,6,6,9,21,27,26,36,62,69,50,58,69,75,81,101,111,2017,0.0005641490045106503,0.00431244348612367,0.007424252558357301,2025,437,True,0.005941294032874254,0.0028207450225532517,2.632018313954905,True
94,modified harris hip score,4,1041,924,7,5,4,6,13,10,13,18,24,32,39,52,48,56,69,92,115,84,73,73,91,2016,0.0006523575522180868,0.0037407380763973814,0.007179423148957423,2021,436,True,0.005927698394355091,0.003261787761090434,2.2010699882439013,False
95,systematic search,2,837,834,1,3,2,4,3,6,16,26,31,33,26,41,48,54,47,57,75,59,70,86,146,2011,0.00024005164516227836,0.0013394725826705734,0.009765233094776268,2025,436,True,0.005927698394355091,0.0012002582258113918,8.135943486806624,False
96,ssi,1,3534,1067,6,7,12,14,18,13,20,26,34,40,56,62,69,76,81,100,77,88,76,97,95,2018,0.0010020279361581473,0.005281445448227936,0.006546534386178039,2024,433,True,0.005886911478797602,0.0050101396807907365,1.3066570601370573,False
97,older age,2,1161,994,6,8,8,15,12,20,25,27,35,37,50,50,58,56,72,83,85,90,65,83,109,2019,0.0008856705612850816,0.0046439628482972135,0.007290482241990502,2025,432,True,0.0058733158402784385,0.004428352806425408,1.6463191982834406,False
98,literature search,2,1033,1005,7,7,9,11,26,21,24,32,40,46,42,39,47,57,76,90,97,89,75,95,75,2019,0.0009272966606412779,0.004901960784313725,0.006411554295741378,2024,431,True,0.005859720201759276,0.004636483303206389,1.3828485678590556,False
99,case presentation,2,944,938,5,2,6,6,5,11,14,13,20,47,41,45,43,44,100,108,84,82,63,92,107,2014,0.0005260874793549333,0.0035004096224026215,0.007156711925623704,2025,428,True,0.005818933286201786,0.0026304373967746663,2.720730755424542,False
100,final analysis,2,797,786,5,3,3,6,7,8,15,11,13,16,25,21,49,48,71,61,74,77,73,94,106,2017,0.0004487804012641233,0.0034082214648396745,0.007089826767440305,2025,424,True,0.005764550732125134,0.0022439020063206166,3.1595973208587993,False
101,all study,2,1110,1008,5,2,9,12,12,15,12,29,36,35,57,50,60,78,76,103,92,90,85,70,80,2015,0.0006432383697016999,0.004217536071032186,0.006386175807663411,2023,417,True,0.005669381262490993,0.0032161918485084993,1.9856327322715477,False
102,charlson comorbidity index,3,793,722,0,2,0,1,3,3,4,3,16,15,21,33,30,51,59,65,65,88,79,85,99,2013,7.96876245119133e-05,0.0011988610819721264,0.006621630660156511,2025,416,True,0.00565578562397183,0.001,6.6216306601565105,False
103,editorial commentary,2,868,867,0,0,0,0,0,0,0,0,1,0,26,56,58,109,116,86,99,58,52,135,71,2015,0.0,0.0019237883832778394,0.00911115610447459,2024,415,True,0.005642189985452667,0.001,9.111156104474588,True
104,tranexamic acid,2,2268,1194,8,6,6,9,6,12,19,26,50,53,69,90,106,97,111,116,123,77,68,83,59,2015,0.000812721572868452,0.005105438401775805,0.0076788612810588085,2021,410,True,0.005574211792856851,0.0040636078643422596,1.889665916940467,True
105,primary anterior cruciate ligament reconstruction,5,1451,906,8,4,7,10,10,8,12,29,29,30,41,48,53,65,73,70,65,74,72,87,111,2018,0.0007720842451387943,0.004517025712300208,0.007424252558357301,2025,409,True,0.0055606161543376885,0.0038604212256939715,1.9231716241075931,False
106,meta analysis guideline,3,563,562,0,0,0,0,0,0,1,1,3,1,9,14,28,22,35,41,66,63,69,102,107,2016,0.0,0.0010071217897992951,0.007156711925623704,2025,407,True,0.005533424877299362,0.001,7.1567119256237035,False
107,opioid use,2,1193,747,2,4,3,1,5,6,7,9,3,16,8,23,30,54,72,98,81,81,65,77,102,2017,0.0003613653690303879,0.002086666202963066,0.006822286134706709,2025,406,True,0.005519829238780199,0.0018068268451519394,3.7758383726764975,False
108,multivariable logistic regression,3,641,610,2,0,0,1,1,6,6,9,5,7,9,12,23,36,38,55,56,53,88,81,122,2017,8.483922965979469e-05,0.001599777422271684,0.00815998929837469,2025,400,True,0.005438255407665221,0.001,8.15998929837469,False
109,osteoarthritis outcome score,3,850,815,3,2,3,5,10,11,10,16,22,28,20,47,39,53,77,74,62,63,69,108,93,2016,0.000324097359348372,0.003381051722897633,0.007288924883579672,2024,395,True,0.0053702772150694056,0.00162048679674186,4.497984740285904,False
110,ll,1,1490,730,0,2,2,2,6,2,7,4,14,28,27,25,43,44,56,73,76,93,69,72,85,2013,0.0001577882180764244,0.0010490034467256107,0.006432869890018676,2022,395,True,0.0053702772150694056,0.001,6.432869890018676,False
111,nrs,1,1067,723,2,2,6,5,4,6,14,8,13,15,26,35,44,43,51,58,59,71,71,100,90,2016,0.00039882863486524127,0.0025178044744982374,0.006749004521833029,2024,391,True,0.005315894660992753,0.0019941431743262066,3.3844132200354293,False
112,asa,1,1357,940,3,9,4,17,22,21,21,19,29,34,32,58,50,66,68,99,84,87,73,64,80,2016,0.0006420543419223241,0.004172361700597079,0.006017846026146504,2022,388,True,0.005275107745435264,0.0032102717096116206,1.8745597165900154,False
113,current evidence,2,997,947,4,5,4,8,16,20,25,34,44,58,39,37,55,63,84,66,77,80,63,78,87,2012,0.0005250987077283948,0.0028166680473862976,0.005819008761955722,2025,385,True,0.005234320829877775,0.002625493538641974,2.21634853649862,False
114,odi score,2,1044,834,5,6,5,7,8,11,14,23,34,24,42,37,42,48,62,82,59,67,75,81,102,2018,0.0006464124315965044,0.0033356497567755385,0.006822286134706709,2025,384,True,0.005220725191358612,0.003232062157982522,2.1108152632080666,False
115,therapeutic level iii,3,871,871,2,10,5,2,2,5,3,13,17,33,23,47,81,65,96,85,82,65,73,73,89,2017,0.0006785288361306389,0.005633998748000278,0.006191950464396285,2019,382,True,0.005193533914320286,0.0033926441806531944,1.8251104845319008,False
116,pass,1,1435,517,4,0,1,5,3,0,5,6,6,5,4,2,9,10,33,49,65,66,67,73,104,2019,0.00020872875610184494,0.0021284829721362228,0.006956056451073507,2025,375,True,0.005098364444686145,0.0010436437805092247,6.665163517459416,False
117,cross sectional study,3,965,903,6,7,4,12,14,19,19,21,44,38,44,43,44,78,67,69,67,67,73,73,94,2018,0.0006896255619001026,0.00542043085476025,0.006287204869239516,2025,374,True,0.005084768806166982,0.003448127809500513,1.823367698818062,True
118,pad,1,2109,786,6,8,7,13,17,16,21,18,25,22,37,37,39,43,54,52,84,57,66,84,80,2023,0.0008466202645028261,0.0049586776859504135,0.005669163798339745,2024,371,True,0.005043981890609493,0.00423310132251413,1.3392459491077586,False
119,primary aim,2,775,772,4,6,5,9,11,9,19,22,21,27,22,34,50,59,48,58,84,68,61,83,72,2017,0.000603992816766607,0.0034777770049384434,0.005601673753121415,2024,368,True,0.005003194975052003,0.0030199640838330347,1.8548809183225754,False
120,significantly higher rate,3,838,760,6,6,10,5,6,16,18,14,26,34,26,36,39,43,47,60,61,68,66,82,91,2022,0.0008840835303376794,0.00470360379055129,0.006086549394689319,2025,368,True,0.005003194975052003,0.004420417651688397,1.3769172676171302,False
121,direct anterior approach,3,1215,716,1,2,1,5,4,5,9,9,12,13,26,45,54,39,48,77,80,72,71,72,71,2015,0.0001611575361240662,0.0019237883832778394,0.005334335086401202,2023,366,True,0.004976003698013677,0.001,5.334335086401202,True
122,prospectively collected data,3,945,936,4,3,4,10,14,7,25,22,47,39,36,57,82,55,79,94,65,74,69,84,66,2013,0.00044541108321648155,0.0035216544282931214,0.005703554288099047,2017,358,True,0.004867238589860373,0.0022270554160824076,2.5610293515426372,False
123,interquartile range,2,814,734,3,3,6,6,5,6,7,10,23,34,25,32,35,48,70,63,71,66,75,75,71,2017,0.00048109206195109526,0.0024344439034569105,0.005634861006761833,2023,358,True,0.004867238589860373,0.0024054603097554764,2.3425291965572432,False
124,ndi,1,1527,891,5,5,9,9,15,11,19,19,34,37,33,68,71,54,63,86,61,79,57,75,81,2022,0.0007627698064695699,0.00546448087431694,0.00546448087431694,2022,353,True,0.004799260397264558,0.0038138490323478495,1.4327994705529659,False
125,potential risk factor,3,867,792,3,4,8,10,5,9,19,24,26,30,33,36,43,62,55,74,69,68,53,74,87,2018,0.000599036467771563,0.004308547602501737,0.005819008761955722,2025,351,True,0.004772069120226231,0.002995182338857815,1.9427894877928358,False
126,multivariate logistic regression analysis,4,746,686,2,1,5,6,5,11,11,12,12,26,35,27,38,45,41,58,65,54,65,80,87,2014,0.00031993452582702907,0.0019363968123929395,0.005819008761955722,2025,351,True,0.004772069120226231,0.0015996726291351454,3.6376247589494226,False
127,i2,1,1348,507,0,0,2,0,0,1,0,1,0,1,6,9,21,35,29,51,65,55,58,73,100,2017,7.810059356451109e-05,0.0014606663420741461,0.0066885158183399105,2025,351,True,0.004772069120226231,0.001,6.68851581833991,False
128,mhh,1,1454,666,0,1,1,1,1,4,5,11,12,25,25,40,35,40,47,68,88,62,61,55,84,2014,7.88941090382122e-05,0.001861920011916288,0.005618353287405525,2025,350,True,0.004758473481707068,0.001,5.618353287405525,False
129,pelvic tilt,2,1152,811,7,5,2,11,7,13,20,15,26,30,42,46,60,54,51,73,77,77,64,58,73,2015,0.0005742569586535758,0.0031076581576026637,0.005326139586359549,2022,349,True,0.0047448778431879056,0.002871284793267879,1.8549673647307345,False
130,female sex,2,868,688,3,4,4,9,3,20,16,5,15,25,30,27,31,34,56,58,67,61,64,76,80,2018,0.0004428352806425408,0.00236275191104934,0.005350812654671929,2025,348,True,0.004731282204668742,0.002214176403212704,2.416615336929821,False
131,cinahl,1,907,904,5,7,7,13,33,19,29,30,41,34,51,46,54,59,60,70,68,76,80,59,63,2018,0.000764356837416972,0.004100069492703266,0.006010518407212622,2023,346,True,0.004704090927630416,0.00382178418708486,1.5726995855821104,False
132,covariate,1,769,653,2,6,8,5,7,16,16,18,14,21,21,17,28,45,40,43,43,59,69,84,91,2022,0.000636304477453579,0.004081067994743031,0.006086549394689319,2025,346,True,0.004704090927630416,0.0031815223872678953,1.9130933728604342,False
133,continuous variable,2,631,611,4,1,3,4,1,7,2,10,13,11,16,22,40,30,46,62,51,53,54,82,99,2017,0.0003266731619223126,0.0027822216039507545,0.006621630660156511,2025,339,True,0.004608921457996275,0.001633365809611563,4.05397898082073,False
134,ovcf,1,1257,600,0,2,2,3,4,5,12,23,13,16,10,26,33,35,36,41,62,56,58,69,94,2016,0.0001577882180764244,0.0018703690381986907,0.006287204869239516,2025,339,True,0.004608921457996275,0.001,6.287204869239516,False
135,cone beam computed tomography,4,968,845,1,0,2,3,4,16,17,30,42,45,54,48,55,46,78,68,61,56,63,62,94,2010,0.00012052020839440844,0.0014734321760751451,0.006287204869239516,2025,336,True,0.0045681345424387855,0.001,6.287204869239516,False
136,txa,1,3023,849,0,0,1,1,1,1,7,5,17,29,50,69,77,74,94,89,93,64,53,71,53,2013,3.9050296782255544e-05,0.0012737898995953843,0.006062951496388029,2019,334,True,0.00454094326540046,0.001,6.062951496388029,False
137,medicare,1,1126,833,3,4,9,7,4,5,13,13,28,24,32,67,71,63,83,76,60,68,56,65,82,2016,0.0006380867645538185,0.004819797136896626,0.005484582971038727,2025,331,True,0.0045001563498429705,0.0031904338227690928,1.7190712221946227,False
138,demographic characteristic,2,642,611,5,4,4,7,6,8,11,12,14,19,23,20,27,31,43,46,60,55,64,68,84,2019,0.0005276745103023355,0.0027734778121775027,0.005618353287405525,2025,331,True,0.0045001563498429705,0.002638372551511678,2.1294768565517566,False
139,male sex,2,857,683,2,9,2,8,3,10,14,16,25,21,25,32,31,44,51,61,71,71,49,59,79,2018,0.0005215341335279155,0.0030576789437109105,0.005283927496488529,2025,329,True,0.004472965072804644,0.0026076706676395776,2.026301696015723,False
140,vas pain score,3,1066,831,4,3,8,10,9,20,27,22,35,42,47,46,52,52,52,74,76,70,49,59,74,2014,0.0006016122703455038,0.003128025620019364,0.004949501705571534,2025,328,True,0.004459369434285481,0.003008061351727519,1.6454124855960974,False
141,china,1,856,636,4,1,2,9,8,12,6,19,15,19,23,33,34,23,54,49,52,55,65,69,84,2015,0.0002876228651400571,0.0017018128005919348,0.005618353287405525,2025,325,True,0.004418582518727992,0.0014381143257002856,3.9067501011574195,False
142,two cohort,2,677,610,2,7,7,5,9,11,13,16,20,18,21,21,21,32,43,39,57,60,63,73,72,2021,0.00063709799292728,0.003558496691222375,0.004926773300938112,2024,325,True,0.004418582518727992,0.0031854899646364,1.5466296725566568,False
143,femoroacetabular impingement syndrome,3,691,453,0,0,1,0,0,0,0,1,1,0,1,2,6,26,39,51,76,69,48,69,63,2018,3.9050296782255544e-05,0.0018068102849200835,0.004772774434529985,2022,325,True,0.004418582518727992,0.001,4.772774434529985,True
144,patient acceptable symptom state,4,449,382,0,0,0,1,0,0,1,2,2,1,2,1,2,8,15,22,37,55,60,78,95,2020,0.0,0.0013086669442626852,0.006354090027422915,2025,325,True,0.004418582518727992,0.001,6.354090027422915,False
145,primary objective,2,704,697,5,3,9,8,13,11,17,12,16,26,32,43,36,47,51,46,60,47,65,73,77,2023,0.0006830821819576566,0.004883546205860256,0.005150157180121731,2025,322,True,0.0043777956031705026,0.003415410909788283,1.5079172949181048,False
146,implant survivorship,2,763,606,4,1,2,6,0,9,7,14,26,14,14,28,34,33,44,50,57,51,71,66,75,2016,0.0002876228651400571,0.0020142435795985902,0.005334335086401202,2023,320,True,0.004350604326132177,0.0014381143257002856,3.7092566224202397,False
147,data extraction,2,695,678,3,4,3,9,14,9,9,22,24,25,31,30,30,36,52,58,62,51,61,58,87,2015,0.00040378498386028526,0.002293747687754347,0.005819008761955722,2025,319,True,0.004337008687613014,0.0020189249193014263,2.882231382813965,False
148,icc,1,1540,800,3,3,9,10,10,14,17,23,28,37,43,53,55,50,64,63,53,52,52,69,92,2015,0.0005982429522978619,0.003181650018497965,0.006153434552872717,2025,318,True,0.00432341304909385,0.0029912147614893094,2.0571690913322973,False
149,visual analog scale score,4,915,791,5,10,3,9,16,19,18,15,18,29,23,47,57,62,73,69,68,58,53,66,73,2017,0.0007276870870558199,0.003964665785629825,0.004882616547388134,2025,318,True,0.00432341304909385,0.0036384354352790994,1.3419549787925797,False
150,pelvic incidence,2,793,678,0,3,4,5,4,8,12,6,16,27,41,33,45,45,43,69,58,68,56,66,69,2014,0.00027573262389689215,0.0020108736128695913,0.00470360379055129,2022,317,True,0.004309817410574688,0.0013786631194844608,3.4117136551169676,False
151,cbct,1,1036,693,0,0,5,2,5,18,17,19,29,32,38,31,41,45,51,46,62,51,65,62,74,2010,0.0001952514839112777,0.0016576111980845382,0.004949501705571534,2025,314,True,0.004269030495017198,0.001,4.949501705571533,False
152,2 0,2,761,709,4,4,5,9,7,24,19,19,35,22,31,42,40,50,36,56,72,59,51,66,58,2016,0.0005243051922546937,0.003021365369397885,0.004494943188912474,2021,306,True,0.004160265386863894,0.0026215259612734684,1.7146285237354462,False
153,cs,1,1721,680,2,4,9,9,17,12,19,14,25,16,36,31,34,40,44,64,64,54,54,61,71,2020,0.0005956671497239212,0.003807031110582357,0.004748846231021337,2025,304,True,0.004133074109825568,0.002978335748619606,1.594463026279802,False
154,ldh,1,1274,551,2,3,3,5,3,8,10,11,10,11,23,22,25,35,41,36,61,53,41,79,69,2017,0.00032152155677443126,0.0017388885024692217,0.005331713572248094,2024,303,True,0.004119478471306405,0.0016076077838721563,3.316551229557927,False
155,peripheral artery disease,3,838,566,0,0,2,3,9,6,7,16,8,19,16,30,28,33,40,47,64,45,52,63,78,2014,7.810059356451109e-05,0.001415059209056379,0.00521704233830513,2025,302,True,0.004105882832787242,0.001,5.21704233830513,True
156,eq 5d,2,1182,824,5,1,6,12,7,10,35,31,41,31,41,52,70,51,77,54,78,57,57,52,56,2011,0.00048624366709897667,0.0029300962745918793,0.004966460268317854,2019,300,True,0.004078691555748915,0.0024312183354948834,2.0427866127074568,False
157,secondary aim,2,558,556,0,3,2,1,4,5,6,11,11,15,23,18,31,50,36,41,68,52,52,64,63,2014,0.00019763203033238102,0.001117152007149773,0.004319362893973139,2024,299,True,0.0040650959172297526,0.001,4.319362893973139,False
158,risk ratio,2,869,755,3,2,6,4,9,12,11,33,30,43,43,42,48,40,61,72,45,58,51,50,92,2012,0.00044124824969513863,0.002733824869521995,0.006153434552872717,2025,296,True,0.004024309001672263,0.002206241248475693,2.789103212137008,False
159,pi,1,1198,590,2,1,3,1,2,7,13,11,13,22,22,19,33,39,45,63,45,52,53,70,74,2014,0.00024183393226251797,0.0016384896104863335,0.004949501705571534,2025,294,True,0.003997117724633938,0.00120916966131259,4.093306228175376,False
160,journal,1,704,562,3,5,6,8,8,10,9,10,12,13,19,19,33,20,46,48,57,53,63,65,55,2019,0.0005607796864630085,0.0029669762641898866,0.0047332832456799395,2023,293,True,0.003983522086114775,0.0028038984323150423,1.6881079539574828,False
161,english,1,715,680,1,6,4,7,17,11,16,22,27,26,27,31,45,48,50,53,53,58,51,69,58,2016,0.0004376836754946594,0.0022300553916984388,0.004656813120064791,2024,289,True,0.003929139532038122,0.002188418377473297,2.127935484366317,False
162,90 day readmission,3,608,420,0,0,0,0,0,0,0,0,0,4,5,9,22,15,29,47,45,65,58,64,57,2017,0.0,0.001530221882172915,0.004496091858615204,2022,289,True,0.003929139532038122,0.001,4.496091858615204,False
163,12 month follow up,4,907,766,5,5,5,16,25,15,25,26,36,37,31,41,45,47,54,66,60,49,41,64,73,2017,0.0006065686193405476,0.003129999304444599,0.004882616547388134,2025,287,True,0.003901948254999796,0.003032843096702738,1.609913995450817,False
164,intervention group,2,1209,613,3,5,7,10,6,7,15,8,18,21,26,29,33,47,44,49,40,48,56,54,87,2022,0.000599829983245264,0.0033201909109773814,0.005819008761955722,2025,285,True,0.00387475697796147,0.00299914991622632,1.9402193703199369,False
165,daa,1,1562,482,0,0,0,1,0,0,2,2,4,4,17,25,26,28,32,58,61,50,51,66,55,2015,0.0,0.0012578616352201257,0.004454342984409799,2024,283,True,0.003847565700923144,0.001,4.4543429844097995,False
166,mann whitney u test,4,611,590,7,4,5,14,6,9,17,12,22,17,25,25,25,34,34,53,42,50,55,58,76,2022,0.0006515640367443857,0.003458532198934772,0.005083272021938332,2025,281,True,0.003820374423884818,0.0032578201837219285,1.560329218701966,False
167,covid 19,2,887,422,0,0,0,0,0,0,0,0,0,0,0,0,0,0,0,141,98,75,48,33,27,2020,0.0,0.008387365415501755,0.008387365415501755,2020,281,True,0.003820374423884818,0.001,8.387365415501755,True
168,cci,1,835,466,1,0,2,1,3,3,4,3,8,6,15,16,20,21,39,44,46,47,44,73,70,2015,0.00012052020839440844,0.0011098779134295228,0.004926773300938112,2024,280,True,0.0038067787853656547,0.001,4.926773300938112,False
169,enhanced recovery,2,643,427,0,0,0,0,1,0,2,2,5,4,3,10,14,20,42,44,57,44,52,57,70,2018,0.0,0.001389854065323141,0.004681961072837937,2025,280,True,0.0038067787853656547,0.001,4.681961072837937,True
170,comprehensive search,2,456,456,1,0,1,2,6,3,9,7,9,17,15,22,22,16,25,26,28,35,35,70,107,2014,8.146991161215289e-05,0.001266105608103076,0.007156711925623704,2025,275,True,0.0037388005927698393,0.001,7.1567119256237035,False
171,cage subsidence,2,980,444,6,2,2,5,3,4,8,6,12,14,7,9,16,20,25,31,45,48,52,49,80,2021,0.00041230590705580846,0.002809339493070296,0.005350812654671929,2025,274,True,0.0037252049542506765,0.0020615295352790423,2.595554690390433,False
172,adjusted odd ratio,3,614,536,4,5,1,7,7,6,7,9,11,10,20,22,31,37,45,41,48,50,50,59,66,2017,0.0004079478173816282,0.002156221743061835,0.004414420440104341,2025,273,True,0.0037116093157315132,0.002039739086908141,2.1642083874539897,False
173,medical complication,2,744,550,7,4,4,8,6,10,9,15,10,23,18,31,25,31,36,41,41,38,61,59,73,2023,0.0006125137399621302,0.004583020285499624,0.004882616547388134,2025,272,True,0.0036980136772123504,0.0030625686998106507,1.5942880065645586,False
174,smoking status,2,636,565,2,4,5,6,4,7,3,10,14,20,26,29,42,34,50,38,53,50,50,58,60,2017,0.000439465962594899,0.0029213326841482923,0.004013109491003947,2025,271,True,0.003684418038693187,0.002197329812974495,1.826357366703843,False
175,lumbar degenerative disease,3,847,505,3,2,4,4,4,4,9,12,13,14,18,20,23,26,36,42,48,51,56,56,60,2019,0.00036314765613062756,0.0023219814241486067,0.0042073628850488355,2023,271,True,0.003684418038693187,0.0018157382806531378,2.3171637288692333,True
176,forgotten joint score,3,454,373,0,0,0,0,0,0,1,1,1,0,5,13,8,11,20,42,36,39,48,71,77,2019,0.0,0.0012899896800825593,0.005150157180121731,2025,271,True,0.003684418038693187,0.001,5.150157180121731,False
177,prospero,1,362,359,0,0,0,0,0,0,0,0,0,0,13,9,13,13,18,22,41,41,50,62,77,2019,0.0,0.0011609907120743034,0.005150157180121731,2025,271,True,0.003684418038693187,0.001,5.150157180121731,False
178,retrospective observational study,3,479,465,2,2,1,3,4,2,6,7,9,8,15,17,26,29,38,27,57,49,41,58,64,2015,0.00020357715095396353,0.0011098779134295228,0.004280650123737542,2025,269,True,0.003657226761654861,0.0010178857547698177,4.205432784257364,False
179,radiological parameter,2,602,519,3,7,3,4,5,6,6,16,14,14,22,22,22,32,29,46,49,51,49,53,66,2020,0.0005233164206281552,0.002736303610731069,0.004414420440104341,2025,268,True,0.003643631123135698,0.0026165821031407755,1.6870941809185183,False
180,smd,1,1259,504,0,1,0,1,1,5,5,8,8,17,14,24,30,35,43,45,41,46,37,57,86,2014,3.984381225595665e-05,0.001266105608103076,0.0057521236037723225,2025,267,True,0.003630035484616535,0.001,5.752123603772322,False
181,limited data,2,634,630,7,8,2,12,11,12,24,12,18,24,24,32,53,37,46,44,35,42,54,70,63,2023,0.0006937883954214458,0.00405709992486852,0.0047243031652831205,2024,264,True,0.0035892485690590457,0.003468941977107229,1.3618858996375445,False
182,secondary analysis,2,537,464,4,4,1,2,3,10,9,7,7,10,5,24,22,18,28,46,32,53,42,60,77,2020,0.00036810400512567155,0.002736303610731069,0.005150157180121731,2025,264,True,0.0035892485690590457,0.0018405200256283577,2.7982076306740837,True
183,readmission rate,2,856,623,0,1,1,0,2,3,5,8,21,18,26,42,44,50,66,73,56,49,48,60,50,2013,7.88941090382122e-05,0.001573505170088416,0.004342394860508001,2020,263,True,0.003575652930539883,0.001,4.342394860508001,False
184,sva,1,1013,591,0,0,0,1,1,1,4,6,10,21,27,38,42,50,49,78,43,62,43,47,68,2014,0.0,0.001564012810009682,0.004639819166022247,2020,263,True,0.003575652930539883,0.001,4.639819166022247,False
185,hka,1,687,393,2,1,2,3,1,1,0,4,5,10,5,6,16,10,27,37,43,38,56,55,71,2019,0.00020278363548026246,0.001741486068111455,0.004748846231021337,2025,263,True,0.003575652930539883,0.0010139181774013123,4.683658244684696,False
186,cis,1,550,507,1,3,1,1,3,2,5,4,17,19,32,23,27,32,40,35,39,47,47,52,77,2013,0.00020100134838002285,0.0012737898995953843,0.005150157180121731,2025,262,True,0.0035620572920207197,0.0010050067419001142,5.124500130600712,False
187,disparity,1,619,444,2,5,7,5,6,9,15,11,7,11,14,20,7,16,12,37,33,53,52,62,60,2022,0.0005574103684153667,0.0036660441308708582,0.004184382803536478,2024,260,True,0.0035348660149823936,0.0027870518420768336,1.5013652564203444,False
188,similar outcome,2,630,601,0,7,6,7,14,13,11,17,18,24,30,36,34,40,35,52,45,42,58,57,55,2020,0.0005132084664852298,0.0030932127773481647,0.004357625845229151,2023,257,True,0.0034940790994249047,0.0025660423324261493,1.6981893829900654,False
189,categorical variable,2,461,454,3,1,3,3,4,2,6,4,7,11,11,24,25,22,28,43,34,36,43,52,92,2016,0.0002842535470924153,0.0017264944967987914,0.006153434552872717,2025,257,True,0.0034940790994249047,0.0014212677354620766,4.329539325588179,False
190,perioperative outcome,2,684,525,1,5,2,3,4,4,4,7,15,19,27,21,34,33,53,37,48,40,34,57,77,2017,0.00031973926967419165,0.0023648883633581416,0.005150157180121731,2025,256,True,0.0034804834609057415,0.0015986963483709583,3.2214730366836983,False
191,existing literature,2,494,479,7,2,3,8,3,10,13,10,13,6,13,18,27,19,34,37,36,41,41,64,74,2022,0.0004937758186679613,0.002835996403126513,0.004949501705571534,2025,256,True,0.0034804834609057415,0.0024688790933398066,2.0047566196836453,False
192,ase score,2,786,558,1,2,5,9,2,12,24,11,15,21,18,26,34,27,32,64,53,54,52,56,40,2016,0.00031735872325308834,0.0018703690381986907,0.003906836964688205,2023,255,True,0.003466887822386578,0.0015867936162654416,2.4620952117787334,False
193,secondary objective,2,517,514,4,2,5,7,2,4,11,11,7,15,23,28,25,40,37,38,47,50,51,54,53,2018,0.0004446175677427804,0.002779708130646282,0.0038317054845980465,2023,255,True,0.003466887822386578,0.002223087838713902,1.72359608013274,False
194,pod,1,1945,525,3,5,3,3,7,9,7,16,11,24,18,22,27,26,53,37,43,39,40,53,79,2021,0.0004436287961162419,0.0026844799600449494,0.005283927496488529,2025,254,True,0.0034532921838674154,0.0022181439805812097,2.3821390959048596,False
195,proximal junctional kyphosis,3,727,491,2,1,4,3,4,3,2,9,16,12,18,25,29,38,25,46,47,52,37,58,60,2016,0.0002808842290447735,0.001798431767498741,0.004013109491003947,2025,254,True,0.0034532921838674154,0.0014044211452238675,2.8574829599024936,True
196,linear regression,2,585,559,2,3,6,5,4,8,13,9,21,21,26,25,34,34,43,52,34,58,49,52,60,2017,0.0004386724471211979,0.0023648883633581416,0.004013109491003947,2025,253,True,0.003439696545348252,0.0021933622356059895,1.8296610682253271,False
197,both cohort,2,581,506,2,1,8,4,4,9,7,13,10,17,25,26,33,22,37,35,34,52,48,58,61,2022,0.0004370854161737957,0.003596873486892163,0.004079994649187345,2025,253,True,0.003439696545348252,0.0021854270808689784,1.8669095321931497,False
198,rts,1,1230,379,0,2,0,0,0,0,3,2,2,4,5,9,8,21,36,34,45,42,47,54,65,2018,7.96876245119133e-05,0.0014593467685892981,0.004347535281920942,2025,253,True,0.003439696545348252,0.001,4.347535281920941,False
199,electronic medical record,3,492,484,0,1,2,0,1,4,6,8,17,14,16,22,30,34,31,46,50,56,44,61,41,2013,0.00011794440582046775,0.0012737898995953843,0.004116892758318148,2024,252,True,0.0034261009068290893,0.001,4.116892758318148,False
200,artificial intelligence,2,383,275,0,0,0,0,0,0,0,0,0,0,0,0,0,4,8,11,19,30,55,61,87,2021,0.0,0.0011861655637407916,0.005819008761955722,2025,252,True,0.0034261009068290893,0.001,5.819008761955722,True
201,t0,1,976,530,4,3,4,6,8,5,9,21,25,23,22,23,32,31,31,32,39,44,56,51,61,2021,0.00044541108321648155,0.0024347608939942565,0.0042073628850488355,2023,251,True,0.003412505268309926,0.0022270554160824076,1.8892043972798702,False
202,lateral lumbar interbody fusion,4,1449,456,0,0,0,0,0,0,2,0,13,18,16,22,27,32,31,45,52,52,53,43,50,2014,0.0,0.0013405824085797274,0.003981968444778362,2023,250,True,0.0033989096297907632,0.001,3.9819684447783623,False
203,higher odd,2,503,402,0,0,0,2,2,2,2,4,7,9,15,6,16,23,31,35,35,49,45,53,66,2017,0.0,0.001112888641580302,0.004414420440104341,2025,248,True,0.003371718352752437,0.001,4.41442044010434,False
204,mpta,1,721,344,1,2,1,1,0,1,1,3,3,4,4,5,8,17,24,21,34,40,53,55,66,2018,0.0001611575361240662,0.00118137595552467,0.004414420440104341,2025,248,True,0.003371718352752437,0.001,4.41442044010434,False
205,taa,1,1523,516,0,0,2,6,7,7,6,9,13,11,15,24,32,28,55,54,37,49,66,46,49,2015,7.810059356451109e-05,0.0011098779134295228,0.0049586776859504135,2023,247,True,0.003358122714233274,0.001,4.958677685950414,False
206,numeric rating scale,3,529,511,1,3,2,4,7,7,9,7,14,17,21,25,34,29,43,41,39,56,40,53,59,2014,0.00024005164516227836,0.001266105608103076,0.003946224332820547,2025,247,True,0.003358122714233274,0.0012002582258113918,3.2878127789150065,False
207,olif,1,1093,344,0,0,0,0,0,0,0,1,0,0,3,5,8,14,27,39,44,58,52,45,48,2019,0.0,0.001741486068111455,0.0040118973507643355,2022,247,True,0.003358122714233274,0.001,4.011897350764335,False
208,confounder,1,466,433,1,0,0,4,2,4,7,8,10,12,16,18,20,24,30,32,38,55,51,40,61,2015,4.241961482989734e-05,0.0011838697743248242,0.004079994649187345,2025,245,True,0.003330931437194948,0.001,4.079994649187345,False
209,ors,1,550,480,1,3,3,2,4,6,6,9,8,11,25,20,31,32,45,30,40,44,34,57,69,2015,0.00027910194194453395,0.001849796522382538,0.0046150759146545385,2025,244,True,0.0033173357986757846,0.0013955097097226698,3.307089791278983,False
210,provider,1,791,648,4,3,8,2,7,6,13,11,34,17,20,50,37,62,59,73,62,47,52,41,40,2018,0.0006016122703455038,0.004308547602501737,0.004342394860508001,2020,242,True,0.0032901445216374585,0.003008061351727519,1.443585869022977,False
211,similar rate,2,474,441,2,5,4,2,2,9,8,6,12,14,12,20,17,28,23,35,45,37,46,60,54,2021,0.0004402594780686001,0.002809339493070296,0.004049402713099818,2024,242,True,0.0032901445216374585,0.0022012973903430006,1.8395527704999686,False
212,covid 19 pandemic,3,511,323,0,0,0,0,0,0,0,0,0,0,0,0,0,0,0,81,81,62,41,31,27,2020,0.0,0.004818273749330795,0.0050568110875265325,2021,242,True,0.0032901445216374585,0.001,5.056811087526532,True
213,all participant,2,590,555,1,4,4,10,3,11,20,11,24,26,24,29,34,36,28,49,48,43,33,54,63,2016,0.00035799605098274615,0.0020861808502985395,0.004213764965554144,2025,241,True,0.0032765488831182957,0.0017899802549137308,2.354084607350727,False
214,sagittal vertical axis,3,593,547,0,2,1,1,0,2,4,11,12,23,28,31,42,46,32,71,51,44,51,45,50,2014,0.00011873792129416884,0.001712966410962985,0.004223425138302302,2020,241,True,0.0032765488831182957,0.001,4.223425138302302,False
215,esr,1,1120,553,2,5,3,8,11,12,18,19,16,16,27,20,33,31,51,41,57,52,38,43,50,2017,0.0004012091812863445,0.0022953328232593728,0.003596873486892163,2022,240,True,0.0032629532445991325,0.002006045906431723,1.7930165383354277,False
216,quality assessment,2,474,458,1,0,0,2,2,1,5,12,10,18,20,16,25,28,37,41,44,38,47,49,62,2014,4.241961482989734e-05,0.0013405824085797274,0.004146879807370744,2025,240,True,0.0032629532445991325,0.001,4.146879807370744,False
217,percutaneous kyphoplasty,2,809,477,2,2,2,7,4,15,10,13,22,15,14,19,20,31,31,31,34,52,47,54,52,2016,0.0002426274477362191,0.0013668081432990432,0.003644462441789836,2024,239,True,0.0032493576060799697,0.0012131372386810955,3.0041633589222276,True
218,pkp,1,1286,431,0,2,2,1,3,7,7,10,13,8,12,14,20,26,32,35,41,47,45,54,52,2016,0.0001577882180764244,0.0010071217897992951,0.003644462441789836,2024,239,True,0.0032493576060799697,0.001,3.6444624417898357,False
219,ss,1,1058,493,5,3,3,3,2,11,11,10,13,17,17,18,27,27,31,57,44,63,27,51,53,2020,0.0004487804012641233,0.0033906370828624115,0.004357750570657813,2022,238,True,0.0032357619675608064,0.0022439020063206166,1.9420413896787445,False
220,prognostic level iii,3,432,431,0,0,0,0,0,0,1,3,2,10,3,24,26,45,44,35,40,46,39,61,52,2016,0.0,0.0017264944967987914,0.004116892758318148,2024,238,True,0.0032357619675608064,0.001,4.116892758318148,False
221,transfusion rate,2,1169,767,6,6,3,5,9,10,10,27,33,39,47,66,56,61,83,69,47,45,58,38,49,2015,0.0006107314528618907,0.0034776174620791715,0.005353457172342621,2019,237,True,0.0032221663290416436,0.003053657264309453,1.7531296766381668,False
222,correlation analysis,2,527,487,4,3,4,5,11,5,7,11,17,20,21,18,25,31,27,41,40,40,37,49,71,2020,0.00044541108321648155,0.0024388793052168224,0.004748846231021337,2025,237,True,0.0032221663290416436,0.0022270554160824076,2.1323430915675137,False
223,dm,1,1388,477,2,0,4,4,4,15,12,10,11,9,17,33,28,26,30,35,48,41,48,46,54,2015,0.00024104041678881688,0.0012578616352201257,0.003611798541903552,2025,237,True,0.0032221663290416436,0.0012052020839440844,2.9968406045928493,False
224,machine learning,2,367,285,0,0,0,0,0,0,0,0,0,0,2,2,1,4,19,20,34,45,52,49,57,2019,0.0,0.0012254901960784314,0.003906836964688205,2023,237,True,0.0032221663290416436,0.001,3.9068369646882046,True
225,retrospective case control study,4,565,530,4,3,2,7,6,8,9,15,16,12,26,31,28,38,43,46,39,54,41,56,46,2015,0.0003673104896519705,0.0019237883832778394,0.0037794425322264964,2024,236,True,0.0032085706905224803,0.0018365524482598524,2.057900680052752,False
226,amputation free survival,3,793,571,3,3,3,6,9,19,19,13,22,20,35,34,33,38,35,44,40,37,32,62,64,2015,0.0003639411716043286,0.002589715131335553,0.004280650123737542,2025,235,True,0.0031949750520033175,0.0018197058580216431,2.3523857467774496,False
227,ai,1,797,357,1,2,0,2,2,2,6,4,8,8,6,16,13,11,17,24,20,32,41,63,79,2019,0.00012210723934181065,0.0010964912280701754,0.005283927496488529,2025,235,True,0.0031949750520033175,0.001,5.283927496488529,False
228,hip knee ankle angle,4,419,384,2,0,2,2,3,1,3,8,9,9,5,12,16,13,32,33,39,32,45,61,57,2019,0.00016293982322430577,0.0020639834881320948,0.004116892758318148,2024,234,True,0.0031813794134841543,0.001,4.116892758318148,False
229,two reviewer,2,616,597,7,2,4,6,14,11,17,26,20,25,27,24,42,44,48,47,55,54,52,27,45,2017,0.0005328261154502169,0.0029213326841482923,0.003906836964688205,2023,233,True,0.003167783774964991,0.0026641305772510844,1.4664585129755072,False
230,mep,1,958,587,0,3,4,13,11,10,20,16,32,32,33,25,33,29,48,45,46,49,39,46,53,2013,0.00027573262389689215,0.002397722163944253,0.0035449133837201527,2025,233,True,0.003167783774964991,0.0013786631194844608,2.5712687411597277,False
231,secondary outcome measure,3,709,692,1,6,4,8,11,15,16,17,25,37,45,46,51,59,48,71,53,40,37,51,51,2014,0.0004376836754946594,0.0027556416176361064,0.004223425138302302,2020,232,True,0.003154188136445828,0.002188418377473297,1.9298984059796565,False
232,minimum clinically important difference,4,476,397,0,0,0,2,3,6,7,9,7,14,8,13,15,24,28,29,34,46,57,47,48,2017,0.0,0.001043333101481533,0.004282494365138993,2023,232,True,0.003154188136445828,0.001,4.2824943651389935,False
233,secondary endpoint,2,565,544,2,3,2,5,7,11,12,19,14,25,23,27,25,36,44,60,34,36,34,52,73,2014,0.00028247125999217575,0.001861920011916288,0.004882616547388134,2025,229,True,0.003113401220888339,0.0014123562999608786,3.457071383137088,False
234,mechanical complication,2,710,403,4,3,1,3,5,6,10,8,8,9,12,11,22,22,27,23,28,33,43,59,66,2021,0.0003282601928697149,0.0017480334623548508,0.004414420440104341,2025,229,True,0.003113401220888339,0.0016413009643485746,2.6895862099590038,False
235,all cause revision,3,474,304,0,0,0,0,0,0,0,1,3,1,3,6,7,11,18,25,27,40,34,61,67,2019,0.0,0.0011609907120743034,0.00448130559828774,2025,229,True,0.003113401220888339,0.001,4.48130559828774,False
236,sacral slope,2,578,490,1,3,4,6,3,7,8,3,19,18,25,25,30,23,37,50,44,47,38,47,52,2015,0.0003181522387267895,0.001849796522382538,0.0034780282255367535,2025,228,True,0.003099805582369176,0.0015907611936339476,2.186392426126211,False
237,posterior tibial slope,3,698,434,2,4,6,4,8,7,10,8,11,17,15,20,19,21,25,29,39,38,40,49,62,2021,0.0004785162593771546,0.0024347608939942565,0.004146879807370744,2025,228,True,0.003099805582369176,0.002392581296885773,1.733224201312782,False
238,newcastle ottawa scale,3,353,351,0,0,0,0,0,1,1,3,4,6,15,15,16,13,21,28,32,41,42,42,71,2015,0.0,0.0011098779134295228,0.004748846231021337,2025,228,True,0.003099805582369176,0.001,4.748846231021337,False
239,frailty,1,796,303,0,0,0,0,0,0,0,5,1,0,2,7,11,18,11,20,23,41,37,61,66,2020,0.0,0.0011896972220569865,0.004414420440104341,2025,228,True,0.003099805582369176,0.001,4.41442044010434,True
240,reintervention,1,788,474,0,0,8,9,6,9,9,14,17,25,11,24,26,24,25,40,32,25,35,66,69,2016,0.00031240237425804435,0.0017264944967987914,0.0046150759146545385,2025,227,True,0.003086209943850013,0.0015620118712902217,2.954571600561836,False
241,shorter operative time,3,466,437,3,3,3,8,2,5,16,13,10,14,19,16,19,27,18,34,26,38,32,53,78,2022,0.0003639411716043286,0.002628484471190427,0.00521704233830513,2025,227,True,0.003086209943850013,0.0018197058580216431,2.8669701288850167,False
242,roc curve,2,467,404,3,2,3,2,2,6,6,6,7,8,15,19,26,17,29,26,33,42,49,52,51,2021,0.000324097359348372,0.002060182294918217,0.003681442524417731,2023,227,True,0.003086209943850013,0.00162048679674186,2.2718127243119874,False
243,trial registration number,3,407,405,0,0,0,0,0,2,3,3,0,9,13,17,25,19,41,47,51,35,32,43,65,2016,0.0,0.0012229336018991439,0.004347535281920942,2025,226,True,0.00307261430533085,0.001,4.347535281920941,False
244,reduction quality,2,493,364,1,6,3,4,2,3,2,5,3,8,7,10,12,19,28,25,43,47,40,39,57,2021,0.0003986333787124039,0.0026844799600449494,0.003812454016453749,2025,226,True,0.00307261430533085,0.0019931668935620197,1.9127620616056153,False
245,ethnicity,1,543,400,2,3,7,6,6,9,13,9,9,19,11,9,15,13,19,26,31,44,37,57,55,2022,0.00047772274390345346,0.0030435083350625995,0.0038469325774448267,2024,224,True,0.003045423028292524,0.0023886137195172673,1.6105293819639794,False
246,medial proximal tibial angle,4,357,334,1,5,0,0,3,1,3,5,3,4,5,13,10,13,25,20,30,35,48,55,55,2021,0.00024163867610968058,0.0018728929953801972,0.003711952487008166,2024,223,True,0.0030318273897733607,0.0012081933805484029,3.0723165238029186,False
247,lesson,1,730,698,6,10,6,14,12,11,14,17,22,12,14,22,73,87,90,66,55,38,36,35,58,2017,0.0008872575922324838,0.005077554427210127,0.006045865184155664,2018,222,True,0.003018231751254198,0.004436287961162419,1.362820726942057,False
248,sa,1,1267,432,1,4,4,5,10,8,6,6,12,14,13,19,23,29,30,27,43,43,45,50,40,2021,0.00035799605098274615,0.0026844799600449494,0.0033809166040570998,2023,221,True,0.0030046361127350346,0.0017899802549137308,1.8888010606687085,False
249,international classification,2,694,638,4,3,2,5,13,7,28,27,25,38,38,37,55,55,38,43,38,43,44,52,43,2011,0.0003673104896519705,0.0023440770196735037,0.0038255547054322878,2017,220,True,0.0029910404742158714,0.0018365524482598524,2.0830086878580736,False
250,pts,1,1104,350,2,1,1,3,4,1,3,4,3,9,7,6,15,22,19,30,33,37,33,47,70,2017,0.0001637333386980069,0.001043333101481533,0.004681961072837937,2025,220,True,0.0029910404742158714,0.001,4.681961072837937,False
251,mean body mass index,4,478,474,2,2,3,6,10,8,10,15,12,16,18,19,34,30,41,29,38,37,37,53,54,2017,0.00028167774451847463,0.0023648883633581416,0.003611798541903552,2025,219,True,0.0029774448356967085,0.001408388722592373,2.564489820150958,False
252,keyword,1,454,442,4,1,1,5,5,9,11,9,11,9,19,32,22,26,23,36,46,36,37,47,53,2015,0.0002485725683578016,0.0014058453570107289,0.0035449133837201527,2025,219,True,0.0029774448356967085,0.001242862841789008,2.852216080913253,False
253,network meta analysis,3,586,349,0,0,0,0,1,0,1,1,1,5,12,5,19,16,25,44,40,33,34,61,51,2017,0.0,0.0013215552618766084,0.004116892758318148,2024,219,True,0.0029774448356967085,0.001,4.116892758318148,True
254,study protocol,2,486,471,5,2,1,6,6,6,8,3,14,21,21,26,31,23,39,41,38,41,38,43,58,2019,0.00033083599544365554,0.0025154798761609907,0.003879339174637148,2025,218,True,0.0029638491971775453,0.0016541799772182776,2.345173577279523,True
255,discharge disposition,2,624,461,1,3,1,7,3,3,7,3,5,9,15,23,29,38,47,50,40,50,32,51,44,2015,0.00020100134838002285,0.0011098779134295228,0.003458532198934772,2022,217,True,0.0029502535586583825,0.0010050067419001142,3.4413024855892056,False
256,fjs,1,598,286,0,0,0,0,0,0,1,1,0,1,4,10,6,7,15,24,35,33,34,53,62,2020,0.0,0.0014276366664683839,0.004146879807370744,2025,217,True,0.0029502535586583825,0.001,4.146879807370744,False
257,mcs,1,860,482,2,2,5,9,4,6,8,13,12,13,21,30,27,27,37,51,38,47,31,47,52,2016,0.0003597783380829857,0.002158118120998489,0.0034780282255367535,2025,215,True,0.0029230622816200564,0.0017988916904149285,1.933428368182922,False
258,anatomic total shoulder arthroplasty,4,571,400,0,0,0,0,1,0,2,2,6,6,15,13,25,39,23,53,36,42,45,43,49,2017,0.0,0.0017388885024692217,0.0033809166040570998,2023,215,True,0.0029230622816200564,0.001,3.3809166040571,True
259,rtka,1,970,301,0,0,1,1,1,2,1,2,1,6,4,5,3,9,26,24,42,37,42,44,50,2019,3.9050296782255544e-05,0.001676986584107327,0.0033442579091699553,2025,215,True,0.0029230622816200564,0.001,3.344257909169955,False
260,robotic assisted total knee arthroplasty,5,422,244,0,0,0,0,0,0,0,0,2,0,0,2,3,4,4,14,21,21,36,46,91,2021,0.0,0.001311025096766138,0.006086549394689319,2025,215,True,0.0029230622816200564,0.001,6.086549394689318,True
261,matched cohort,2,526,444,3,3,2,2,5,4,3,9,12,15,20,25,31,27,27,42,32,38,47,45,52,2016,0.0003248908748220731,0.001798431767498741,0.0035311795642374156,2023,214,True,0.002909466643100893,0.0016244543741103655,2.173763462067853,False
262,5 0,2,515,487,4,4,2,4,7,10,10,18,16,22,22,20,30,39,32,36,42,28,32,51,58,2017,0.00040715430190792706,0.002086666202963066,0.003879339174637148,2025,211,True,0.0028686797275434043,0.0020357715095396353,1.905586730366618,False
263,mid term follow up,4,596,499,1,2,4,6,6,7,7,11,23,19,26,21,23,38,42,53,56,38,42,40,34,2013,0.00027830842647083283,0.0017233628053349318,0.0034960669247097015,2021,210,True,0.002855084089024241,0.001391542132354164,2.5123687191527386,False
264,healthcare system,2,427,401,1,5,3,6,4,9,6,4,6,7,20,17,23,16,27,38,43,32,36,50,48,2020,0.0003587895664564472,0.0022604247219082745,0.0033745022609165147,2024,209,True,0.0028414884505050778,0.0017939478322822361,1.8810481554658802,False
265,eligibility criterion,2,493,477,3,1,2,4,5,7,10,12,15,14,20,22,33,38,36,47,51,52,30,34,41,2015,0.00024520325031015974,0.0014798372179060304,0.003596873486892163,2022,208,True,0.002827892811985915,0.0012260162515507988,2.9337894031522387,False
266,narrative review,2,347,316,0,0,0,0,1,2,1,5,1,6,11,8,14,14,20,25,35,47,28,46,52,2019,0.0,0.0012899896800825593,0.0034780282255367535,2025,208,True,0.002827892811985915,0.001,3.4780282255367534,True
267,pjis,1,540,338,1,0,0,2,0,4,4,4,4,10,9,11,13,21,23,25,36,35,42,51,43,2018,4.241961482989734e-05,0.0014593467685892981,0.003441992306134845,2024,207,True,0.0028142971734667517,0.001,3.441992306134845,False
268,fnf,1,811,331,0,1,1,0,0,0,2,0,5,9,8,12,12,17,23,34,32,41,37,52,45,2018,7.88941090382122e-05,0.00118137595552467,0.0035094823513531753,2024,207,True,0.0028142971734667517,0.001,3.509482351353175,False
269,multivariate regression analysis,3,481,459,0,2,2,6,7,6,10,2,10,16,19,19,31,23,53,47,44,40,33,43,46,2014,0.0001577882180764244,0.0011916288076264244,0.003418472652218782,2019,206,True,0.002800701534947589,0.001,3.418472652218782,False
270,pjk,1,1595,357,2,0,1,1,2,2,1,5,6,7,6,18,25,24,19,33,41,34,36,45,49,2016,0.00012388952644205024,0.0012948708725990935,0.003277372750986556,2025,205,True,0.0027871058964284256,0.001,3.2773727509865562,False
271,fais,1,796,258,0,0,0,0,0,0,0,1,0,0,0,1,2,6,19,25,41,42,41,43,37,2019,0.0,0.0012254901960784314,0.003080390683696469,2023,204,True,0.002773510257909263,0.001,3.0803906836964687,False
272,aor,1,944,306,0,2,0,0,1,0,0,3,4,9,7,6,6,9,23,33,36,30,40,49,48,2019,7.96876245119133e-05,0.0014834881320949433,0.0033070122156981844,2024,203,True,0.0027599146193900996,0.001,3.3070122156981845,False
273,substantial clinical benefit,3,367,276,0,0,1,2,0,5,4,0,0,1,3,2,9,10,15,21,32,33,37,44,57,2020,3.9050296782255544e-05,0.0012491820831598357,0.003812454016453749,2025,203,True,0.0027599146193900996,0.001,3.812454016453749,False
274,standardized mean difference,3,405,385,1,2,2,1,0,4,2,8,8,17,20,18,17,23,31,29,30,33,29,54,56,2014,0.00020020783290632173,0.001266105608103076,0.0037455688582703497,2025,202,True,0.0027463189808709368,0.0010010391645316086,3.7416806364643294,False
275,independent sample t test,4,381,371,4,5,0,5,1,3,4,9,9,11,11,19,16,19,25,28,31,39,36,45,51,2021,0.0003688975205993726,0.0019353227618928706,0.0034111430673533544,2025,202,True,0.0027463189808709368,0.001844487602996863,1.8493716421899724,False
276,demographic information,2,400,397,1,0,5,5,3,5,6,7,9,15,12,23,14,29,25,37,32,31,45,50,43,2018,0.00023767109874117505,0.0020152883947185543,0.0033809166040570998,2023,201,True,0.0027327233423517735,0.0011883554937058753,2.845038056342672,False
277,increased odd,2,452,363,1,0,0,1,3,1,3,6,6,6,6,20,18,26,23,42,31,44,38,42,46,2016,4.241961482989734e-05,0.0014387454139989928,0.0030767172764363587,2025,201,True,0.0027327233423517735,0.001,3.0767172764363586,False
278,cochrane database,2,498,496,3,2,3,3,10,14,8,6,28,17,19,24,39,31,47,44,47,42,35,33,41,2016,0.000324097359348372,0.0017264944967987914,0.0030314757481940146,2019,198,True,0.002691936426794284,0.00162048679674186,1.8707191902390563,False
279,scoping review,2,345,237,0,0,0,0,0,0,0,1,2,1,2,3,3,5,12,10,25,24,42,46,61,2021,0.0,0.001560744162816831,0.004079994649187345,2025,198,True,0.002691936426794284,0.001,4.079994649187345,True
280,methodological index,2,321,313,0,0,0,0,0,0,0,0,1,4,8,7,14,20,29,33,33,33,33,48,50,2018,0.0,0.001389854065323141,0.0033442579091699553,2025,197,True,0.0026783407882751214,0.001,3.344257909169955,False
281,observation group,2,1072,279,1,0,2,0,0,1,1,2,1,1,3,9,7,9,24,21,27,38,40,45,47,2019,0.00012052020839440844,0.0015479876160990713,0.003143602434619758,2025,197,True,0.0026783407882751214,0.001,3.143602434619758,False
282,included patient,2,327,321,1,0,0,3,1,3,1,5,7,5,12,8,16,22,18,23,43,33,32,44,44,2017,4.241961482989734e-05,0.001112888641580302,0.002969561989606533,2024,196,True,0.002664745149755958,0.001,2.969561989606533,False
283,1 1 ratio,3,329,320,1,0,3,4,0,3,6,6,6,4,4,11,17,12,23,24,30,35,24,43,64,2019,0.00015957050517666397,0.0014834881320949433,0.004280650123737542,2025,196,True,0.002664745149755958,0.001,4.2806501237375425,False
284,receiver operating characteristic roc curve,5,297,297,1,0,1,1,1,2,4,1,3,6,5,11,7,14,21,23,36,29,40,42,49,2019,8.146991161215289e-05,0.0013544891640866873,0.003277372750986556,2025,196,True,0.002664745149755958,0.001,3.2773727509865562,False
285,cnki,1,364,364,0,0,0,0,0,1,3,3,8,10,17,19,22,26,26,34,25,38,34,53,45,2015,0.0,0.0012578616352201257,0.0035769723965715055,2024,195,True,0.0026511495112367953,0.001,3.5769723965715055,False
286,lateral center edge angle,4,414,363,2,1,1,0,2,3,5,7,5,7,17,16,21,14,37,30,39,37,47,41,31,2015,0.0001637333386980069,0.0012578616352201257,0.0035311795642374156,2023,195,True,0.0026511495112367953,0.001,3.5311795642374157,False
287,3d printing,2,531,358,0,0,0,0,1,2,0,1,0,6,8,14,22,29,41,39,39,36,35,36,49,2016,0.0,0.0010071217897992951,0.003277372750986556,2025,195,True,0.0026511495112367953,0.001,3.2773727509865562,False
288,mental health,2,548,407,2,3,7,6,13,10,11,13,9,15,13,13,24,24,22,28,25,31,36,46,56,2023,0.00047772274390345346,0.00270473328324568,0.0037455688582703497,2025,194,True,0.002637553872717632,0.0023886137195172673,1.5680931695507967,False
289,two independent reviewer,3,384,381,3,5,1,4,6,9,4,11,13,14,18,12,15,16,28,29,37,36,35,39,46,2021,0.0003655282025517308,0.0023099013609689098,0.0030767172764363587,2025,193,True,0.0026239582341984692,0.001827641012758654,1.6834363285557596,False
290,30 day readmission,3,678,447,0,0,1,0,0,0,1,2,10,12,18,31,43,36,47,54,40,37,40,42,33,2015,3.9050296782255544e-05,0.0013318534961154272,0.0032121824995538636,2020,192,True,0.002610362595679306,0.001,3.2121824995538635,False
291,mme,1,488,253,0,0,0,0,0,0,0,1,0,0,1,0,2,7,18,32,41,27,34,43,47,2019,0.0,0.0011609907120743034,0.003143602434619758,2025,192,True,0.002610362595679306,0.001,3.143602434619758,False
292,30 day mortality,3,710,476,3,3,4,4,6,4,8,16,19,22,14,19,40,36,43,44,55,35,29,36,36,2017,0.0004029914683865842,0.0027822216039507545,0.003433637158197028,2021,191,True,0.002596766957160143,0.0020149573419329207,1.7040743676008483,False
293,psi,1,1431,458,1,1,0,1,0,1,0,7,16,25,21,44,34,29,41,46,40,48,25,27,51,2013,8.2263427085854e-05,0.0011988610819721264,0.0034111430673533544,2025,191,True,0.002596766957160143,0.001,3.4111430673533545,False
294,retear,1,785,425,0,3,7,2,6,2,12,11,14,17,14,18,21,35,33,39,45,25,37,50,34,2018,0.0003928835142436588,0.002432244614315497,0.0033745022609165147,2024,191,True,0.002596766957160143,0.001964417571218294,1.7178131118139577,False
295,medial unicompartmental knee arthroplasty,4,711,410,1,3,2,5,3,3,9,8,13,19,21,31,15,21,29,36,41,28,34,40,48,2014,0.00024005164516227836,0.001415059209056379,0.003210487592803157,2025,191,True,0.002596766957160143,0.0012002582258113918,2.6748307353884795,False
296,subjective shoulder value,3,462,400,1,2,5,2,6,7,5,10,11,17,18,18,20,24,31,32,48,32,30,38,43,2018,0.00031735872325308834,0.0016678248783877692,0.0029966287926083157,2021,191,True,0.002596766957160143,0.0015867936162654416,1.888480494181062,False
297,numerical rating scale,3,382,361,0,2,3,3,3,4,9,7,6,12,15,13,18,15,34,26,37,33,32,39,50,2017,0.00019683851485867996,0.0012519997217778397,0.0033442579091699553,2025,191,True,0.002596766957160143,0.001,3.344257909169955,False
298,significantly lower rate,3,356,336,4,2,4,5,2,5,2,7,6,9,11,19,9,17,22,21,32,18,38,45,58,2023,0.0004055672709605249,0.0028549962434259953,0.003879339174637148,2025,191,True,0.002596766957160143,0.0020278363548026247,1.9130435083923405,False
299,aseptic revision,2,517,328,1,1,0,3,3,3,2,3,12,8,15,11,15,16,21,23,32,37,43,36,43,2017,8.2263427085854e-05,0.001043333101481533,0.0032306536438767844,2023,191,True,0.002596766957160143,0.001,3.230653643876784,False
300,2 test,2,381,373,1,1,0,0,1,4,8,8,14,21,14,18,17,20,21,36,36,43,35,35,40,2013,8.2263427085854e-05,0.0010490034467256107,0.002974337691083904,2022,189,True,0.002569575680121817,0.001,2.974337691083904,False
301,cutoff value,2,452,337,0,1,0,3,3,7,2,5,9,14,9,14,20,15,24,22,34,39,35,43,38,2016,3.984381225595665e-05,0.0010071217897992951,0.0029020719443882026,2024,189,True,0.002569575680121817,0.001,2.9020719443882026,False
302,patient quality,2,439,414,2,3,4,10,7,17,12,5,24,23,15,14,13,26,24,27,31,21,39,47,50,2023,0.0003605718535566868,0.002930127723516153,0.0033442579091699553,2025,188,True,0.002555980041602654,0.001802859267783434,1.854974466909793,False
303,eligible study,2,383,371,3,3,1,4,8,5,5,9,8,24,15,21,14,22,21,20,30,27,35,25,71,2021,0.00028584057803981755,0.0018728929953801972,0.004748846231021337,2025,188,True,0.002555980041602654,0.0014292028901990877,3.3227236409799197,False
304,surgical duration,2,395,302,1,0,0,1,0,3,1,7,3,8,6,10,14,17,16,27,24,20,20,48,76,2018,4.241961482989734e-05,0.00118137595552467,0.005083272021938332,2025,188,True,0.002555980041602654,0.001,5.083272021938332,False
305,pao,1,1574,398,1,1,2,4,3,5,3,13,14,16,24,24,27,19,32,23,35,42,28,50,32,2012,0.0001603640206503651,0.0010769613122359374,0.0033745022609165147,2024,187,True,0.002542384403083491,0.001,3.3745022609165147,False
306,geriatric patient,2,596,390,4,2,5,6,5,12,11,7,7,17,11,18,23,19,23,33,31,39,34,45,38,2022,0.0004446175677427804,0.0026976551151691223,0.003037052034824863,2024,187,True,0.002542384403083491,0.002223087838713902,1.3661412661866994,False
307,quick disability,2,398,364,0,0,0,1,1,1,6,9,14,12,19,18,24,14,24,34,35,40,32,31,49,2015,0.0,0.0014058453570107289,0.003277372750986556,2025,187,True,0.002542384403083491,0.001,3.2773727509865562,False
308,predictive model,2,447,319,1,0,2,3,0,4,3,5,8,7,3,10,11,25,17,33,29,23,24,55,56,2018,0.00012052020839440844,0.0017373175816539264,0.0037455688582703497,2025,187,True,0.002542384403083491,0.001,3.7455688582703495,False
309,shared decision making,3,380,306,1,0,0,1,0,4,2,2,7,4,6,11,11,13,26,31,39,42,30,36,40,2019,4.241961482989734e-05,0.001676986584107327,0.0029051670471052084,2022,187,True,0.002542384403083491,0.001,2.9051670471052082,False
310,national database,2,378,348,2,0,1,2,0,2,6,5,11,15,20,12,15,20,21,30,24,39,48,40,35,2017,0.00012388952644205024,0.001043333101481533,0.0036063110443275734,2023,186,True,0.0025287887645643278,0.001,3.6063110443275734,False
311,mean bmi,2,353,329,0,1,4,6,1,6,4,8,8,12,18,11,12,16,19,17,25,27,39,42,53,2018,0.0001960449993849788,0.0011118832522585128,0.0035449133837201527,2025,186,True,0.0025287887645643278,0.001,3.5449133837201527,False
312,tobacco use,2,493,372,2,5,2,5,3,5,2,5,12,9,20,26,13,22,25,31,25,31,34,48,47,2022,0.00036215888450408907,0.0021442899633395585,0.003239522170479854,2024,185,True,0.0025151931260451645,0.0018107944225204454,1.7890060462914184,False
313,systematic literature search,3,350,346,2,1,0,4,2,5,2,5,9,7,13,22,13,23,22,32,42,35,23,33,51,2018,0.00012468304191575133,0.0015983321751216121,0.0034111430673533544,2025,184,True,0.0025015974875260017,0.001,3.4111430673533545,False
314,csa,1,957,376,3,1,2,0,5,7,6,11,6,6,18,23,21,17,29,38,34,32,24,40,53,2015,0.00024520325031015974,0.0013318534961154272,0.0035449133837201527,2025,183,True,0.0024880018490068385,0.0012260162515507988,2.891408151593554,False
315,cumulative incidence,2,597,373,1,2,3,5,2,6,7,7,10,8,19,16,30,20,28,26,35,35,28,38,47,2017,0.0002392581296885773,0.002086666202963066,0.003143602434619758,2025,183,True,0.0024880018490068385,0.0011962906484428864,2.627791531022605,False
316,nine study,2,367,358,1,1,0,0,8,1,5,12,14,9,13,12,23,23,16,37,38,29,37,35,44,2017,8.2263427085854e-05,0.001599777422271684,0.0029429469600695604,2025,183,True,0.0024880018490068385,0.001,2.9429469600695604,False
317,cms,1,651,376,0,3,2,5,2,4,3,6,11,11,21,27,27,11,27,34,36,37,30,33,46,2015,0.00019763203033238102,0.0015538290788013318,0.0030767172764363587,2025,182,True,0.0024744062104876756,0.001,3.0767172764363586,False
318,video,1,518,394,5,2,2,1,5,4,8,8,22,12,16,34,27,19,21,28,45,30,32,36,37,2021,0.0003698862922259111,0.002809339493070296,0.002809339493070296,2021,180,True,0.0024472149334493496,0.0018494314611295555,1.5190287134806655,False
319,fai,1,1254,572,0,4,4,8,7,13,14,23,34,29,39,52,34,44,50,39,60,31,31,30,26,2012,0.0003155764361528488,0.001905393090878966,0.0037457859907603945,2021,178,True,0.0024200236564110235,0.001577882180764244,2.3739326271788754,False
320,dissemination,1,400,386,1,1,4,5,6,4,1,7,2,12,10,16,29,23,46,41,36,27,28,29,58,2017,0.00023846461421487617,0.002017110662864297,0.003879339174637148,2025,178,True,0.0024200236564110235,0.0011923230710743809,3.2535973418190633,False
321,drf,1,863,342,0,2,2,3,5,4,7,6,9,10,6,12,18,22,21,38,35,28,42,25,47,2017,0.0001577882180764244,0.0012519997217778397,0.0031555221637866266,2023,177,True,0.0024064280178918603,0.001,3.1555221637866264,False
322,intraoperative bleeding,2,405,323,2,2,4,1,6,5,3,6,6,5,12,12,21,14,20,27,32,25,48,41,31,2020,0.0003207280413007302,0.0016060912497769318,0.0036063110443275734,2023,177,True,0.0024064280178918603,0.001603640206503651,2.2488280286949536,False
323,primary hip arthroscopy,3,444,256,0,0,1,0,0,0,0,1,3,3,7,6,2,11,19,26,44,39,35,33,26,2019,3.9050296782255544e-05,0.0012254901960784314,0.0027469097265576227,2021,177,True,0.0024064280178918603,0.001,2.7469097265576226,False
324,current procedural terminology code,4,388,376,0,0,1,0,1,1,2,5,9,13,17,13,35,31,28,44,26,32,30,49,39,2017,3.9050296782255544e-05,0.0024344439034569105,0.0033070122156981844,2024,176,True,0.0023928323793726974,0.001,3.3070122156981845,False
325,2 cohort,2,402,362,0,1,2,4,2,4,4,5,7,13,18,24,21,18,34,29,28,43,41,40,24,2015,0.00011794440582046775,0.0013318534961154272,0.003080390683696469,2023,176,True,0.0023928323793726974,0.001,3.0803906836964687,False
326,chronic kidney disease,3,447,348,0,0,1,1,3,4,3,6,11,9,7,21,23,18,30,35,31,26,30,37,52,2016,3.9050296782255544e-05,0.0015106826846989425,0.0034780282255367535,2025,176,True,0.0023928323793726974,0.001,3.4780282255367534,False
327,phf,1,701,273,0,1,0,0,0,1,1,2,1,1,6,12,7,11,26,28,25,32,31,41,47,2019,3.984381225595665e-05,0.001676986584107327,0.003143602434619758,2025,176,True,0.0023928323793726974,0.001,3.143602434619758,False
328,koa,1,487,236,0,0,0,0,0,0,1,3,1,2,4,3,10,12,8,16,22,27,26,51,50,2021,0.0,0.0013734548632788114,0.003441992306134845,2024,176,True,0.0023928323793726974,0.001,3.441992306134845,False
329,onfh,1,1043,386,2,2,3,7,13,6,6,6,15,6,18,17,18,28,27,37,29,32,29,38,47,2018,0.00028167774451847463,0.0019457956914523975,0.003143602434619758,2025,175,True,0.002379236740853534,0.001408388722592373,2.2320559545758334,False
330,ais patient,2,465,348,1,2,0,5,4,7,4,5,6,10,7,17,31,16,29,29,30,32,30,30,53,2016,0.00012210723934181065,0.0012229336018991439,0.0035449133837201527,2025,175,True,0.002379236740853534,0.001,3.5449133837201527,False
331,ssis,1,993,467,4,3,1,7,5,7,10,11,12,19,39,26,33,31,44,41,37,36,22,29,50,2015,0.0003282601928697149,0.0028856825749167593,0.0033442579091699553,2025,174,True,0.002365641102334371,0.0016413009643485746,2.037565310575003,False
332,shorter operation time,3,404,387,3,4,0,2,5,6,5,7,13,15,8,19,27,20,42,37,39,39,31,26,39,2019,0.0002866340935135186,0.0027089783281733747,0.0027089783281733747,2019,174,True,0.002365641102334371,0.001433170467567593,1.8901996583638159,False
333,multivariable logistic regression analysis,4,367,336,0,0,0,1,2,1,3,3,7,9,9,16,19,29,26,37,31,26,30,48,39,2016,0.0,0.0011509963311991942,0.003239522170479854,2024,174,True,0.002365641102334371,0.001,3.239522170479854,False
334,larger sample size,3,334,332,1,3,3,5,4,2,5,7,7,8,11,15,15,18,27,27,20,22,31,43,58,2022,0.00027910194194453395,0.0015217541675312998,0.003879339174637148,2025,174,True,0.002365641102334371,0.0013955097097226698,2.779872578176536,False
335,major adverse limb event,4,396,317,0,0,0,0,0,1,2,2,7,11,12,13,17,19,21,38,22,22,19,54,57,2017,0.0,0.0011824441816790708,0.003812454016453749,2025,174,True,0.002365641102334371,0.001,3.812454016453749,False
336,acute kidney injury,3,386,278,0,0,0,1,0,0,0,5,6,5,7,11,15,15,25,14,28,20,21,38,67,2017,0.0,0.001043333101481533,0.00448130559828774,2025,174,True,0.002365641102334371,0.001,4.48130559828774,False
337,n s,2,1083,606,0,4,4,3,4,19,25,33,35,35,36,40,36,55,50,54,40,35,42,45,11,2010,0.0003155764361528488,0.0017497007090892347,0.003822098679638638,2018,173,True,0.002352045463815208,0.001577882180764244,2.4222966240656905,False
338,surgical factor,2,442,376,1,2,2,4,4,6,6,15,18,17,13,15,12,29,26,33,40,34,30,29,40,2012,0.00020020783290632173,0.0012426476679645432,0.0026754063273359643,2025,173,True,0.002352045463815208,0.0010010391645316086,2.6726290260459495,False
339,certainty,1,314,246,2,4,1,3,2,5,2,3,6,3,5,3,8,5,7,14,28,37,27,34,47,2021,0.0002832647754658769,0.0017480334623548508,0.003143602434619758,2025,173,True,0.002352045463815208,0.0014163238773293844,2.2195505455625897,False
340,9 3,2,496,473,2,6,2,8,4,16,20,23,21,20,30,18,22,29,39,41,29,33,37,37,36,2018,0.0004020026967600457,0.0020152883947185543,0.0027798647633358376,2023,172,True,0.002338449825296045,0.0020100134838002283,1.3830080174786148,False
341,ka,1,880,296,0,0,0,2,1,2,2,1,2,4,6,17,15,17,25,30,32,38,24,31,47,2016,0.0,0.0012229336018991439,0.003143602434619758,2025,172,True,0.002338449825296045,0.001,3.143602434619758,False
342,each cohort,2,304,290,0,0,3,2,4,1,6,4,7,9,7,10,12,17,17,20,19,34,34,41,43,2018,0.00011715089034676664,0.00118137595552467,0.0028760618018861613,2025,171,True,0.002324854186776882,0.001,2.876061801886161,False
343,four study,2,422,396,3,2,2,0,4,12,6,11,15,15,18,18,27,23,36,34,37,32,30,39,32,2017,0.00028504706256611643,0.0018779995826667594,0.0026321117635148814,2024,170,True,0.002311258548257719,0.0014252353128305821,1.8467910104524339,False
344,relevant study,2,397,392,2,1,1,2,2,5,5,8,13,10,16,25,36,23,36,37,31,33,24,41,41,2015,0.0001637333386980069,0.0011838697743248242,0.002767091853951542,2024,170,True,0.002311258548257719,0.001,2.767091853951542,False
345,fea,1,480,293,2,3,0,1,4,7,2,7,12,10,6,14,9,12,15,19,32,26,27,35,50,2020,0.00020437066642766465,0.0011302123609541373,0.0033442579091699553,2025,170,True,0.002311258548257719,0.0010218533321383232,3.2727376855265367,False
346,asd surgery,2,499,271,0,0,0,0,0,0,0,2,1,4,5,10,22,23,22,12,24,29,25,40,52,2017,0.0,0.001530221882172915,0.0034780282255367535,2025,170,True,0.002311258548257719,0.001,3.4780282255367534,False
347,calibration,1,343,261,3,2,2,2,4,4,2,2,4,6,4,11,4,10,7,24,27,35,36,38,34,2020,0.00028504706256611643,0.0014276366664683839,0.00270473328324568,2023,170,True,0.002311258548257719,0.0014252353128305821,1.8977450663034419,False
348,six study,2,405,381,2,1,2,1,3,8,6,9,15,17,23,16,29,27,31,22,32,34,34,30,39,2013,0.00020278363548026246,0.0011239322643488685,0.002608521169152565,2025,169,True,0.002297662909738556,0.0010139181774013123,2.5727136837000444,False
349,ethic,1,336,328,3,2,0,0,1,0,2,1,0,5,7,13,23,23,42,37,35,22,27,29,56,2017,0.00020694646900160533,0.001599777422271684,0.0037455688582703497,2025,169,True,0.002297662909738556,0.0010347323450080267,3.6198432148569726,False
350,sane,1,578,296,0,2,3,3,1,2,4,5,2,4,10,11,13,9,25,34,35,34,28,35,36,2019,0.00019683851485867996,0.001612487100103199,0.0024078656946023677,2025,168,True,0.0022840672712193927,0.001,2.4078656946023678,False
351,surgical detail,2,292,288,3,1,0,2,5,1,6,6,8,6,13,10,11,13,20,15,18,16,27,40,67,2021,0.00016710265674564867,0.0011237357972281184,0.00448130559828774,2025,168,True,0.0022840672712193927,0.001,4.48130559828774,False
352,valuable insight,2,199,199,0,0,1,1,2,2,2,4,2,2,1,5,0,2,4,3,5,6,21,57,79,2023,3.9050296782255544e-05,0.0015777610818933133,0.005283927496488529,2025,168,True,0.0022840672712193927,0.001,5.283927496488529,False
353,five study,2,427,398,2,1,2,3,6,11,5,12,15,19,23,20,27,27,22,37,27,40,28,40,31,2013,0.00020278363548026246,0.0011239322643488685,0.0027668257591478176,2022,166,True,0.0022568759941810667,0.0010139181774013123,2.7288452074498104,False
354,seven study,2,370,358,1,1,1,2,2,4,7,12,13,13,13,19,23,28,27,26,33,34,30,33,36,2016,0.00012131372386810955,0.0013668081432990432,0.0024078656946023677,2025,166,True,0.0022568759941810667,0.001,2.4078656946023678,False
355,atsa,1,586,210,0,0,0,0,0,0,0,0,1,0,7,1,3,7,5,21,16,24,36,35,54,2022,0.0,0.0016600954554886907,0.003611798541903552,2025,165,True,0.002243280355661904,0.001,3.6117985419035517,False
356,mid term outcome,3,395,340,0,0,4,2,8,7,8,6,12,17,12,16,16,19,26,23,36,31,28,26,43,2016,0.00015620118712902218,0.0011509963311991942,0.0028760618018861613,2025,164,True,0.0022296847171427406,0.001,2.876061801886161,True
357,independent factor,2,391,338,1,3,1,4,2,8,8,1,13,15,5,18,17,33,26,19,32,31,29,36,36,2016,0.00020100134838002285,0.0012948708725990935,0.0024296416278598906,2024,164,True,0.0022296847171427406,0.0010050067419001142,2.4175376408583023,False
358,higher bmi,2,354,302,1,0,1,0,2,4,8,5,6,5,13,17,19,15,17,25,32,27,19,29,57,2016,8.146991161215289e-05,0.0012229336018991439,0.003812454016453749,2025,164,True,0.0022296847171427406,0.001,3.812454016453749,False
359,adult spinal deformity surgery,4,331,288,1,1,2,1,1,2,0,1,8,6,10,14,23,21,17,16,26,32,26,37,43,2016,0.0001603640206503651,0.0010071217897992951,0.0028760618018861613,2025,164,True,0.0022296847171427406,0.001,2.876061801886161,True
360,three study,2,386,347,3,1,0,2,6,10,9,5,11,15,18,18,17,25,18,26,31,38,32,32,30,2014,0.00016710265674564867,0.001117152007149773,0.002628484471190427,2022,163,True,0.0022160890786235773,0.001,2.628484471190427,False
361,incidence and risk factor,4,475,400,3,2,1,6,5,3,7,7,16,18,21,26,36,38,24,25,34,38,22,38,30,2014,0.00024599676578386086,0.0013405824085797274,0.002640722724113968,2018,162,True,0.0022024934401044145,0.0012299838289193043,2.1469572705148288,False
362,comparable outcome,2,314,298,1,0,2,6,5,4,6,7,10,10,13,11,9,13,13,26,22,24,24,36,56,2020,0.00012052020839440844,0.0015466063886740824,0.0037455688582703497,2025,162,True,0.0022024934401044145,0.001,3.7455688582703495,False
363,spinopelvic parameter,2,371,263,0,0,0,0,2,2,1,2,3,5,8,7,12,17,18,24,32,32,22,37,39,2018,0.0,0.00118137595552467,0.002608521169152565,2025,162,True,0.0022024934401044145,0.001,2.608521169152565,False
364,independent t test,3,333,324,1,0,4,2,4,4,6,4,8,6,11,15,19,17,27,35,25,28,31,33,44,2016,0.00019862080195891954,0.0010790590604992446,0.0029429469600695604,2025,161,True,0.0021888978015852513,0.001,2.9429469600695604,False
365,ssv,1,582,292,0,1,2,1,2,3,4,6,5,7,8,11,20,14,20,27,37,35,27,25,37,2019,0.00011794440582046775,0.0012899896800825593,0.002474750852785767,2025,161,True,0.0021888978015852513,0.001,2.4747508527857667,False
366,eight study,2,351,338,1,0,0,2,3,4,11,9,15,19,12,10,17,30,26,19,24,29,33,31,43,2017,4.241961482989734e-05,0.0011824441816790708,0.0028760618018861613,2025,160,True,0.0021753021630660885,0.001,2.876061801886161,False
367,cochrane risk,2,240,238,0,0,0,0,0,1,0,1,1,5,3,9,5,11,15,27,23,34,24,27,52,2020,0.0,0.0016060912497769318,0.0034780282255367535,2025,160,True,0.0021753021630660885,0.001,3.4780282255367534,False
368,endovascular therapy,2,598,386,0,4,1,6,9,15,11,15,16,13,18,27,25,16,20,31,21,26,29,40,43,2015,0.00019842554580608217,0.0013318534961154272,0.0028760618018861613,2025,159,True,0.002161706524546925,0.001,2.876061801886161,False
369,cut off value,3,397,298,0,3,2,2,4,4,5,4,4,5,7,14,20,19,24,22,29,24,38,33,35,2016,0.00019763203033238102,0.0010071217897992951,0.0028549962434259953,2023,159,True,0.002161706524546925,0.001,2.8549962434259952,False
370,ohs,1,753,389,4,1,0,5,6,7,11,17,19,16,13,15,22,31,27,37,30,40,17,35,36,2012,0.000209522271575546,0.0014083340236931488,0.0027668257591478176,2022,158,True,0.0021481108860277624,0.00104761135787773,2.6410803379918515,False
371,title,1,367,336,1,1,2,0,2,5,6,16,4,10,14,25,22,20,33,17,32,36,28,34,28,2015,0.0001603640206503651,0.0010358860525342213,0.0024901431832330357,2022,158,True,0.0021481108860277624,0.001,2.4901431832330356,False
372,rtha,1,689,216,0,0,0,0,0,2,1,3,0,0,5,2,1,5,14,25,19,27,38,31,43,2020,0.0,0.0014871215275712331,0.0028760618018861613,2025,158,True,0.0021481108860277624,0.001,2.876061801886161,False
373,nomogram,1,462,200,1,1,2,1,2,0,0,2,1,2,0,5,2,4,3,16,20,18,30,38,52,2021,0.0001603640206503651,0.001248595330253465,0.0034780282255367535,2025,158,True,0.0021481108860277624,0.001,3.4780282255367534,False
374,knee joint function,3,304,258,1,3,1,3,1,3,4,5,3,4,9,13,11,10,11,19,31,28,29,39,30,2020,0.00020100134838002285,0.0011302123609541373,0.0026321117635148814,2024,157,True,0.002134515247508599,0.0010050067419001142,2.618999110929827,False
375,robotic assistance,2,289,204,0,0,0,0,0,1,0,4,2,1,3,3,5,7,9,12,18,28,31,35,45,2021,0.0,0.0011237357972281184,0.0030098321182529596,2025,157,True,0.002134515247508599,0.001,3.0098321182529597,False
376,clinical question,2,444,444,0,2,0,3,3,5,13,27,30,21,22,25,30,36,38,34,36,38,47,28,6,2011,7.96876245119133e-05,0.001088321473419841,0.0035311795642374156,2023,155,True,0.002107323970470273,0.001,3.5311795642374157,False
377,medicaid service,2,379,344,0,0,3,1,0,1,3,2,6,7,11,36,29,22,37,31,25,30,20,30,50,2016,0.00011715089034676664,0.002589741745198187,0.0033442579091699553,2025,155,True,0.002107323970470273,0.001,3.344257909169955,False
378,0 0,2,386,306,3,1,1,3,3,4,1,4,11,7,7,16,22,22,20,26,21,34,27,38,35,2016,0.00020615295352790423,0.0011509963311991942,0.002564621718296551,2024,155,True,0.002107323970470273,0.0010307647676395212,2.488076619236417,False
379,chi squared test,3,307,299,1,0,6,2,0,4,4,2,8,12,10,9,11,20,30,26,20,30,22,38,44,2018,0.00027672139552343064,0.001389854065323141,0.0029429469600695604,2025,154,True,0.0020937283319511103,0.0013836069776171531,2.1270107824534836,False
380,baseline demographic,2,265,251,0,1,1,3,2,4,4,4,6,7,2,8,5,8,25,17,19,41,22,33,39,2019,7.88941090382122e-05,0.001612487100103199,0.002835996403126513,2022,154,True,0.0020937283319511103,0.001,2.835996403126513,False
381,demographic variable,2,324,311,1,2,2,5,6,5,3,3,5,12,8,9,15,34,29,19,24,22,30,32,45,2017,0.00020020783290632173,0.001043333101481533,0.0030098321182529596,2025,153,True,0.002080132693431947,0.0010010391645316086,3.0067076543016933,False
382,multivariable regression analysis,3,283,264,0,0,0,1,4,0,1,5,5,10,10,14,5,17,20,19,25,31,22,44,31,2018,0.0,0.00118137595552467,0.002969561989606533,2024,153,True,0.002080132693431947,0.001,2.969561989606533,False
383,prediction model,2,344,229,0,1,1,1,1,0,4,2,2,3,6,7,5,9,18,16,27,29,29,40,28,2021,7.88941090382122e-05,0.0016856036958421776,0.0026996018087332117,2024,153,True,0.002080132693431947,0.001,2.699601808733212,False
384,reimbursement,1,623,408,1,3,4,3,2,8,6,11,14,19,16,23,36,35,38,37,25,33,23,35,36,2016,0.0003181522387267895,0.0016545572260988418,0.0025039994435556794,2017,152,True,0.002066537054912784,0.0015907611936339476,1.5740888409752585,False
385,maximum stress,2,431,269,0,4,2,1,4,7,2,5,9,10,9,4,12,14,12,22,33,34,26,34,25,2020,0.00023747584258833768,0.0013086669442626852,0.002351801895275645,2022,152,True,0.002066537054912784,0.0011873792129416885,1.9806662182076962,False
386,non randomized study,3,253,240,1,1,0,0,4,0,1,2,1,1,6,8,8,8,16,31,34,26,28,27,37,2019,8.2263427085854e-05,0.0010319917440660474,0.002474750852785767,2025,152,True,0.002066537054912784,0.001,2.4747508527857667,False
387,decision curve analysis,3,211,170,0,0,0,0,0,0,0,0,1,1,0,2,0,1,1,12,21,18,33,36,44,2021,0.0,0.001311025096766138,0.0029429469600695604,2025,152,True,0.002066537054912784,0.001,2.9429469600695604,False
388,risk stratification,2,334,309,1,4,1,4,1,3,4,4,8,10,17,21,16,14,18,32,15,27,18,35,56,2022,0.0002408451606359795,0.001867607387424777,0.0037455688582703497,2025,151,True,0.002052941416393621,0.0012042258031798975,3.1103542611192534,False
389,higher body mass index,4,300,279,0,1,2,2,4,5,5,3,5,8,9,12,12,19,15,26,24,22,20,39,46,2020,0.00011794440582046775,0.0015466063886740824,0.0030767172764363587,2025,151,True,0.002052941416393621,0.001,3.0767172764363586,False
390,large cohort,2,382,378,2,3,2,0,3,4,11,12,14,20,17,17,22,23,41,37,29,37,30,28,26,2017,0.00028247125999217575,0.001530221882172915,0.0026444788441692467,2019,150,True,0.0020393457778744577,0.0014123562999608786,1.872387898324592,False
391,tegner activity scale,3,434,368,0,3,2,4,3,4,9,18,15,20,14,23,21,31,22,29,21,26,32,38,33,2012,0.00019763203033238102,0.0014911772015574517,0.002564621718296551,2024,150,True,0.0020393457778744577,0.001,2.564621718296551,False
392,25 0,2,334,318,3,1,3,1,5,7,8,7,9,12,13,14,16,19,20,30,29,25,24,25,47,2020,0.0002842535470924153,0.0017845458330854797,0.003143602434619758,2025,150,True,0.0020393457778744577,0.0014212677354620766,2.2118298728548305,False
393,primary total joint arthroplasty,4,368,309,2,2,2,1,3,3,3,6,9,7,12,16,18,22,24,29,24,35,27,32,32,2017,0.0002426274477362191,0.0012519997217778397,0.0024209725392543404,2022,150,True,0.0020393457778744577,0.0012131372386810955,1.9956295644558608,False
394,operative duration,2,366,269,0,0,3,2,1,9,4,11,5,11,13,9,10,17,7,17,23,25,19,32,51,2020,0.00011715089034676664,0.0010112426387484386,0.0034111430673533544,2025,150,True,0.0020393457778744577,0.001,3.4111430673533545,False
395,surgical orthopedic,2,216,216,1,2,1,1,0,1,0,0,0,0,0,0,8,0,24,28,30,27,25,31,37,2019,0.0001611575361240662,0.0015479876160990713,0.002474750852785767,2025,150,True,0.0020393457778744577,0.001,2.4747508527857667,False
396,all prom,2,211,187,0,0,0,0,0,0,1,0,0,0,5,2,1,6,8,14,21,31,24,39,35,2021,0.0,0.001311025096766138,0.0026321117635148814,2024,150,True,0.0020393457778744577,0.001,2.632111763514881,False
397,coronal alignment,2,494,341,3,2,2,5,9,5,5,14,13,22,12,23,15,20,16,26,39,28,24,18,40,2020,0.00028504706256611643,0.0015466063886740824,0.0026754063273359643,2025,149,True,0.002025750139355295,0.0014252353128305821,1.877168144271198,False
398,inferior outcome,2,355,328,1,3,2,3,4,6,9,4,8,20,18,21,19,15,23,23,35,26,28,35,25,2014,0.00024005164516227836,0.0014895360095330305,0.0023621515826415603,2024,149,True,0.002025750139355295,0.0012002582258113918,1.9680361540906848,False
399,dexamethasone,1,741,317,4,1,1,4,6,9,2,6,11,9,11,18,22,22,17,25,24,28,23,35,39,2016,0.0002485725683578016,0.0012948708725990935,0.002608521169152565,2025,149,True,0.002025750139355295,0.001242862841789008,2.098800512370129,False
400,all outcome,2,337,313,1,1,1,3,5,4,4,5,5,10,15,13,19,17,29,32,28,23,32,36,30,2017,0.00012131372386810955,0.0013215552618766084,0.0024296416278598906,2024,149,True,0.002025750139355295,0.001,2.4296416278598905,False
401,ao ota,2,346,296,2,0,4,5,4,3,4,3,8,14,14,21,10,17,21,17,27,25,22,35,40,2021,0.00024104041678881688,0.0016856036958421776,0.0026754063273359643,2025,149,True,0.002025750139355295,0.0012052020839440844,2.2198819293280367,False
402,rcr,1,727,262,0,1,1,1,1,2,2,2,2,5,1,4,9,15,31,36,28,33,30,33,25,2018,7.88941090382122e-05,0.0010423905489923557,0.0022826312512969496,2022,149,True,0.002025750139355295,0.001,2.2826312512969498,False
403,dfu,1,663,260,0,1,2,3,1,1,3,4,5,4,9,9,17,11,15,26,36,38,17,26,32,2020,0.00011794440582046775,0.0015466063886740824,0.002628484471190427,2022,149,True,0.002025750139355295,0.001,2.628484471190427,False
404,scb,1,631,203,1,0,0,0,0,2,2,0,1,1,3,2,5,9,12,16,26,21,24,27,51,2021,4.241961482989734e-05,0.0016231739293295043,0.0034111430673533544,2025,149,True,0.002025750139355295,0.001,3.4111430673533545,False
405,ar,1,696,270,0,0,1,4,2,8,7,9,9,6,10,8,6,13,19,20,24,27,34,26,37,2019,3.9050296782255544e-05,0.0012254901960784314,0.0025544703230653645,2023,148,True,0.0020121545008361316,0.001,2.5544703230653645,False
406,mechanical alignment,2,412,298,2,2,0,4,3,5,3,10,11,11,10,19,11,18,18,24,22,26,22,35,42,2018,0.000164526854171708,0.001250868658790827,0.0028091766437027626,2025,147,True,0.001998558862316969,0.001,2.8091766437027625,False
407,study quality,2,291,277,1,1,2,2,1,1,4,6,6,11,11,7,17,11,24,25,25,30,21,26,45,2019,0.0001603640206503651,0.0015479876160990713,0.0030098321182529596,2025,147,True,0.001998558862316969,0.001,3.0098321182529597,False
408,uiv,1,733,262,0,0,0,0,1,0,0,6,7,7,8,9,16,23,17,21,25,27,26,33,36,2017,0.0,0.001112888641580302,0.0024078656946023677,2025,147,True,0.001998558862316969,0.001,2.4078656946023678,False
409,hospital readmission,2,503,368,0,1,0,1,2,6,2,3,10,14,24,25,22,36,42,34,21,41,25,27,32,2014,3.984381225595665e-05,0.0010426752066731214,0.002835996403126513,2022,146,True,0.0019849632237978056,0.001,2.835996403126513,False
410,single center retrospective study,4,225,223,0,0,0,0,1,3,1,3,2,2,3,6,11,8,10,27,28,24,24,34,36,2020,0.0,0.0016060912497769318,0.0024078656946023677,2025,146,True,0.0019849632237978056,0.001,2.4078656946023678,False
411,patient specific instrumentation,3,539,344,0,0,0,0,0,0,2,9,17,26,26,31,25,20,20,24,28,29,21,24,42,2013,0.0,0.0012737898995953843,0.0028091766437027626,2025,144,True,0.0019577719467594795,0.001,2.8091766437027625,False
412,hoo,1,554,305,0,0,1,1,2,1,1,10,7,15,13,23,15,21,27,24,34,29,27,22,32,2016,3.9050296782255544e-05,0.0016545572260988418,0.002140325061868771,2025,144,True,0.0019577719467594795,0.001,2.1403250618687713,False
413,ovid medline,2,291,279,0,1,1,2,4,4,4,2,11,10,16,6,13,15,19,27,28,27,31,34,24,2018,7.88941090382122e-05,0.0010423905489923557,0.002329075882794891,2023,144,True,0.0019577719467594795,0.001,2.329075882794891,False
414,implant retention,2,343,255,1,1,1,0,2,3,5,2,3,2,10,8,12,14,25,22,17,19,29,36,43,2019,0.00012131372386810955,0.001612487100103199,0.0028760618018861613,2025,144,True,0.0019577719467594795,0.001,2.876061801886161,False
415,transfemoral amputation,2,547,327,1,3,2,3,5,1,6,7,16,16,20,19,23,24,19,19,28,29,20,32,34,2015,0.00024005164516227836,0.0014798372179060304,0.0022740953782355694,2025,143,True,0.0019441763082403165,0.0012002582258113918,1.894671770900173,False
416,eligible patient,2,289,274,4,0,2,2,6,6,3,7,9,10,5,7,19,16,19,16,26,24,21,34,38,2021,0.0002477790528841005,0.0016231739293295043,0.002541636010969166,2025,143,True,0.0019441763082403165,0.0012388952644205023,2.051534204675506,False
417,surgical data,2,266,255,0,2,2,1,0,3,0,4,1,12,15,8,10,15,16,23,25,36,19,31,32,2018,0.0001577882180764244,0.0010423905489923557,0.0024901431832330357,2022,143,True,0.0019441763082403165,0.001,2.4901431832330356,False
418,bias tool,2,236,236,0,0,0,0,0,1,0,2,2,7,5,9,8,12,18,29,32,30,24,22,35,2019,0.0,0.0011609907120743034,0.0023409805364189686,2025,143,True,0.0019441763082403165,0.001,2.3409805364189684,False
419,lower odd,2,277,221,0,0,1,0,2,0,1,0,4,6,2,5,9,12,16,20,21,30,22,27,43,2019,3.9050296782255544e-05,0.0010319917440660474,0.0028760618018861613,2025,143,True,0.0019441763082403165,0.001,2.876061801886161,False
420,longer length,2,340,315,1,2,3,0,7,6,6,4,8,15,15,8,21,19,30,28,19,30,27,34,32,2017,0.0002392581296885773,0.0014606663420741461,0.00229466153742323,2024,142,True,0.0019305806697211534,0.0011962906484428864,1.9181471830528836,False
421,ovid,1,398,360,0,0,0,1,4,5,12,15,16,14,22,15,31,21,28,35,33,32,21,27,28,2011,0.0,0.00100460443700293,0.0022134606073182543,2022,141,True,0.0019169850312019904,0.001,2.2134606073182543,False
422,adductor canal block,3,490,288,0,0,0,0,0,0,0,0,3,15,8,23,17,17,35,29,36,31,18,24,32,2016,0.0,0.0016545572260988418,0.0022574819401444787,2019,141,True,0.0019169850312019904,0.001,2.2574819401444786,True
423,afs,1,677,283,0,0,0,1,3,4,7,6,11,9,19,12,16,15,14,25,29,17,18,42,35,2020,0.0,0.0014871215275712331,0.0028345818991698723,2024,141,True,0.0019169850312019904,0.001,2.8345818991698724,False
424,purpose hypothesis,2,269,269,0,0,0,0,0,2,0,2,8,10,20,15,4,4,41,22,31,30,21,25,34,2019,0.0,0.0026444788441692467,0.0026444788441692467,2019,141,True,0.0019169850312019904,0.001,2.644478844169247,False
425,postoperative clinical outcome,3,293,269,2,1,0,0,0,2,2,2,6,13,7,12,18,20,18,25,26,27,23,29,36,2017,0.00012468304191575133,0.0012519997217778397,0.0024078656946023677,2025,141,True,0.0019169850312019904,0.001,2.4078656946023678,False
426,quickdash,1,447,313,0,0,0,1,1,2,6,5,6,16,15,18,24,19,27,33,35,24,26,29,26,2014,0.0,0.0011916288076264244,0.0021850418279435635,2021,140,True,0.0019033893926828273,0.001,2.1850418279435635,False
427,oblique lumbar interbody fusion,4,303,199,0,0,0,0,0,0,0,0,0,0,2,5,5,3,21,23,24,27,27,33,29,2019,0.0,0.0013544891640866873,0.0022271714922048997,2024,140,True,0.0019033893926828273,0.001,2.2271714922048997,True
428,latarjet procedure,2,763,326,1,0,5,3,0,9,5,10,8,14,14,26,16,20,18,38,30,21,22,42,24,2020,0.00023767109874117505,0.0022604247219082745,0.0028345818991698723,2024,139,True,0.0018897937541636643,0.0011883554937058753,2.3852979299403545,False
429,owhto,1,997,282,0,0,1,5,3,1,0,0,2,5,7,11,15,20,38,35,37,33,31,24,14,2017,3.9050296782255544e-05,0.001043333101481533,0.0024509803921568627,2019,139,True,0.0018897937541636643,0.001,2.4509803921568625,False
430,modifiable risk factor,3,328,279,0,0,1,4,3,1,3,2,2,4,12,14,12,24,29,29,28,25,28,21,37,2018,3.9050296782255544e-05,0.0016678248783877692,0.002474750852785767,2025,139,True,0.0018897937541636643,0.001,2.4747508527857667,False
431,single assessment numeric evaluation,4,272,251,2,2,1,1,2,3,2,2,5,7,7,9,12,16,21,20,25,28,22,35,29,2018,0.00020357715095396353,0.0011118832522585128,0.0023621515826415603,2024,139,True,0.0018897937541636643,0.0010178857547698177,2.320645093589832,False
432,surgery duration,2,295,240,0,1,4,2,0,1,4,0,3,6,8,11,3,20,20,18,18,13,22,29,57,2018,0.0001960449993849788,0.001389854065323141,0.003812454016453749,2025,139,True,0.0018897937541636643,0.001,3.812454016453749,False
433,promis,1,308,217,0,0,0,0,0,0,0,0,1,1,2,1,3,12,24,34,19,24,30,32,34,2019,0.0,0.0015479876160990713,0.0022740953782355694,2025,139,True,0.0018897937541636643,0.001,2.2740953782355695,False
434,therefore this study,3,175,175,1,0,0,0,1,0,0,1,1,2,1,2,3,4,7,13,10,15,32,33,49,2022,4.241961482989734e-05,0.0010375596596804316,0.003277372750986556,2025,139,True,0.0018897937541636643,0.001,3.2773727509865562,False
435,calibration curve,2,204,149,0,0,0,0,0,0,0,0,0,0,0,1,0,1,2,6,11,16,24,40,48,2022,0.0,0.0011067303036591271,0.003210487592803157,2025,139,True,0.0018897937541636643,0.001,3.210487592803157,False
436,primary outcome variable,3,343,337,1,2,5,3,4,4,9,8,10,10,20,21,18,29,21,34,21,30,27,33,27,2022,0.00031735872325308834,0.002075119319360863,0.0022271714922048997,2024,138,True,0.0018761981156445013,0.0015867936162654416,1.403567212128445,False
437,percutaneous endoscopic lumbar discectomy,4,535,323,0,4,0,2,3,7,6,3,11,5,10,19,21,36,24,34,23,30,24,32,29,2016,0.0001593752490238266,0.0013668081432990432,0.002501737317581654,2018,138,True,0.0018761981156445013,0.001,2.501737317581654,True
438,postoperative complication rate,3,331,297,1,1,4,6,4,8,5,10,4,17,17,17,15,11,19,20,21,28,21,30,38,2014,0.00023846461421487617,0.001266105608103076,0.002541636010969166,2025,138,True,0.0018761981156445013,0.0011923230710743809,2.131667223950421,False
439,virtual surgical planning,3,392,272,0,0,0,0,0,3,1,3,9,10,8,17,19,18,24,22,21,29,22,30,36,2016,0.0,0.0012229336018991439,0.0024078656946023677,2025,138,True,0.0018761981156445013,0.001,2.4078656946023678,False
440,retrospective cohort analysis,3,243,235,0,1,3,2,2,2,6,3,13,6,8,10,5,10,16,10,18,20,20,40,40,2021,0.0001569947026027233,0.0011237357972281184,0.0026996018087332117,2024,138,True,0.0018761981156445013,0.001,2.699601808733212,False
441,elixhauser comorbidity index,3,184,171,0,0,0,0,0,0,0,0,0,0,3,4,1,6,9,10,10,19,23,45,41,2022,0.0,0.0013142422355952134,0.003037052034824863,2024,138,True,0.0018761981156445013,0.001,3.037052034824863,False
442,machine learning model,3,228,151,0,0,0,0,0,0,0,0,0,0,0,0,0,1,4,8,13,24,23,44,34,2022,0.0,0.0016600954554886907,0.002969561989606533,2024,138,True,0.0018761981156445013,0.001,2.969561989606533,False
443,research question,2,295,287,0,1,1,0,0,4,4,1,6,4,10,8,9,41,31,30,34,26,24,27,26,2018,7.88941090382122e-05,0.002849200833912439,0.002849200833912439,2018,137,True,0.0018626024771253382,0.001,2.8492008339124393,False
444,pearldiver database,2,201,197,0,0,0,0,0,0,0,0,0,1,8,8,12,7,12,12,13,34,30,29,31,2022,0.0,0.002351801895275645,0.002351801895275645,2022,137,True,0.0018626024771253382,0.001,2.3518018952756448,False
445,mean sd,2,496,424,1,3,3,5,4,10,17,23,23,24,22,26,22,28,34,43,36,26,22,26,26,2011,0.00027910194194453395,0.0014231896190874842,0.002557849027422521,2020,136,True,0.0018490068386061752,0.0013955097097226698,1.832913816078602,False
446,potential confounder,2,312,298,1,1,1,4,9,4,9,3,8,14,16,14,11,16,29,22,22,24,20,26,44,2014,0.00012131372386810955,0.0010426752066731214,0.0029429469600695604,2025,136,True,0.0018490068386061752,0.001,2.9429469600695604,False
447,liv,1,790,261,1,2,1,4,5,6,8,6,7,8,4,15,12,11,12,23,30,17,21,33,35,2020,0.0001611575361240662,0.0013681518053655344,0.0023409805364189686,2025,136,True,0.0018490068386061752,0.001,2.3409805364189684,False
448,femoroacetabular impingement fai,3,451,451,0,2,3,10,7,10,11,20,31,26,26,37,32,34,38,29,39,24,20,24,28,2012,0.00019683851485867996,0.0016568635572860575,0.0026616790158981367,2016,135,True,0.0018354112000870122,0.001,2.6616790158981365,False
449,malnutrition,1,537,262,2,0,0,4,4,3,3,0,6,8,13,11,12,15,27,19,29,21,27,24,34,2018,8.483922965979469e-05,0.0010423905489923557,0.0022740953782355694,2025,135,True,0.0018354112000870122,0.001,2.2740953782355695,False
450,modified macnab criterion,3,354,260,2,0,1,2,2,2,7,4,3,6,11,9,14,20,21,21,24,17,22,32,40,2018,0.00012388952644205024,0.001389854065323141,0.0026754063273359643,2025,135,True,0.0018354112000870122,0.001,2.6754063273359643,False
451,metric,1,270,242,0,0,1,0,2,2,0,4,4,6,18,8,7,16,16,23,28,17,18,36,36,2018,3.9050296782255544e-05,0.0011118832522585128,0.0024296416278598906,2024,135,True,0.0018354112000870122,0.001,2.4296416278598905,False
452,arcr,1,704,208,1,0,1,2,0,3,2,2,1,3,2,6,10,11,9,20,18,18,30,37,32,2020,8.146991161215289e-05,0.0011896972220569865,0.002497131673078221,2024,135,True,0.0018354112000870122,0.001,2.4971316730782207,False
453,90 day complication,3,251,198,0,0,0,0,0,0,3,0,0,2,0,3,8,12,11,24,23,22,20,36,34,2020,0.0,0.0014276366664683839,0.0024296416278598906,2024,135,True,0.0018354112000870122,0.001,2.4296416278598905,False
454,10 1,2,332,321,1,3,2,2,5,9,9,15,14,12,18,10,11,18,26,32,21,28,22,24,39,2018,0.00024005164516227836,0.001250868658790827,0.002608521169152565,2025,134,True,0.001821815561567849,0.0012002582258113918,2.17329997250314,False
455,these risk factor,3,318,302,1,3,2,5,5,4,6,8,11,12,15,20,18,16,18,24,29,24,24,31,26,2020,0.00024005164516227836,0.0014276366664683839,0.002092191401768239,2024,134,True,0.001821815561567849,0.0012002582258113918,1.743117736480321,False
456,1 year mortality,3,464,277,1,1,2,3,1,2,6,8,13,10,8,14,22,23,15,14,18,23,16,30,47,2016,0.0001603640206503651,0.0010071217897992951,0.003143602434619758,2025,134,True,0.001821815561567849,0.001,3.143602434619758,False
457,10 0,2,326,311,1,3,4,4,2,2,6,10,15,15,17,16,22,19,21,21,19,23,28,29,34,2022,0.0003181522387267895,0.0015909248115099951,0.0022740953782355694,2025,133,True,0.001808219923048686,0.0015907611936339476,1.4295642786209837,False
458,pubmed medline,2,291,288,0,0,0,0,0,9,4,8,13,9,8,17,21,20,20,26,20,28,24,34,27,2016,0.0,0.0012229336018991439,0.00229466153742323,2024,133,True,0.001808219923048686,0.001,2.29466153742323,False
459,pooled analysis,2,302,270,0,0,1,1,3,6,5,10,8,11,12,15,12,18,16,19,38,22,21,24,28,2018,3.9050296782255544e-05,0.001250868658790827,0.002372331127481583,2021,133,True,0.001808219923048686,0.001,2.372331127481583,False
460,predictor variable,2,314,265,2,2,2,0,0,1,12,6,8,13,8,10,16,16,19,17,18,15,30,33,37,2023,0.0002426274477362191,0.002253944402704733,0.002474750852785767,2025,133,True,0.001808219923048686,0.0012131372386810955,2.0399595147835696,False
461,roc analysis,2,226,209,0,0,0,3,1,0,5,2,2,4,7,9,11,10,7,15,12,15,24,26,56,2022,0.0,0.0010375596596804316,0.0037455688582703497,2025,133,True,0.001808219923048686,0.001,3.7455688582703495,False
462,fns,1,520,142,0,0,0,0,0,0,0,1,0,1,1,0,1,2,0,3,19,20,25,37,32,2021,0.0,0.0011861655637407916,0.002497131673078221,2024,133,True,0.001808219923048686,0.001,2.4971316730782207,False
463,wmd,1,958,348,2,0,0,6,4,1,2,9,13,13,24,23,25,27,33,34,31,15,26,27,33,2015,8.483922965979469e-05,0.0017758046614872365,0.0022072102200521703,2025,132,True,0.0017946242845295229,0.001,2.20721022005217,False
464,mean sd age,3,317,302,0,1,1,1,1,1,6,3,9,7,11,20,15,31,33,30,36,13,23,16,44,2016,7.88941090382122e-05,0.0014387454139989928,0.0029429469600695604,2025,132,True,0.0017946242845295229,0.001,2.9429469600695604,False
465,hounsfield unit,2,271,231,1,1,2,2,5,4,6,4,5,6,8,2,18,10,8,17,14,24,30,26,38,2022,0.0001603640206503651,0.0016600954554886907,0.002541636010969166,2025,132,True,0.0017946242845295229,0.001,2.541636010969166,False
466,3 month follow up,4,414,375,4,2,3,15,10,11,7,11,13,9,12,27,34,31,28,27,20,24,26,21,40,2016,0.00036651697417826936,0.0019423063088986404,0.0026754063273359643,2025,131,True,0.0017810286460103598,0.0018325848708913468,1.4599085531218423,False
467,8 0,2,364,344,1,2,1,8,3,7,13,12,15,18,16,12,23,21,28,33,21,26,21,30,33,2013,0.0001611575361240662,0.0011239322643488685,0.0022072102200521703,2025,131,True,0.0017810286460103598,0.001,2.20721022005217,False
468,other outcome,2,281,275,1,3,2,4,4,5,10,5,9,8,7,9,20,13,21,23,26,27,22,30,26,2019,0.00024005164516227836,0.0013544891640866873,0.002024701356549909,2024,131,True,0.0017810286460103598,0.0012002582258113918,1.6868881320777298,False
469,clinical impact,2,282,262,0,2,5,2,1,3,7,8,7,13,8,17,10,12,18,18,24,30,24,21,32,2021,0.00027493910842319103,0.0014983143963041578,0.002140325061868771,2025,131,True,0.0017810286460103598,0.0013746955421159552,1.5569447898073094,False
470,primary tja,2,331,238,0,0,0,0,0,1,0,3,8,8,6,8,11,18,21,23,30,28,15,31,27,2018,0.0,0.001250868658790827,0.002092191401768239,2024,131,True,0.0017810286460103598,0.001,2.0921914017682393,False
471,retear rate,2,501,288,0,0,2,1,0,3,9,7,8,18,16,13,18,16,21,26,23,20,34,24,29,2017,7.810059356451109e-05,0.0012519997217778397,0.0025544703230653645,2023,130,True,0.0017674330074911968,0.001,2.5544703230653645,False
472,radiological and clinical outcome,4,305,272,1,2,2,1,6,2,6,8,3,7,14,12,14,18,19,27,33,19,18,35,25,2018,0.00020020783290632173,0.001250868658790827,0.0023621515826415603,2024,130,True,0.0017674330074911968,0.0010010391645316086,2.3596994666505613,False
473,upper instrumented vertebra,3,318,255,0,1,3,0,3,2,0,9,11,8,8,8,18,21,10,23,23,27,24,23,33,2020,0.0001569947026027233,0.0013681518053655344,0.0022072102200521703,2025,130,True,0.0017674330074911968,0.001,2.20721022005217,False
474,postoperative hospital stay,3,290,225,1,4,2,1,3,2,2,5,6,3,10,8,6,10,7,25,21,19,31,29,30,2023,0.000279895457418235,0.002329075882794891,0.002329075882794891,2023,130,True,0.0017674330074911968,0.0013994772870911752,1.6642470044196958,False
475,visual analog scale pain score,5,371,322,2,1,4,6,4,3,4,7,13,12,10,14,24,28,32,29,25,20,24,26,34,2017,0.0002808842290447735,0.0016693329623704528,0.0022740953782355694,2025,129,True,0.0017538373689720338,0.0014044211452238675,1.619240343944746,False
476,peld,1,1065,301,1,3,1,1,5,3,6,5,7,2,10,20,25,32,23,28,27,27,19,29,27,2016,0.00020100134838002285,0.0014387454139989928,0.0022237665045170257,2018,129,True,0.0017538373689720338,0.0010050067419001142,2.21268814606424,False
477,cox regression,2,290,277,2,2,3,4,7,4,8,7,12,13,9,9,14,14,19,21,23,15,24,24,43,2023,0.00028167774451847463,0.0018031555221637867,0.0028760618018861613,2025,129,True,0.0017538373689720338,0.001408388722592373,2.0420937456757624,False
478,cda,1,966,263,1,0,1,0,1,1,2,3,3,11,8,18,19,17,20,29,16,26,32,32,23,2016,8.146991161215289e-05,0.0012948708725990935,0.002404207362885049,2023,129,True,0.0017538373689720338,0.001,2.404207362885049,False
479,cl,1,514,234,1,1,1,2,2,1,7,4,1,5,10,11,10,15,13,21,29,26,15,32,27,2020,0.00012131372386810955,0.0012491820831598357,0.0021596814469865694,2024,129,True,0.0017538373689720338,0.001,2.1596814469865695,False
480,fjs 12,2,435,185,0,0,0,0,0,0,0,0,3,0,5,5,9,7,11,16,26,23,23,19,38,2021,0.0,0.0016231739293295043,0.002541636010969166,2025,129,True,0.0017538373689720338,0.001,2.541636010969166,False
481,clinicaltrial gov,2,288,284,0,0,1,1,3,0,6,8,6,6,15,12,16,22,35,25,30,16,24,22,36,2017,3.9050296782255544e-05,0.001112888641580302,0.0024078656946023677,2025,128,True,0.0017402417304528707,0.001,2.4078656946023678,False
482,tk,1,512,265,0,1,0,1,2,2,5,3,7,7,11,11,19,16,20,32,28,29,23,19,29,2017,3.984381225595665e-05,0.0013215552618766084,0.0020059486753821677,2022,128,True,0.0017402417304528707,0.001,2.0059486753821676,False
483,this cross sectional study,4,248,245,2,0,1,2,4,3,3,4,4,9,12,12,6,17,23,15,21,25,22,29,31,2021,0.00012388952644205024,0.001311025096766138,0.002073439903685372,2025,128,True,0.0017402417304528707,0.001,2.073439903685372,False
484,hu,1,376,205,0,0,2,0,5,3,3,3,8,6,3,4,16,12,6,6,14,17,23,22,52,2022,7.810059356451109e-05,0.0011759009476378225,0.0034780282255367535,2025,128,True,0.0017402417304528707,0.001,3.4780282255367534,False
485,lateral extra articular tenodesis,4,246,178,0,0,0,0,0,0,2,1,0,0,3,2,9,4,11,18,24,21,21,24,38,2020,0.0,0.0010707274998512878,0.002541636010969166,2025,128,True,0.0017402417304528707,0.001,2.541636010969166,False
486,bone joint j,3,635,635,0,0,0,0,0,0,0,0,3,0,7,70,166,79,51,132,62,48,17,0,0,2016,0.0,0.005035608948996475,0.011546219656395632,2017,127,True,0.0017266460919337077,0.001,11.546219656395632,False
487,bivariate analysis,2,312,293,0,3,4,3,2,3,1,5,7,8,14,18,21,20,24,33,27,30,19,23,28,2017,0.00027573262389689215,0.0014606663420741461,0.002075119319360863,2022,127,True,0.0017266460919337077,0.0013786631194844608,1.5051677890221915,False
488,multimodal analgesia,2,378,271,0,1,5,2,4,8,4,3,11,11,10,11,13,19,24,18,21,22,22,26,36,2021,0.00023509529616723437,0.001311025096766138,0.0024078656946023677,2025,127,True,0.0017266460919337077,0.0011754764808361718,2.0484167347096043,False
489,adjusted hazard ratio,3,284,251,1,1,1,2,0,1,2,9,3,6,7,13,14,22,22,20,19,29,9,30,40,2018,0.00012131372386810955,0.0015288394718554553,0.0026754063273359643,2025,127,True,0.0017266460919337077,0.001,2.6754063273359643,False
490,t nnis grade,3,412,247,0,0,1,1,3,5,4,3,6,7,4,11,21,16,19,19,32,27,19,25,24,2017,3.9050296782255544e-05,0.0014606663420741461,0.001997752528405544,2021,127,True,0.0017266460919337077,0.001,1.997752528405544,False
491,revision risk,2,303,233,0,2,1,1,0,1,3,4,6,3,9,5,16,11,25,19,18,23,26,20,40,2019,0.00011873792129416884,0.001612487100103199,0.0026754063273359643,2025,127,True,0.0017266460919337077,0.001,2.6754063273359643,False
492,embase database,2,223,222,0,0,1,0,2,4,1,1,9,6,9,9,8,13,11,21,25,30,21,23,28,2020,3.9050296782255544e-05,0.0012491820831598357,0.002075119319360863,2022,127,True,0.0017266460919337077,0.001,2.075119319360863,False
493,chinese clinical trial registry,4,160,158,0,0,0,0,0,0,0,0,0,0,1,1,1,6,11,11,24,18,17,28,40,2021,0.0,0.0014983143963041578,0.0026754063273359643,2025,127,True,0.0017266460919337077,0.001,2.6754063273359643,False
494,volar locking plate,3,554,363,2,1,3,7,7,6,20,10,19,14,14,23,24,29,24,34,25,25,22,30,24,2016,0.00024183393226251797,0.0016545572260988418,0.002024701356549909,2024,126,True,0.0017130504534145447,0.00120916966131259,1.6744559686951084,False
495,elevated risk,2,257,240,2,1,1,2,5,2,5,6,9,8,4,12,14,11,13,19,16,13,14,34,49,2023,0.0001637333386980069,0.0010518407212622089,0.003277372750986556,2025,126,True,0.0017130504534145447,0.001,3.2773727509865562,False
496,mua,1,976,239,1,2,2,1,2,2,10,5,10,6,9,9,9,7,16,22,15,36,20,20,35,2022,0.00020020783290632173,0.0024901431832330357,0.0024901431832330357,2022,126,True,0.0017130504534145447,0.0010010391645316086,2.487558200980265,False
497,t1 slope,2,399,231,0,0,0,0,0,0,0,0,1,4,3,11,13,19,24,30,27,30,11,24,34,2018,0.0,0.001320361362056984,0.0022740953782355694,2025,126,True,0.0017130504534145447,0.001,2.2740953782355695,False
498,adverse reaction,2,518,384,1,2,0,3,3,5,15,20,22,29,21,25,32,35,21,25,25,23,16,27,34,2011,0.00012210723934181065,0.0012557555462536626,0.002432244614315497,2018,125,True,0.0016994548148953816,0.001,2.432244614315497,False
499,prwe,1,359,246,3,1,1,0,2,1,6,3,4,11,6,11,14,17,21,20,23,18,28,27,29,2018,0.00020615295352790423,0.00118137595552467,0.0021036814425244178,2023,125,True,0.0016994548148953816,0.0010307647676395212,2.0408938184236782,False
500,minimum 10 year follow up,5,329,221,0,3,2,4,3,2,4,2,10,7,6,7,7,13,6,20,14,25,21,33,32,2022,0.00019763203033238102,0.001729266099467386,0.0022271714922048997,2024,125,True,0.0016994548148953816,0.001,2.2271714922048997,False
501,pi ll,2,368,207,0,0,0,0,0,0,0,0,0,5,2,9,11,18,14,23,14,30,23,32,26,2022,0.0,0.002075119319360863,0.0021596814469865694,2024,125,True,0.0016994548148953816,0.001,2.1596814469865695,False
502,same day discharge,3,301,180,0,1,1,0,2,0,0,0,2,1,0,5,10,5,8,20,26,25,17,27,30,2020,7.88941090382122e-05,0.0011896972220569865,0.0020065547455019733,2025,125,True,0.0016994548148953816,0.001,2.0065547455019734,False
503,psm,1,269,155,0,1,0,0,0,2,0,0,1,0,1,0,3,6,4,12,11,11,17,27,59,2023,3.984381225595665e-05,0.0012772351615326822,0.003946224332820547,2025,125,True,0.0016994548148953816,0.001,3.946224332820547,False
504,distal femur fracture,3,495,264,0,2,2,6,2,5,11,7,7,13,15,14,9,18,19,10,24,15,26,25,34,2021,0.0001577882180764244,0.0014983143963041578,0.0022740953782355694,2025,124,True,0.0016858591763762186,0.001,2.2740953782355695,False
505,greater proportion,2,278,242,3,0,0,1,5,5,4,7,5,4,16,10,9,16,15,18,24,31,23,16,30,2020,0.00012725884448969204,0.0010707274998512878,0.0021442899633395585,2022,124,True,0.0016858591763762186,0.001,2.1442899633395585,False
506,protective factor,2,223,197,0,1,2,0,0,2,0,4,2,5,7,7,4,8,10,21,23,12,22,27,40,2023,0.00011794440582046775,0.001652892561983471,0.0026754063273359643,2025,124,True,0.0016858591763762186,0.001,2.6754063273359643,False
507,femoral neck system,3,214,124,0,0,0,0,0,0,0,0,0,0,0,0,1,0,0,0,13,16,27,38,29,2022,0.0,0.0011067303036591271,0.002564621718296551,2024,123,True,0.0016722635378570556,0.001,2.564621718296551,True
508,lp,1,652,231,2,1,1,1,7,8,10,7,6,5,11,8,10,6,12,14,22,24,16,29,31,2021,0.0001637333386980069,0.0013734548632788114,0.002073439903685372,2025,122,True,0.0016586678993378923,0.001,2.073439903685372,False
509,chronic periprosthetic joint infection,4,328,185,0,0,0,0,0,0,2,2,0,5,3,5,6,13,11,16,28,27,22,18,27,2021,0.0,0.0017480334623548508,0.001867607387424777,2022,122,True,0.0016586678993378923,0.001,1.867607387424777,False
510,13 9,2,296,289,0,2,3,4,2,6,7,10,6,16,14,17,17,19,22,23,20,31,18,21,31,2014,0.00019683851485867996,0.0011916288076264244,0.0021442899633395585,2022,121,True,0.0016450722608187293,0.001,2.1442899633395585,False
511,multivariable logistic regression model,4,234,218,2,0,1,0,1,1,0,5,8,10,6,7,7,15,15,19,19,17,21,35,29,2020,0.00012388952644205024,0.0011302123609541373,0.0023621515826415603,2024,121,True,0.0016450722608187293,0.001,2.36215158264156,False
512,dfus,1,454,206,0,0,2,1,1,0,1,4,5,3,9,9,14,10,12,14,19,25,18,29,30,2021,7.810059356451109e-05,0.0011861655637407916,0.0020065547455019733,2025,121,True,0.0016450722608187293,0.001,2.0065547455019734,False
513,virtual reality,2,421,194,1,2,2,1,2,3,2,2,3,4,4,3,5,8,12,19,18,17,19,27,40,2020,0.00020020783290632173,0.0011302123609541373,0.0026754063273359643,2025,121,True,0.0016450722608187293,0.0010010391645316086,2.6726290260459495,False
514,emergency department visit,3,224,184,0,0,0,1,0,1,0,2,2,3,3,6,10,8,12,15,14,23,20,22,42,2022,0.0,0.0015909248115099951,0.0028091766437027626,2025,121,True,0.0016450722608187293,0.001,2.8091766437027625,False
515,sarcopenia,1,654,154,0,0,0,1,0,0,0,0,2,0,3,4,3,5,7,8,13,23,19,34,32,2022,0.0,0.0015909248115099951,0.00229466153742323,2024,121,True,0.0016450722608187293,0.001,2.29466153742323,False
516,chronic obstructive pulmonary disease,4,366,316,1,1,6,0,5,8,5,5,12,5,14,19,23,28,33,31,22,27,23,28,20,2017,0.00031656520777938727,0.001599777422271684,0.0021284829721362228,2019,120,True,0.0016314766222995662,0.0015828260388969363,1.3447358836853305,False
517,mean standard deviation,3,323,315,0,1,3,3,4,4,12,10,13,19,14,12,32,22,21,25,32,23,20,22,23,2017,0.0001569947026027233,0.002225777283160604,0.002225777283160604,2017,120,True,0.0016314766222995662,0.001,2.2257772831606037,False
518,graft type,2,418,313,1,2,4,2,9,5,7,9,13,15,19,16,16,21,27,27,24,19,18,19,40,2018,0.00027830842647083283,0.0014593467685892981,0.0026754063273359643,2025,120,True,0.0016314766222995662,0.001391542132354164,1.9226197073959967,False
519,eos,1,585,275,0,0,0,0,0,5,6,6,6,8,6,18,14,19,29,38,27,24,24,24,21,2018,0.0,0.001320361362056984,0.0022604247219082745,2020,120,True,0.0016314766222995662,0.001,2.2604247219082745,False
520,patient reported outcome score,4,300,273,0,0,0,1,0,1,1,4,7,12,12,17,18,29,28,23,27,24,21,28,20,2016,0.0,0.0012229336018991439,0.0020152883947185543,2018,120,True,0.0016314766222995662,0.001,2.0152883947185543,False
521,future work,2,249,245,1,1,2,1,1,3,4,7,6,7,11,17,8,12,20,24,20,18,30,24,28,2019,0.0001603640206503651,0.0012899896800825593,0.002253944402704733,2023,120,True,0.0016314766222995662,0.001,2.2539444027047333,False
522,tea,1,901,313,0,4,1,9,7,6,10,6,13,17,17,20,18,17,23,26,29,19,22,19,30,2014,0.00019842554580608217,0.001266105608103076,0.0020065547455019733,2025,119,True,0.0016178809837804032,0.001,2.0065547455019734,False
523,search term,2,293,284,1,0,3,2,3,9,4,6,7,18,15,18,16,23,22,18,30,21,18,24,26,2014,0.00015957050517666397,0.0013405824085797274,0.0018728929953801972,2021,119,True,0.0016178809837804032,0.001,1.8728929953801972,False
524,aa,1,753,257,3,1,1,2,3,3,7,4,7,10,12,12,20,7,21,25,26,18,30,24,21,2019,0.00020615295352790423,0.0013544891640866873,0.002253944402704733,2023,119,True,0.0016178809837804032,0.0010307647676395212,2.1866719483110835,False
525,receiver operating characteristic curve analysis,5,244,229,1,1,2,3,4,3,2,7,6,4,5,7,12,11,18,24,17,16,30,25,31,2019,0.0001603640206503651,0.0011609907120743034,0.002253944402704733,2023,119,True,0.0016178809837804032,0.001,2.2539444027047333,False
526,operation duration,2,310,224,1,1,2,3,3,3,8,4,6,5,5,9,14,11,12,18,31,24,21,25,18,2020,0.0001603640206503651,0.0010707274998512878,0.0019353227618928706,2021,119,True,0.0016178809837804032,0.001,1.9353227618928706,False
527,opioid prescription,2,359,218,0,0,0,0,0,0,0,0,0,1,0,1,12,18,31,36,29,18,20,22,30,2018,0.0,0.001250868658790827,0.0021414549997025756,2020,119,True,0.0016178809837804032,0.001,2.1414549997025754,False
528,white patient,2,369,215,4,1,2,1,2,5,8,1,7,7,8,7,7,9,14,13,14,26,31,28,20,2022,0.0002876228651400571,0.0017984367434460814,0.002329075882794891,2023,119,True,0.0016178809837804032,0.0014381143257002856,1.6195345816201046,False
529,dataset,1,226,209,2,0,0,1,4,4,7,6,9,6,6,7,11,5,7,15,18,19,17,23,42,2021,8.483922965979469e-05,0.0011237357972281184,0.0028091766437027626,2025,119,True,0.0016178809837804032,0.001,2.8091766437027625,False
530,lla,1,654,200,2,1,2,2,2,3,4,1,6,1,5,9,5,11,9,18,25,30,28,16,20,2020,0.00020278363548026246,0.0010707274998512878,0.0021036814425244178,2023,119,True,0.0016178809837804032,0.0010139181774013123,2.0748039530331583,False
531,asd patient,2,252,181,0,0,0,0,0,0,2,0,0,2,4,7,10,15,10,12,16,21,22,27,33,2022,0.0,0.0014525835235526042,0.0022072102200521703,2025,119,True,0.0016178809837804032,0.001,2.20721022005217,False
532,9 0,2,305,295,1,1,3,1,5,6,6,8,9,20,9,16,23,16,29,24,17,19,21,37,24,2016,0.00019941431743262063,0.0011509963311991942,0.002497131673078221,2024,118,True,0.0016042853452612402,0.001,2.4971316730782207,False
533,23 3,2,255,253,3,2,0,6,4,5,7,7,12,8,15,9,5,18,17,17,21,24,15,29,29,2021,0.00020694646900160533,0.001311025096766138,0.0019572113113315785,2024,118,True,0.0016042853452612402,0.0010347323450080267,1.8915145745409128,False
534,bone cement leakage,3,347,208,0,0,0,2,2,2,2,3,7,5,7,9,9,4,17,21,25,22,22,20,29,2019,0.0,0.0010964912280701754,0.001939669587318574,2025,118,True,0.0016042853452612402,0.001,1.9396695873185739,False
535,kinesiophobia,1,544,194,1,0,0,1,1,1,1,5,4,7,7,10,6,8,12,12,14,17,17,30,40,2022,4.241961482989734e-05,0.0011759009476378225,0.0026754063273359643,2025,118,True,0.0016042853452612402,0.001,2.6754063273359643,False
536,early onset scoliosis,3,586,357,1,1,2,1,4,8,13,12,14,20,15,24,18,28,34,45,29,26,23,21,18,2013,0.0001603640206503651,0.0010490034467256107,0.00267681874962822,2020,117,True,0.0015906897067420771,0.001,2.67681874962822,True
537,pfna,1,810,308,0,0,0,3,6,9,12,14,19,12,15,11,21,13,29,27,26,23,17,19,32,2011,0.0,0.00100460443700293,0.002140325061868771,2025,117,True,0.0015906897067420771,0.001,2.1403250618687713,False
538,12 6,2,303,297,0,3,3,3,3,5,15,12,13,12,18,16,19,18,24,16,26,23,17,24,27,2017,0.0002366823271146366,0.0013215552618766084,0.001805899270951776,2025,117,True,0.0015906897067420771,0.001183411635573183,1.5260110824219608,False
539,surgical characteristic,2,212,199,2,0,1,0,0,1,0,4,11,5,7,4,10,13,8,16,15,23,21,27,31,2022,0.00012388952644205024,0.0015909248115099951,0.002073439903685372,2025,117,True,0.0015906897067420771,0.001,2.073439903685372,False
540,rs,1,549,231,1,2,3,1,4,5,2,7,8,5,8,5,13,18,18,15,24,27,19,28,18,2021,0.0002392581296885773,0.0014983143963041578,0.0018897212661132482,2024,116,True,0.001577094068222914,0.0011962906484428864,1.5796506213376686,False
541,each model,2,237,219,0,2,4,3,1,5,4,3,0,2,15,8,14,9,11,22,23,17,21,29,26,2023,0.0002358888116409355,0.0015777610818933133,0.0019572113113315785,2024,116,True,0.001577094068222914,0.0011794440582046774,1.6594354753126659,False
542,ten study,2,218,214,0,0,0,1,2,3,1,7,7,3,9,15,10,10,13,17,17,19,28,29,23,2020,0.0,0.0010112426387484386,0.0021036814425244178,2023,116,True,0.001577094068222914,0.001,2.103681442524418,False
543,all model,2,234,211,0,1,1,1,6,2,3,4,9,4,7,6,13,7,11,20,19,19,21,30,27,2020,7.88941090382122e-05,0.0011896972220569865,0.002024701356549909,2024,116,True,0.001577094068222914,0.001,2.0247013565499086,False
544,model performance,2,152,140,0,0,0,0,0,0,0,1,0,1,0,2,2,6,7,5,10,17,24,27,38,2022,0.0,0.0011759009476378225,0.002541636010969166,2025,116,True,0.001577094068222914,0.001,2.541636010969166,False
545,associated factor,2,252,213,0,2,2,4,2,2,2,4,5,7,10,7,12,11,11,17,15,19,17,28,36,2022,0.0001577882180764244,0.0013142422355952134,0.0024078656946023677,2025,115,True,0.001563498429703751,0.001,2.4078656946023678,False
546,eras,1,368,177,0,0,0,0,0,3,0,3,1,1,0,3,5,7,25,14,25,17,24,20,29,2021,0.0,0.001560744162816831,0.001939669587318574,2025,115,True,0.001563498429703751,0.001,1.9396695873185739,False
547,open wedge high tibial osteotomy,5,488,307,2,0,3,6,9,9,9,7,7,14,13,16,17,22,32,27,31,27,22,21,13,2016,0.0002019901200065613,0.0011509963311991942,0.0020639834881320948,2019,114,True,0.001549902791184588,0.0010099506000328066,2.04364796462822,True
548,open reduction internal fixation group,5,534,245,2,0,2,3,3,4,5,7,7,7,12,17,10,12,18,22,28,22,18,21,25,2019,0.00016293982322430577,0.0011609907120743034,0.0017480334623548508,2021,114,True,0.001549902791184588,0.001,1.7480334623548508,False
549,mowhto,1,579,171,0,0,0,0,1,1,0,3,0,2,4,4,5,3,16,18,19,18,15,31,31,2019,0.0,0.0010319917440660474,0.002092191401768239,2024,114,True,0.001549902791184588,0.001,2.0921914017682393,False
550,ihot 12,2,285,153,0,0,0,0,0,0,0,0,0,0,0,1,5,5,13,15,28,19,18,23,26,2021,0.0,0.0017480334623548508,0.0017480334623548508,2021,114,True,0.001549902791184588,0.001,1.7480334623548508,False
551,cbct scan,2,294,253,0,0,0,1,1,3,4,8,17,12,19,12,11,14,19,19,20,15,19,25,34,2019,0.0,0.0012254901960784314,0.0022740953782355694,2025,113,True,0.001536307152665425,0.001,2.2740953782355695,False
552,institutional database,2,253,248,0,1,1,2,1,1,3,5,2,8,18,10,13,19,26,25,16,24,22,19,32,2018,7.88941090382122e-05,0.001320361362056984,0.002140325061868771,2025,113,True,0.001536307152665425,0.001,2.1403250618687713,False
553,control cohort,2,311,243,0,1,2,1,0,3,1,5,3,14,12,16,14,14,19,25,12,31,24,23,23,2022,0.00011794440582046775,0.0021442899633395585,0.0021442899633395585,2022,113,True,0.001536307152665425,0.001,2.1442899633395585,False
554,infection risk,2,281,231,0,3,1,2,1,5,3,6,10,7,10,13,15,14,19,9,16,17,19,21,40,2022,0.0001585817335501255,0.0011759009476378225,0.0026754063273359643,2025,113,True,0.001536307152665425,0.001,2.6754063273359643,False
555,50 0,2,274,256,1,2,1,5,2,2,8,7,6,6,11,9,16,21,20,27,15,18,23,25,31,2017,0.0001611575361240662,0.001112888641580302,0.002073439903685372,2025,112,True,0.001522711514146262,0.001,2.073439903685372,False
556,each outcome,2,234,220,0,3,1,0,3,2,1,8,5,8,6,7,12,13,17,22,20,22,20,23,27,2019,0.0001585817335501255,0.0010964912280701754,0.001805899270951776,2025,112,True,0.001522711514146262,0.001,1.8058992709517758,False
557,surgical variable,2,242,216,0,1,2,2,1,0,4,4,7,7,7,13,18,17,13,8,13,31,20,24,24,2022,0.00011794440582046775,0.0021442899633395585,0.0021442899633395585,2022,112,True,0.001522711514146262,0.001,2.1442899633395585,False
558,patient specific factor,3,198,178,0,0,1,1,0,0,3,10,0,2,4,10,5,5,7,18,9,19,15,24,45,2022,3.9050296782255544e-05,0.0013142422355952134,0.0030098321182529596,2025,112,True,0.001522711514146262,0.001,3.0098321182529597,False
559,augmented reality,2,210,155,0,0,0,0,0,1,1,1,3,4,1,4,1,7,9,11,14,24,30,23,21,2022,0.0,0.0016600954554886907,0.002253944402704733,2023,112,True,0.001522711514146262,0.001,2.2539444027047333,False
560,morphine milligram equivalent,3,154,150,0,0,0,0,0,0,0,0,0,0,0,0,3,5,12,18,18,19,25,24,26,2020,0.0,0.0010707274998512878,0.0018782870022539444,2023,112,True,0.001522711514146262,0.001,1.8782870022539444,False
561,median follow up time,4,259,257,2,2,0,3,4,5,6,13,11,9,9,12,16,16,23,15,25,23,22,23,18,2017,0.000164526854171708,0.001112888641580302,0.001652892561983471,2023,111,True,0.001509115875627099,0.001,1.652892561983471,False
562,limb symmetry index,3,211,191,0,0,0,3,0,0,0,3,1,4,4,9,9,18,12,17,21,20,20,30,20,2020,0.0,0.0010112426387484386,0.002024701356549909,2024,111,True,0.001509115875627099,0.001,2.0247013565499086,False
563,external validation,2,208,156,0,0,0,0,1,0,0,2,0,1,4,5,2,10,8,12,22,18,19,26,26,2021,0.0,0.0013734548632788114,0.0017547411756765876,2024,111,True,0.001509115875627099,0.001,1.7547411756765876,False
564,study selection,2,285,283,1,4,1,3,2,4,5,15,16,18,9,12,17,16,27,23,27,18,20,19,26,2019,0.0002408451606359795,0.001741486068111455,0.001741486068111455,2019,110,True,0.0014955202371079357,0.0012042258031798975,1.4461457838827732,False
565,preoperative factor,2,318,263,1,0,4,3,9,10,2,6,6,9,17,17,13,13,18,25,23,23,25,17,22,2019,0.00019862080195891954,0.0011609907120743034,0.0018782870022539444,2023,110,True,0.0014955202371079357,0.001,1.8782870022539444,False
566,20 5,2,262,259,2,2,2,5,4,2,5,15,8,9,12,16,16,11,16,24,25,20,17,19,29,2020,0.0002426274477362191,0.0014276366664683839,0.001939669587318574,2025,110,True,0.0014955202371079357,0.0012131372386810955,1.5988871872627977,False
567,tt,1,538,247,0,0,1,4,3,4,7,8,11,13,17,13,7,13,19,17,21,22,23,25,19,2019,3.9050296782255544e-05,0.0012254901960784314,0.0017280240420736287,2023,110,True,0.0014955202371079357,0.001,1.7280240420736288,False
568,hrs,1,271,239,0,2,1,2,3,3,3,3,13,5,11,13,18,16,18,18,9,17,24,26,34,2017,0.00011873792129416884,0.0012519997217778397,0.0022740953782355694,2025,110,True,0.0014955202371079357,0.001,2.2740953782355695,False
569,acb,1,898,235,0,0,0,1,0,1,2,0,4,4,7,25,19,13,26,23,24,26,14,22,24,2019,0.0,0.001676986584107327,0.0017984367434460814,2022,110,True,0.0014955202371079357,0.001,1.7984367434460813,False
570,patient cohort,2,228,220,1,2,0,2,3,3,4,2,11,7,5,15,9,16,13,17,34,20,19,18,19,2020,0.00012210723934181065,0.0010112426387484386,0.00212261206143089,2021,110,True,0.0014955202371079357,0.001,2.1226120614308903,False
571,ppf,1,574,175,3,0,1,2,1,2,1,1,3,5,7,6,5,2,17,9,17,14,18,29,32,2023,0.0001663091412719476,0.00135236664162284,0.002140325061868771,2025,110,True,0.0014955202371079357,0.001,2.1403250618687713,False
572,single academic institution,3,168,164,1,0,0,0,0,2,0,0,1,5,2,5,6,7,14,11,15,20,16,26,33,2022,4.241961482989734e-05,0.0013834128795739088,0.0022072102200521703,2025,110,True,0.0014955202371079357,0.001,2.20721022005217,False
573,this narrative review,3,173,163,0,0,0,0,0,1,1,2,3,2,7,5,3,3,11,15,10,20,22,26,32,2022,0.0,0.0013834128795739088,0.002140325061868771,2025,110,True,0.0014955202371079357,0.001,2.1403250618687713,False
574,dair,1,552,163,0,0,0,0,1,0,0,0,4,1,2,5,7,7,8,18,12,14,23,29,32,2023,0.0,0.0017280240420736287,0.002140325061868771,2025,110,True,0.0014955202371079357,0.001,2.1403250618687713,False
575,95 cis,2,256,234,0,1,0,0,2,3,2,4,6,10,16,21,16,8,14,22,20,22,23,15,29,2015,3.984381225595665e-05,0.0011838697743248242,0.001939669587318574,2025,109,True,0.0014819245985887726,0.001,1.9396695873185739,False
576,question purpose,2,233,233,0,0,0,0,3,2,5,4,3,7,8,22,21,13,17,19,35,23,14,17,20,2019,0.0,0.0010964912280701754,0.0021850418279435635,2021,109,True,0.0014819245985887726,0.001,2.1850418279435635,False
577,nah,1,498,229,0,0,0,1,2,4,2,5,10,11,8,9,15,12,13,28,33,21,15,13,27,2020,0.0,0.001665576110879781,0.002060182294918217,2021,109,True,0.0014819245985887726,0.001,2.0601822949182167,False
578,3d printing technology,3,373,221,0,0,0,0,0,0,0,0,0,0,4,10,25,21,30,22,18,20,21,25,25,2017,0.0,0.0017388885024692217,0.001934984520123839,2019,109,True,0.0014819245985887726,0.001,1.934984520123839,False
579,10 study,2,211,203,0,1,0,1,0,8,4,3,8,5,3,9,7,9,19,17,27,20,14,25,23,2019,3.984381225595665e-05,0.0012254901960784314,0.0016872511304582573,2024,109,True,0.0014819245985887726,0.001,1.6872511304582574,False
580,review manager,2,184,184,0,0,0,0,1,1,0,3,2,3,0,7,9,11,23,15,17,18,25,27,22,2021,0.0,0.001061306030715445,0.0018782870022539444,2023,109,True,0.0014819245985887726,0.001,1.8782870022539444,False
581,koo jr,2,254,127,0,0,0,0,0,0,0,0,0,0,0,0,1,1,3,13,13,16,20,22,38,2022,0.0,0.0011067303036591271,0.002541636010969166,2025,109,True,0.0014819245985887726,0.001,2.541636010969166,False
582,higher revision rate,3,296,268,0,1,2,2,7,9,5,7,16,8,13,8,11,14,27,30,23,21,25,17,22,2019,0.00011794440582046775,0.001741486068111455,0.0018782870022539444,2023,108,True,0.0014683289600696096,0.001,1.8782870022539444,False
583,fao,1,383,235,0,0,0,0,4,2,0,5,8,7,18,6,11,22,20,24,25,21,18,16,28,2018,0.0,0.0015288394718554553,0.0018727844291351748,2025,108,True,0.0014683289600696096,0.001,1.8727844291351747,False
584,cephalomedullary nail,2,318,213,1,1,1,2,3,2,6,6,3,7,12,10,11,7,21,12,23,22,16,22,25,2021,0.00012131372386810955,0.0014358846297914845,0.0016721289545849776,2025,108,True,0.0014683289600696096,0.001,1.6721289545849776,False
585,lcea,1,413,173,0,0,0,0,0,0,1,0,2,2,4,5,11,8,17,15,20,25,22,26,15,2021,0.0,0.001248595330253465,0.0017547411756765876,2024,108,True,0.0014683289600696096,0.001,1.7547411756765876,False
586,large national database,3,154,147,0,0,0,0,0,1,2,2,2,0,2,1,8,4,11,6,6,16,40,20,26,2022,0.0,0.0011067303036591271,0.003005259203606311,2023,108,True,0.0014683289600696096,0.001,3.005259203606311,False
587,fracture related infection,3,185,121,0,0,0,0,0,0,0,0,0,0,0,0,2,2,4,5,13,21,21,17,36,2022,0.0,0.0014525835235526042,0.0024078656946023677,2025,108,True,0.0014683289600696096,0.001,2.4078656946023678,False
588,short stem,2,429,252,0,2,1,2,4,1,4,8,11,11,16,16,22,16,13,18,30,19,21,18,19,2015,0.00011873792129416884,0.0011838697743248242,0.0018728929953801972,2021,107,True,0.0014547333215504466,0.001,1.8728929953801972,False
589,descriptive analysis,2,238,229,2,2,1,5,4,4,4,4,5,6,10,9,19,16,15,16,16,22,20,21,28,2022,0.00020357715095396353,0.0015217541675312998,0.0018727844291351748,2025,107,True,0.0014547333215504466,0.0010178857547698177,1.8398768431125967,False
590,semi structured interview,3,222,211,1,0,1,4,2,6,2,3,10,11,7,4,10,8,18,17,21,16,15,28,27,2019,8.146991161215289e-05,0.0011609907120743034,0.0018897212661132482,2024,107,True,0.0014547333215504466,0.001,1.889721266113248,False
591,sl,1,488,208,1,3,0,1,3,3,2,4,5,6,7,9,8,13,15,21,23,23,21,18,22,2020,0.00016195105159776729,0.0012491820831598357,0.0015909248115099951,2022,107,True,0.0014547333215504466,0.001,1.590924811509995,False
592,11 study,2,205,198,2,1,1,1,0,2,3,3,6,3,11,8,7,14,20,9,22,20,15,18,32,2021,0.0001637333386980069,0.0013734548632788114,0.002140325061868771,2025,107,True,0.0014547333215504466,0.001,2.1403250618687713,False
593,let,1,388,139,0,0,0,0,0,0,0,0,0,0,4,2,2,4,5,15,17,21,18,22,29,2021,0.0,0.001061306030715445,0.001939669587318574,2025,107,True,0.0014547333215504466,0.001,1.9396695873185739,False
594,16 5,2,266,258,0,4,3,3,2,11,3,7,8,17,9,12,17,12,17,27,16,10,21,26,33,2023,0.0002765261393705932,0.0015777610818933133,0.0022072102200521703,2025,106,True,0.0014411376830312835,0.001382630696852966,1.596384504608531,False
595,inclusion and exclusion criterion,4,251,246,0,1,0,1,2,3,5,5,8,13,17,12,11,13,25,24,19,25,13,23,26,2019,3.984381225595665e-05,0.001612487100103199,0.0017390141127683768,2025,106,True,0.0014411376830312835,0.001,1.7390141127683767,False
596,procedure type,2,268,233,1,1,1,2,1,8,3,10,8,10,7,10,16,12,19,18,20,23,16,21,26,2019,0.00012131372386810955,0.0012254901960784314,0.0017390141127683768,2025,106,True,0.0014411376830312835,0.001,1.7390141127683767,False
597,this cohort study,3,230,215,0,0,1,0,2,1,4,10,4,13,7,9,16,8,23,11,25,18,16,17,30,2021,3.9050296782255544e-05,0.001560744162816831,0.0020065547455019733,2025,106,True,0.0014411376830312835,0.001,2.0065547455019734,False
598,retrospective single center study,4,180,179,1,0,0,0,0,3,4,3,1,5,6,3,13,15,6,13,15,21,16,32,22,2022,4.241961482989734e-05,0.0014525835235526042,0.0021596814469865694,2024,106,True,0.0014411376830312835,0.001,2.1596814469865695,False
599,surgical accuracy,2,234,174,1,1,1,1,4,0,2,3,2,4,5,5,8,9,10,12,18,10,16,19,43,2023,0.00012131372386810955,0.0012021036814425245,0.0028760618018861613,2025,106,True,0.0014411376830312835,0.001,2.876061801886161,False
600,final cohort,2,172,170,1,0,0,0,0,1,3,4,3,1,1,2,6,14,11,17,8,19,22,23,34,2022,4.241961482989734e-05,0.0013142422355952134,0.0022740953782355694,2025,106,True,0.0014411376830312835,0.001,2.2740953782355695,False
601,ldfa,1,255,133,1,1,0,0,0,1,2,0,0,2,1,3,3,2,4,7,11,14,20,25,36,2023,8.2263427085854e-05,0.0015026296018031556,0.0024078656946023677,2025,106,True,0.0014411376830312835,0.001,2.4078656946023678,False
602,12 4,2,278,274,1,0,2,5,5,5,4,13,14,13,10,18,13,15,30,21,18,17,22,18,30,2018,0.00012052020839440844,0.0010423905489923557,0.0020065547455019733,2025,105,True,0.0014275420445121205,0.001,2.0065547455019734,False
603,any cause,2,300,266,0,2,3,8,10,6,11,7,11,11,10,15,15,19,15,18,25,27,18,17,18,2016,0.00019683851485867996,0.0010790590604992446,0.001867607387424777,2022,105,True,0.0014275420445121205,0.001,1.867607387424777,False
604,paired sample t test,4,230,222,0,0,1,3,2,2,7,4,9,7,11,10,5,16,20,20,12,23,22,28,20,2018,3.9050296782255544e-05,0.0011118832522585128,0.0018897212661132482,2024,105,True,0.0014275420445121205,0.001,1.889721266113248,False
605,binary logistic regression analysis,4,197,176,0,1,0,3,1,0,1,0,3,3,8,10,7,8,14,12,17,18,20,28,22,2021,3.984381225595665e-05,0.001061306030715445,0.0018897212661132482,2024,105,True,0.0014275420445121205,0.001,1.889721266113248,False
606,29 4,2,259,251,1,2,2,2,3,2,4,4,13,15,11,15,14,17,27,15,15,20,21,22,26,2022,0.00020020783290632173,0.0013834128795739088,0.001741486068111455,2019,104,True,0.0014139464059929575,0.0010010391645316086,1.7396782561712312,False
607,healthcare cost,2,262,242,1,1,0,3,3,2,5,4,8,10,13,14,16,22,14,22,10,23,16,21,34,2016,8.2263427085854e-05,0.0010071217897992951,0.0022740953782355694,2025,104,True,0.0014139464059929575,0.001,2.2740953782355695,False
608,evt,1,591,184,0,0,0,0,0,3,3,2,7,4,13,12,9,5,7,15,16,19,19,24,26,2022,0.0,0.0013142422355952134,0.0017390141127683768,2025,104,True,0.0014139464059929575,0.001,1.7390141127683767,False
609,black patient,2,341,173,2,0,0,2,3,1,3,1,3,5,7,7,3,10,8,14,9,23,23,31,18,2022,8.483922965979469e-05,0.0015909248115099951,0.002092191401768239,2024,104,True,0.0014139464059929575,0.001,2.0921914017682393,False
610,greater odd,2,210,172,0,0,0,0,3,0,3,0,4,2,5,6,4,9,14,18,17,20,26,23,18,2020,0.0,0.0010707274998512878,0.0019534184823441023,2023,104,True,0.0014139464059929575,0.001,1.9534184823441023,False
611,patient acceptable symptomatic state,4,198,165,0,0,0,0,0,0,0,0,0,0,1,0,2,7,19,32,36,19,17,17,15,2019,0.0,0.0012254901960784314,0.002247471594456237,2021,104,True,0.0014139464059929575,0.001,2.2474715944562367,False
612,clti patient,2,178,123,0,0,0,0,0,0,0,0,0,0,0,0,4,3,4,8,28,19,17,20,20,2021,0.0,0.0017480334623548508,0.0017480334623548508,2021,104,True,0.0014139464059929575,0.001,1.7480334623548508,False
613,scapular notching,2,513,285,0,1,1,7,6,8,17,8,21,18,15,14,13,16,15,22,26,17,15,25,20,2013,7.88941090382122e-05,0.001573505170088416,0.0016872511304582573,2024,103,True,0.0014003507674737944,0.001,1.6872511304582574,False
614,midterm outcome,2,321,279,0,1,4,6,7,1,6,8,6,12,21,20,21,21,22,20,23,29,20,16,15,2015,0.0001960449993849788,0.0015538290788013318,0.0020059486753821677,2022,103,True,0.0014003507674737944,0.001,2.0059486753821676,False
615,14 2,2,272,268,1,2,1,6,1,10,8,12,11,12,15,17,8,17,25,19,25,15,18,26,19,2018,0.0001611575361240662,0.00118137595552467,0.0017547411756765876,2024,103,True,0.0014003507674737944,0.001,1.7547411756765876,False
616,oxford shoulder score,3,272,241,0,1,1,2,5,3,4,5,9,11,15,14,19,12,21,16,17,24,21,21,20,2015,7.88941090382122e-05,0.0011098779134295228,0.0016600954554886907,2022,103,True,0.0014003507674737944,0.001,1.6600954554886906,False
617,less intraoperative blood loss,4,199,192,2,1,1,0,2,3,1,1,8,9,7,5,6,11,19,13,13,18,24,22,26,2022,0.0001637333386980069,0.0012450715916165179,0.0018031555221637867,2023,103,True,0.0014003507674737944,0.001,1.8031555221637867,False
618,injury characteristic,2,198,186,0,0,0,1,3,5,2,5,4,4,6,12,10,13,5,13,20,20,19,20,24,2021,0.0,0.001248595330253465,0.0016052437964015785,2025,103,True,0.0014003507674737944,0.001,1.6052437964015784,False
619,eq vas,2,257,173,0,0,0,0,1,3,4,3,4,4,7,9,6,6,13,10,17,18,23,24,21,2021,0.0,0.001061306030715445,0.0017280240420736287,2023,103,True,0.0014003507674737944,0.001,1.7280240420736288,False
620,imaging data,2,176,170,2,1,0,1,1,6,4,1,5,5,5,5,4,3,10,14,14,17,20,31,21,2022,0.00012468304191575133,0.0011759009476378225,0.002092191401768239,2024,103,True,0.0014003507674737944,0.001,2.0921914017682393,False
621,random forest,2,144,119,0,0,0,0,0,0,0,0,0,0,0,0,0,0,6,10,9,12,16,30,36,2023,0.0,0.0012021036814425245,0.0024078656946023677,2025,103,True,0.0014003507674737944,0.001,2.4078656946023678,False
622,cervical disc arthroplasty,3,514,310,2,0,3,4,10,11,9,7,13,17,10,25,23,24,18,32,18,17,27,24,16,2016,0.0002019901200065613,0.001798431767498741,0.00202854996243426,2023,102,True,0.0013867551289546314,0.0010099506000328066,2.008563549908645,False
623,biomarker,1,311,247,1,2,1,0,1,4,4,7,8,18,19,9,15,17,15,24,34,18,11,18,21,2020,0.0001611575361240662,0.0014276366664683839,0.00212261206143089,2021,102,True,0.0013867551289546314,0.001,2.1226120614308903,False
624,registry data,2,256,235,1,0,0,2,1,2,10,6,8,7,9,8,13,18,22,26,15,20,22,21,24,2018,4.241961482989734e-05,0.001250868658790827,0.001652892561983471,2023,102,True,0.0013867551289546314,0.001,1.652892561983471,False
625,healthcare professional,2,234,189,2,1,0,2,0,0,5,3,8,5,6,6,8,12,14,15,10,10,21,28,33,2023,0.00012468304191575133,0.0015777610818933133,0.0022072102200521703,2025,102,True,0.0013867551289546314,0.001,2.20721022005217,False
626,4 study,2,227,187,0,0,2,1,0,1,1,4,1,4,7,8,10,10,20,16,20,21,20,19,22,2021,7.810059356451109e-05,0.001248595330253465,0.0015026296018031556,2023,102,True,0.0013867551289546314,0.001,1.5026296018031555,False
627,targeted muscle reinnervation,3,251,152,0,0,1,0,3,2,1,2,2,1,3,3,1,8,13,10,18,16,26,21,21,2021,3.9050296782255544e-05,0.0011237357972281184,0.0019534184823441023,2023,102,True,0.0013867551289546314,0.001,1.9534184823441023,False
628,coronal plane alignment,3,169,138,0,0,2,0,2,0,1,2,3,2,6,7,3,2,2,4,4,10,15,31,42,2023,7.810059356451109e-05,0.0011269722013523666,0.0028091766437027626,2025,102,True,0.0013867551289546314,0.001,2.8091766437027625,False
629,stata,1,223,220,0,0,0,0,1,0,2,4,1,4,4,13,17,30,20,23,11,19,17,24,30,2017,0.0,0.0011824441816790708,0.0020847810979847115,2018,101,True,0.0013731594904354684,0.001,2.0847810979847115,False
630,propensity matching,2,190,163,0,0,0,0,0,0,0,0,2,3,6,5,6,9,13,18,17,10,22,17,35,2023,0.0,0.001652892561983471,0.0023409805364189686,2025,101,True,0.0013731594904354684,0.001,2.3409805364189684,False
631,fi,1,456,147,0,0,0,0,1,0,1,3,5,1,5,3,2,6,5,14,9,14,18,29,31,2023,0.0,0.00135236664162284,0.002073439903685372,2025,101,True,0.0013731594904354684,0.001,2.073439903685372,False
632,peer reviewed journal,3,236,235,0,1,3,2,4,7,7,6,4,2,10,6,13,16,27,27,13,19,20,13,35,2018,0.0001569947026027233,0.0011118832522585128,0.0023409805364189686,2025,100,True,0.0013595638519163053,0.001,2.3409805364189684,False
633,25 5,2,221,216,1,2,1,4,2,7,7,9,12,8,6,9,11,8,11,18,19,22,18,19,22,2020,0.0001611575361240662,0.0010707274998512878,0.0015217541675312998,2022,100,True,0.0013595638519163053,0.001,1.5217541675312998,False
634,surgery type,2,240,215,0,0,2,3,2,4,3,8,10,9,11,11,11,9,14,18,16,23,15,25,21,2022,7.810059356451109e-05,0.0015909248115099951,0.0016872511304582573,2024,100,True,0.0013595638519163053,0.001,1.6872511304582574,False
635,linear mixed model,3,216,204,0,0,0,0,1,0,1,2,8,14,11,13,8,13,16,17,24,12,6,21,37,2019,0.0,0.0010319917440660474,0.002474750852785767,2025,100,True,0.0013595638519163053,0.001,2.4747508527857667,False
636,mdo,1,761,190,0,0,0,1,3,5,3,5,7,7,9,9,6,11,10,14,21,20,16,21,22,2021,0.0,0.001311025096766138,0.0014714734800347802,2025,100,True,0.0013595638519163053,0.001,1.4714734800347802,False
637,continuous data,2,189,187,1,0,2,1,1,0,2,4,2,15,10,6,6,10,15,12,20,17,15,22,26,2021,0.00012052020839440844,0.001248595330253465,0.0017390141127683768,2025,100,True,0.0013595638519163053,0.001,1.7390141127683767,False
638,arthroplasty surgeon,2,221,178,0,0,0,0,0,2,2,6,5,2,3,8,8,8,11,23,14,22,19,17,28,2022,0.0,0.0015217541675312998,0.0018727844291351748,2025,100,True,0.0013595638519163053,0.001,1.8727844291351747,False
639,this scoping review,3,143,114,0,0,0,0,0,0,0,1,1,1,0,1,2,2,3,3,9,14,20,20,37,2023,0.0,0.0015026296018031556,0.002474750852785767,2025,100,True,0.0013595638519163053,0.001,2.4747508527857667,False
640,12 0,2,242,233,1,0,4,8,5,2,5,11,9,12,15,9,14,9,12,18,25,17,16,17,24,2020,0.00019862080195891954,0.0010707274998512878,0.0016052437964015785,2025,99,True,0.001345968213397142,0.001,1.6052437964015784,False
641,quickdash score,2,272,216,0,0,0,1,3,1,5,4,13,2,12,20,10,12,16,18,24,18,20,20,17,2019,0.0,0.0010319917440660474,0.0015026296018031556,2023,99,True,0.001345968213397142,0.001,1.5026296018031555,False
642,21 9,2,208,202,1,1,0,4,3,3,4,3,7,6,6,7,15,11,15,17,24,18,19,15,23,2020,8.2263427085854e-05,0.0010112426387484386,0.0015383586382181793,2025,99,True,0.001345968213397142,0.001,1.5383586382181793,False
643,eleven study,2,193,192,2,0,2,1,4,5,6,1,2,8,9,7,8,8,17,13,15,22,20,25,17,2022,0.00016293982322430577,0.0015217541675312998,0.0016872511304582573,2024,99,True,0.001345968213397142,0.001,1.6872511304582574,False
644,bias assessment,2,186,184,0,0,0,1,0,1,2,5,8,4,3,5,9,9,16,22,20,22,20,20,17,2019,0.0,0.0010319917440660474,0.0015217541675312998,2022,99,True,0.001345968213397142,0.001,1.5217541675312998,False
645,adjusted analysis,2,196,183,0,1,0,2,2,0,0,4,4,4,4,5,11,20,12,15,11,21,20,15,32,2022,3.984381225595665e-05,0.0014525835235526042,0.002140325061868771,2025,99,True,0.001345968213397142,0.001,2.1403250618687713,False
646,china national knowledge infrastructure,4,167,167,0,0,0,0,0,0,0,1,1,4,8,5,7,10,14,18,18,15,20,27,19,2020,0.0,0.0010707274998512878,0.001822231220894918,2024,99,True,0.001345968213397142,0.001,1.8222312208949178,False
647,skilled nursing facility,3,302,254,1,3,0,2,7,5,8,3,10,6,8,18,15,23,14,33,25,22,17,21,13,2016,0.00016195105159776729,0.0012948708725990935,0.0019630004163940277,2020,98,True,0.001332372574877979,0.001,1.9630004163940276,False
648,15 1,2,241,236,1,0,2,1,2,3,15,8,17,9,9,8,21,10,14,18,17,19,11,27,24,2020,0.00012052020839440844,0.0010707274998512878,0.001822231220894918,2024,98,True,0.001332372574877979,0.001,1.8222312208949178,False
649,ds,1,603,227,2,0,1,2,4,6,5,7,9,9,10,11,4,18,23,18,25,18,19,19,17,2018,0.00012388952644205024,0.001250868658790827,0.001560744162816831,2021,98,True,0.001332372574877979,0.001,1.5607441628168308,False
650,clinical trial registration,3,196,195,0,0,0,0,0,0,0,4,6,5,8,16,14,21,10,13,12,15,17,31,23,2022,0.0,0.0010375596596804316,0.002092191401768239,2024,98,True,0.001332372574877979,0.001,2.0921914017682393,False
651,pain interference,2,234,173,0,2,0,0,1,1,0,3,3,2,3,7,3,14,13,23,10,22,21,20,25,2022,7.96876245119133e-05,0.0015217541675312998,0.0016721289545849776,2025,98,True,0.001332372574877979,0.001,1.6721289545849776,False
652,generalizability,1,193,169,0,0,0,2,1,1,4,4,2,7,5,5,5,9,17,9,12,12,15,22,37,2023,0.0,0.0011269722013523666,0.002474750852785767,2025,98,True,0.001332372574877979,0.001,2.4747508527857667,False
653,90 day readmission rate,4,185,157,0,0,0,0,1,0,0,0,1,2,2,5,5,7,16,20,22,18,16,24,18,2019,0.0,0.0010319917440660474,0.001619761085239927,2024,98,True,0.001332372574877979,0.001,1.619761085239927,False
654,pjf,1,594,140,0,0,0,0,0,0,0,1,2,2,4,4,4,11,4,10,15,19,24,16,24,2022,0.0,0.0013142422355952134,0.0018031555221637867,2023,98,True,0.001332372574877979,0.001,1.8031555221637867,False
655,adi,1,335,126,0,0,0,2,1,2,0,0,0,2,1,3,2,3,4,8,8,13,16,38,23,2023,0.0,0.0012021036814425245,0.002564621718296551,2024,98,True,0.001332372574877979,0.001,2.564621718296551,False
656,hidden blood loss,3,533,256,0,2,0,1,1,1,7,4,6,10,14,18,23,21,17,34,16,26,17,18,20,2015,7.96876245119133e-05,0.0010358860525342213,0.002022485277496877,2020,97,True,0.001318776936358816,0.001,2.022485277496877,False
657,visual analogue scale score,4,283,250,0,3,2,2,2,7,4,12,15,20,15,8,11,18,17,17,23,21,19,17,17,2013,0.00019763203033238102,0.0011239322643488685,0.0014895360095330305,2014,97,True,0.001318776936358816,0.001,1.4895360095330303,False
658,longer hospital stay,3,267,249,0,2,2,1,6,7,8,7,10,18,11,14,18,12,22,14,22,16,17,19,23,2021,0.0001577882180764244,0.0013734548632788114,0.0015383586382181793,2025,97,True,0.001318776936358816,0.001,1.5383586382181793,False
659,endovascular revascularization,2,299,200,0,0,1,4,3,5,3,5,7,6,12,6,10,13,13,15,21,19,14,23,20,2021,3.9050296782255544e-05,0.001311025096766138,0.0015522710400215967,2024,97,True,0.001318776936358816,0.001,1.5522710400215967,False
660,postoperative vas score,3,215,199,0,1,0,1,2,2,3,4,5,3,8,15,14,11,14,19,14,19,17,22,25,2022,3.984381225595665e-05,0.0013142422355952134,0.0016721289545849776,2025,97,True,0.001318776936358816,0.001,1.6721289545849776,False
661,kaplan meier estimate,3,199,191,0,2,1,1,2,3,6,3,3,6,6,6,10,10,16,19,19,16,17,26,19,2019,0.00011873792129416884,0.0010319917440660474,0.0017547411756765876,2024,97,True,0.001318776936358816,0.001,1.7547411756765876,False
662,roc curve analysis,3,178,161,0,0,0,1,0,1,1,3,1,4,1,1,9,12,14,16,15,9,15,24,34,2023,0.0,0.0011269722013523666,0.0022740953782355694,2025,97,True,0.001318776936358816,0.001,2.2740953782355695,False
663,joint line convergence angle,4,159,136,0,0,0,1,0,0,0,1,0,0,1,4,5,3,17,7,16,14,18,23,26,2023,0.0,0.00135236664162284,0.0017390141127683768,2025,97,True,0.001318776936358816,0.001,1.7390141127683767,False
664,primary unilateral total knee arthroplasty,5,301,270,1,2,2,3,5,7,5,5,9,11,14,24,23,19,21,23,26,21,15,16,18,2015,0.00020020783290632173,0.0010358860525342213,0.0017264944967987914,2016,96,True,0.001305181297839653,0.0010010391645316086,1.724702247395712,False
665,national joint registry,3,340,258,1,0,3,2,3,2,6,21,9,10,11,11,18,17,22,26,26,15,15,20,20,2017,0.00015957050517666397,0.0012519997217778397,0.0017397067351503604,2012,96,True,0.001305181297839653,0.001,1.7397067351503603,False
666,15 0,2,213,207,0,0,2,1,3,2,9,7,7,8,9,7,15,15,15,11,17,22,14,17,26,2021,7.810059356451109e-05,0.001061306030715445,0.0017390141127683768,2025,96,True,0.001305181297839653,0.001,1.7390141127683767,False
667,tertiary hospital,2,221,197,2,0,0,1,1,3,5,5,4,5,11,9,16,9,12,18,13,13,17,20,33,2023,8.483922965979469e-05,0.0012772351615326822,0.0022072102200521703,2025,96,True,0.001305181297839653,0.001,2.20721022005217,False
668,kinematic alignment,2,275,164,0,0,0,0,1,0,0,1,0,0,4,8,8,13,13,20,9,16,19,25,27,2022,0.0,0.0011067303036591271,0.001805899270951776,2025,96,True,0.001305181297839653,0.001,1.8058992709517758,False
669,jlca,1,306,130,0,0,0,0,0,0,0,0,0,0,1,3,3,4,17,6,17,14,18,20,27,2023,0.0,0.00135236664162284,0.001805899270951776,2025,96,True,0.001305181297839653,0.001,1.8058992709517758,False
670,randomized control trial,3,194,187,1,1,0,2,0,1,0,5,3,8,5,10,10,8,17,21,10,34,19,20,12,2022,8.2263427085854e-05,0.002351801895275645,0.002351801895275645,2022,95,True,0.00129158565932049,0.001,2.3518018952756448,False
671,high bmi,2,241,186,1,1,0,4,1,1,3,4,8,4,6,11,8,13,13,13,19,19,17,21,19,2021,8.2263427085854e-05,0.0011861655637407916,0.0014172909495849362,2024,95,True,0.00129158565932049,0.001,1.4172909495849362,False
672,12 study,2,192,185,2,0,0,2,0,0,1,4,7,8,3,13,8,14,15,13,14,17,23,19,22,2022,8.483922965979469e-05,0.0011759009476378225,0.0017280240420736287,2023,95,True,0.00129158565932049,0.001,1.7280240420736288,False
673,fri,1,367,110,0,0,0,0,1,0,0,0,0,0,1,0,2,1,6,4,12,12,19,19,33,2023,0.0,0.0014274981217129977,0.0022072102200521703,2025,95,True,0.00129158565932049,0.001,2.20721022005217,False
674,txa group,2,522,227,0,0,1,0,0,0,4,2,2,5,22,15,22,12,26,22,26,18,15,21,14,2015,3.9050296782255544e-05,0.0016278209396966333,0.001676986584107327,2019,94,True,0.001277990020801327,0.001,1.676986584107327,False
675,all adult patient,3,190,190,0,1,3,3,0,6,6,2,3,5,5,9,13,10,12,18,19,16,19,23,17,2020,0.0001569947026027233,0.0010707274998512878,0.0015522710400215967,2024,94,True,0.001277990020801327,0.001,1.5522710400215967,False
676,proximal junctional failure,3,207,151,0,0,0,0,0,0,0,0,3,3,4,5,9,15,5,13,20,16,18,17,23,2021,0.0,0.001248595330253465,0.0015383586382181793,2025,94,True,0.001277990020801327,0.001,1.5383586382181793,False
677,vas leg,2,184,124,0,0,0,0,0,1,2,0,4,1,3,0,2,3,7,7,12,26,27,15,14,2022,0.0,0.0017984367434460814,0.00202854996243426,2023,94,True,0.001277990020801327,0.001,2.02854996243426,False
678,17 2,2,257,249,1,3,0,4,4,6,10,5,9,14,18,16,21,13,11,21,15,27,13,15,23,2014,0.00016195105159776729,0.0010426752066731214,0.001867607387424777,2022,93,True,0.0012643943822821639,0.001,1.867607387424777,False
679,30 kg m2,3,245,197,0,1,2,3,0,2,1,5,6,4,3,10,13,16,20,18,23,27,9,14,20,2018,0.00011794440582046775,0.0011118832522585128,0.001867607387424777,2022,93,True,0.0012643943822821639,0.001,1.867607387424777,False
680,hip outcome score activity,4,205,187,0,0,0,0,1,1,0,1,1,10,8,12,10,12,20,18,16,17,15,21,24,2022,0.0,0.0011759009476378225,0.0016052437964015785,2025,93,True,0.0012643943822821639,0.001,1.6052437964015784,False
681,oblique lateral interbody fusion,4,207,140,0,0,0,0,0,0,0,0,0,0,4,1,3,9,11,19,17,27,16,15,18,2020,0.0,0.0011302123609541373,0.001867607387424777,2022,93,True,0.0012643943822821639,0.001,1.867607387424777,False
682,social determinant,2,151,100,0,0,0,1,0,0,0,0,0,0,0,1,0,0,1,4,6,14,17,30,26,2023,0.0,0.0012772351615326822,0.002024701356549909,2024,93,True,0.0012643943822821639,0.001,2.0247013565499086,False
683,funding,1,305,290,0,3,2,1,6,6,7,14,13,17,22,19,19,23,25,21,16,17,25,19,15,2014,0.00019763203033238102,0.001266105608103076,0.0018782870022539444,2023,92,True,0.0012507987437630009,0.001,1.8782870022539444,False
684,duplicate,1,220,214,2,1,2,3,4,2,3,2,6,11,13,13,18,15,17,10,24,11,15,22,20,2017,0.00020278363548026246,0.0012519997217778397,0.0014983143963041578,2021,92,True,0.0012507987437630009,0.0010139181774013123,1.4777468534436973,False
685,78 6,2,215,207,2,2,1,6,7,4,3,4,3,8,16,16,8,14,13,8,15,21,20,22,14,2022,0.00020357715095396353,0.0014525835235526042,0.0015026296018031556,2023,92,True,0.0012507987437630009,0.0010178857547698177,1.4762261823213714,False
686,elective total knee arthroplasty,4,228,200,1,2,1,5,3,5,3,7,10,11,8,9,12,6,10,15,12,22,17,19,22,2022,0.0001611575361240662,0.0015217541675312998,0.0015217541675312998,2022,92,True,0.0012507987437630009,0.001,1.5217541675312998,False
687,chronic lateral ankle instability,4,343,192,2,1,3,3,3,1,5,5,4,5,10,7,10,13,8,20,10,11,20,22,29,2023,0.00024183393226251797,0.0015026296018031556,0.001939669587318574,2025,92,True,0.0012507987437630009,0.00120916966131259,1.604133521852512,False
688,eq 5d 5l,3,200,122,0,0,0,0,0,0,0,0,1,0,2,1,4,4,7,11,16,15,22,17,22,2022,0.0,0.0010375596596804316,0.001652892561983471,2023,92,True,0.0012507987437630009,0.001,1.652892561983471,False
689,major amputation rate,3,266,209,0,2,2,5,2,2,8,8,9,3,7,10,14,11,18,17,21,11,11,29,19,2019,0.0001577882180764244,0.0011609907120743034,0.0019572113113315785,2024,91,True,0.0012372031052438378,0.001,1.9572113113315786,False
690,28 5,2,208,206,3,1,1,1,4,4,10,6,11,7,6,8,9,14,16,14,18,16,16,23,18,2021,0.00020615295352790423,0.0011237357972281184,0.0015522710400215967,2024,91,True,0.0012372031052438378,0.0010307647676395212,1.5059411116430947,False
691,hos adl,2,370,192,0,0,0,1,0,0,0,0,3,8,9,16,14,13,19,18,22,17,17,17,18,2019,0.0,0.0012254901960784314,0.0013734548632788114,2021,91,True,0.0012372031052438378,0.001,1.3734548632788113,False
692,inconsistency,1,214,190,1,0,4,2,2,8,2,7,5,12,8,8,9,12,8,11,20,17,17,15,22,2021,0.00019862080195891954,0.001248595330253465,0.0014714734800347802,2025,91,True,0.0012372031052438378,0.001,1.4714734800347802,False
693,database inception,2,138,137,0,0,0,0,0,0,0,0,0,1,1,5,12,9,11,7,10,20,24,23,14,2022,0.0,0.0013834128795739088,0.0018031555221637867,2023,91,True,0.0012372031052438378,0.001,1.8031555221637867,False
694,promis pf,2,295,127,0,0,0,0,0,0,0,0,0,0,0,1,1,6,11,17,12,22,21,23,13,2022,0.0,0.0015217541675312998,0.0015777610818933133,2023,91,True,0.0012372031052438378,0.001,1.5777610818933132,False
695,31 3,2,222,208,0,0,2,4,2,3,3,5,7,5,13,10,18,9,14,23,16,23,16,22,13,2022,7.810059356451109e-05,0.0015909248115099951,0.0015909248115099951,2022,90,True,0.0012236074667246748,0.001,1.590924811509995,False
696,asc,1,532,169,0,0,2,1,5,3,4,5,3,3,1,8,8,9,11,16,14,10,19,30,17,2023,7.810059356451109e-05,0.0014274981217129977,0.002024701356549909,2024,90,True,0.0012236074667246748,0.001,2.0247013565499086,False
697,primary reverse total shoulder arthroplasty,5,238,141,0,0,0,0,0,0,4,0,1,5,3,9,6,1,11,11,20,15,14,17,24,2021,0.0,0.001248595330253465,0.0016052437964015785,2025,90,True,0.0012236074667246748,0.001,1.6052437964015784,False
698,tip apex distance,3,316,239,3,1,1,3,7,7,7,7,12,9,11,13,15,15,18,21,20,12,19,19,19,2017,0.00020615295352790423,0.001043333101481533,0.0014274981217129977,2023,89,True,0.0012100118282055118,0.0010307647676395212,1.3848922339303529,False
699,30 day complication,3,254,192,0,0,0,0,1,0,2,0,2,5,7,10,15,12,28,21,13,20,19,23,14,2022,0.0,0.0013834128795739088,0.001805985552115583,2019,89,True,0.0012100118282055118,0.001,1.805985552115583,False
700,lsi,1,391,168,0,0,0,1,0,0,1,5,1,8,4,7,10,14,13,15,19,15,14,16,25,2021,0.0,0.0011861655637407916,0.0016721289545849776,2025,89,True,0.0012100118282055118,0.001,1.6721289545849776,False
701,von mise stress,3,185,154,0,1,2,4,3,2,5,1,6,5,4,3,3,8,11,7,15,19,18,17,20,2022,0.00011794440582046775,0.0013142422355952134,0.00135236664162284,2023,89,True,0.0012100118282055118,0.001,1.35236664162284,False
702,ed visit,2,250,138,0,0,1,0,0,0,1,0,0,1,3,0,7,10,11,15,15,10,20,21,23,2023,3.9050296782255544e-05,0.0015026296018031556,0.0015383586382181793,2025,89,True,0.0012100118282055118,0.001,1.5383586382181793,False
703,vte prophylaxis,2,405,264,1,1,3,6,7,6,11,20,14,15,18,12,17,11,13,21,22,16,12,20,18,2012,0.00019941431743262063,0.0016568635572860575,0.0016568635572860575,2012,88,True,0.0011964161896863487,0.001,1.6568635572860575,False
704,hba1c,1,380,190,1,1,0,1,3,1,2,7,6,7,12,9,14,14,14,10,16,10,15,25,22,2023,8.2263427085854e-05,0.0011269722013523666,0.0016872511304582573,2024,88,True,0.0011964161896863487,0.001,1.6872511304582574,False
705,insurance type,2,201,159,0,2,0,2,0,1,4,2,4,6,5,3,9,8,19,6,11,19,19,18,21,2022,7.96876245119133e-05,0.0013142422355952134,0.0014274981217129977,2023,88,True,0.0011964161896863487,0.001,1.4274981217129976,False
706,clinical outcome score,3,322,287,1,1,1,4,4,6,7,8,21,14,15,23,23,16,22,34,21,18,23,17,8,2013,0.00012131372386810955,0.001573505170088416,0.002022485277496877,2020,87,True,0.0011828205511671855,0.001,2.022485277496877,False
707,medicare patient,2,322,225,3,0,2,1,3,6,4,5,8,7,15,20,10,16,18,20,13,24,16,20,14,2018,0.00020535943805420314,0.0011118832522585128,0.0016600954554886907,2022,87,True,0.0011828205511671855,0.0010267971902710156,1.6167705475026872,False
708,olt,1,438,173,0,1,0,3,0,3,5,7,6,7,6,6,11,8,7,16,19,13,15,22,18,2023,3.984381225595665e-05,0.0011269722013523666,0.0014847809948032665,2024,87,True,0.0011828205511671855,0.001,1.4847809948032664,False
709,plp,1,628,161,0,3,1,1,4,1,1,4,8,4,5,6,7,6,9,14,21,8,22,21,15,2023,0.0001585817335501255,0.001652892561983471,0.001652892561983471,2023,87,True,0.0011828205511671855,0.001,1.652892561983471,False
710,femoral neck shortening,3,256,136,0,0,1,1,0,2,1,3,2,4,2,3,7,7,5,11,19,12,16,20,20,2023,3.9050296782255544e-05,0.0012021036814425245,0.0013498009043666059,2024,87,True,0.0011828205511671855,0.001,1.349800904366606,False
711,following question,2,258,258,0,1,2,1,6,8,7,10,17,17,19,16,17,18,17,16,25,18,8,20,15,2013,0.00011794440582046775,0.0012737898995953843,0.001560744162816831,2021,86,True,0.0011692249126480224,0.001,1.5607441628168308,False
712,patient comorbidity,2,252,235,2,0,3,3,4,2,8,5,11,6,20,14,18,18,20,15,19,14,10,19,24,2017,0.0002019901200065613,0.0012519997217778397,0.0016052437964015785,2025,86,True,0.0011692249126480224,0.0010099506000328066,1.589428033756735,False
713,data synthesis,2,219,216,1,1,0,4,3,4,6,12,8,10,12,7,17,9,17,19,24,18,11,20,13,2019,8.2263427085854e-05,0.0010964912280701754,0.0014983143963041578,2021,86,True,0.0011692249126480224,0.001,1.4983143963041579,False
714,full text,2,191,182,0,1,2,1,4,4,1,4,6,3,5,15,7,10,21,12,18,17,19,14,18,2021,0.00011794440582046775,0.0011237357972281184,0.0014274981217129977,2023,86,True,0.0011692249126480224,0.001,1.4274981217129976,False
715,theme,1,199,167,2,1,1,3,3,1,2,4,2,4,9,7,9,4,13,16,15,20,17,19,15,2022,0.0001637333386980069,0.0013834128795739088,0.0013834128795739088,2022,86,True,0.0011692249126480224,0.001,1.3834128795739087,False
716,worse clinical outcome,3,183,166,0,0,1,3,2,1,3,2,5,6,4,4,7,10,18,14,14,26,15,22,9,2022,3.9050296782255544e-05,0.0017984367434460814,0.0017984367434460814,2022,86,True,0.0011692249126480224,0.001,1.7984367434460813,False
717,fracture characteristic,2,171,157,2,0,1,2,3,2,2,2,5,4,5,8,6,7,7,15,15,14,15,15,27,2023,0.00012388952644205024,0.0011269722013523666,0.001805899270951776,2025,86,True,0.0011692249126480224,0.001,1.8058992709517758,False
718,psychological readiness,2,228,116,0,0,0,0,0,0,0,0,1,1,1,1,0,5,10,11,13,16,16,18,23,2022,0.0,0.0011067303036591271,0.0015383586382181793,2025,86,True,0.0011692249126480224,0.001,1.5383586382181793,False
719,joint line obliquity,3,146,100,0,0,0,1,0,0,0,0,0,0,1,1,5,1,1,4,10,8,16,22,30,2023,0.0,0.0012021036814425245,0.0020065547455019733,2025,86,True,0.0011692249126480224,0.001,2.0065547455019734,False
720,18 1,2,199,196,1,0,0,0,1,1,6,3,12,10,12,14,14,10,9,18,17,15,16,18,19,2020,4.241961482989734e-05,0.0010707274998512878,0.001270818005484583,2025,85,True,0.0011556292741288594,0.001,1.270818005484583,False
721,multivariable model,2,200,188,1,0,0,1,2,1,3,1,3,3,6,10,15,22,16,19,16,20,9,19,21,2017,4.241961482989734e-05,0.001043333101481533,0.0015288394718554553,2018,85,True,0.0011556292741288594,0.001,1.5288394718554552,False
722,dls,1,387,156,0,1,0,3,4,3,3,3,3,9,8,5,5,6,5,13,16,15,18,16,20,2022,3.984381225595665e-05,0.0010375596596804316,0.00135236664162284,2023,85,True,0.0011556292741288594,0.001,1.35236664162284,False
723,dh,1,305,155,1,1,2,0,1,3,2,0,2,4,5,6,6,6,11,20,14,18,18,19,16,2022,0.0001603640206503651,0.0012450715916165179,0.00135236664162284,2023,85,True,0.0011556292741288594,0.001,1.35236664162284,False
724,predictive ability,2,183,149,1,1,0,0,3,2,2,0,2,4,6,9,8,5,9,12,21,10,15,17,22,2023,8.2263427085854e-05,0.0011269722013523666,0.0014714734800347802,2025,85,True,0.0011556292741288594,0.001,1.4714734800347802,False
725,patient concern,2,234,217,0,0,2,3,2,1,0,1,1,2,1,3,26,28,36,27,20,10,16,14,24,2017,7.810059356451109e-05,0.0018084440425679906,0.0023219814241486067,2019,84,True,0.0011420336356096964,0.001,2.3219814241486065,False
726,prf,1,563,196,0,1,1,4,2,3,3,4,6,5,6,16,11,21,17,12,16,11,16,18,23,2023,7.88941090382122e-05,0.0012021036814425245,0.0015383586382181793,2025,84,True,0.0011420336356096964,0.001,1.5383586382181793,False
727,16 0,2,172,169,0,0,2,3,2,2,8,4,7,7,7,5,11,8,7,12,16,15,20,17,16,2022,7.810059356451109e-05,0.0010375596596804316,0.0015026296018031556,2023,84,True,0.0011420336356096964,0.001,1.5026296018031555,False
728,multiple database,2,165,164,1,0,0,1,2,6,2,3,6,6,8,7,7,9,6,16,7,5,18,21,33,2023,4.241961482989734e-05,0.00135236664162284,0.0022072102200521703,2025,84,True,0.0011420336356096964,0.001,2.20721022005217,False
729,competing risk,2,198,154,0,0,1,0,1,2,2,2,1,1,8,6,6,13,15,12,19,16,17,14,18,2021,3.9050296782255544e-05,0.0011861655637407916,0.0012772351615326822,2023,84,True,0.0011420336356096964,0.001,1.2772351615326822,False
730,8 study,2,153,147,0,0,1,0,0,1,1,4,2,5,6,7,7,8,7,14,20,18,16,19,11,2021,3.9050296782255544e-05,0.001248595330253465,0.0012823108591482756,2024,84,True,0.0011420336356096964,0.001,1.2823108591482755,False
731,evidence iii,2,132,132,0,0,1,0,1,0,3,1,4,2,2,4,1,9,8,12,15,14,16,17,22,2023,3.9050296782255544e-05,0.0012021036814425245,0.0014714734800347802,2025,84,True,0.0011420336356096964,0.001,1.4714734800347802,False
732,mcid achievement,2,159,90,0,0,0,0,0,0,0,0,0,0,0,0,0,1,1,4,15,18,20,16,15,2022,0.0,0.0012450715916165179,0.0015026296018031556,2023,84,True,0.0011420336356096964,0.001,1.5026296018031555,False
733,local infiltration analgesia,3,442,255,0,0,0,2,1,3,10,7,12,15,17,13,19,21,20,32,22,22,12,16,11,2017,0.0,0.0013215552618766084,0.0019035155552911784,2020,83,True,0.0011284379970905333,0.001,1.9035155552911784,False
734,end stage ankle arthritis,4,311,232,2,2,0,3,3,3,5,10,6,10,13,15,21,13,18,25,20,13,19,12,19,2019,0.000164526854171708,0.0011609907120743034,0.0014871215275712331,2020,83,True,0.0011284379970905333,0.001,1.487121527571233,False
735,21 8,2,205,200,0,3,1,3,2,2,6,9,10,12,8,5,11,15,12,18,22,14,15,17,15,2023,0.0001585817335501255,0.0011269722013523666,0.0013734548632788114,2021,83,True,0.0011284379970905333,0.001,1.3734548632788113,False
736,cochrane library database,3,161,161,0,0,0,2,0,2,1,0,1,2,7,5,17,11,16,14,19,18,21,13,12,2021,0.0,0.0011861655637407916,0.0015777610818933133,2023,83,True,0.0011284379970905333,0.001,1.5777610818933132,False
737,patient demographic characteristic,3,164,159,0,0,0,1,0,1,1,0,2,5,8,12,9,6,16,15,17,21,16,14,15,2021,0.0,0.001061306030715445,0.0014525835235526042,2022,83,True,0.0011284379970905333,0.001,1.4525835235526041,False
738,22 8,2,201,197,1,4,0,0,2,3,5,6,3,4,10,13,17,12,16,19,14,12,21,17,18,2023,0.00020179486385372395,0.0015777610818933133,0.0015777610818933133,2023,82,True,0.0011148423585713703,0.0010089743192686197,1.5637276903509227,False
739,insurance status,2,244,189,0,0,4,3,1,5,7,4,6,10,12,8,7,12,15,13,11,18,16,17,20,2022,0.00015620118712902218,0.0012450715916165179,0.0013377031636679821,2025,82,True,0.0011148423585713703,0.001,1.3377031636679821,False
740,tad,1,409,188,1,0,1,1,4,1,6,4,7,10,9,10,11,10,15,16,18,10,16,16,22,2023,8.146991161215289e-05,0.0012021036814425245,0.0014714734800347802,2025,82,True,0.0011148423585713703,0.001,1.4714734800347802,False
741,pm,1,353,150,0,1,2,1,3,1,1,4,2,4,3,7,5,11,10,13,15,15,14,16,22,2022,0.00011794440582046775,0.0010375596596804316,0.0014714734800347802,2025,82,True,0.0011148423585713703,0.001,1.4714734800347802,False
742,univariable analysis,2,143,128,1,0,0,1,0,0,0,0,2,1,1,8,3,9,8,12,19,5,14,20,24,2023,4.241961482989734e-05,0.0010518407212622089,0.0016052437964015785,2025,82,True,0.0011148423585713703,0.001,1.6052437964015784,False
743,cutibacterium acne,2,156,127,0,0,0,0,0,0,0,0,0,0,0,0,2,5,17,21,22,21,14,17,8,2019,0.0,0.0010964912280701754,0.0014525835235526042,2022,82,True,0.0011148423585713703,0.001,1.4525835235526041,False
744,high heterogeneity,2,130,119,0,0,1,0,0,1,1,1,1,1,3,5,3,6,5,9,8,17,16,20,21,2022,3.9050296782255544e-05,0.0011759009476378225,0.0014045883218513813,2025,82,True,0.0011148423585713703,0.001,1.4045883218513813,False
745,gold standard treatment,3,196,195,2,0,0,4,2,1,6,8,7,11,8,8,14,11,16,16,15,12,15,23,16,2023,8.483922965979469e-05,0.0011269722013523666,0.0015522710400215967,2024,81,True,0.0011012467200522073,0.001,1.5522710400215967,False
746,preoperative opioid use,3,341,180,0,0,0,0,0,0,1,0,0,3,1,6,12,25,19,32,28,15,16,11,11,2018,0.0,0.0017373175816539264,0.0019035155552911784,2020,81,True,0.0011012467200522073,0.001,1.9035155552911784,False
747,twelve study,2,175,174,0,0,0,0,1,2,8,3,8,6,9,14,5,8,14,15,18,16,18,15,14,2021,0.0,0.0011237357972281184,0.00135236664162284,2023,81,True,0.0011012467200522073,0.001,1.35236664162284,False
748,cor,1,442,172,1,1,0,2,0,7,7,6,4,7,9,4,8,5,15,15,5,18,16,31,11,2022,8.2263427085854e-05,0.0012450715916165179,0.002092191401768239,2024,81,True,0.0011012467200522073,0.001,2.0921914017682393,False
749,categorical data,2,141,140,1,0,0,1,1,1,1,3,7,7,7,2,6,6,6,10,7,9,15,26,24,2023,4.241961482989734e-05,0.0011269722013523666,0.0017547411756765876,2024,81,True,0.0011012467200522073,0.001,1.7547411756765876,False
750,maximum von mise,3,187,130,1,1,2,0,0,3,2,1,4,5,3,2,5,5,8,7,13,16,17,17,18,2022,0.0001603640206503651,0.0011067303036591271,0.0012772351615326822,2023,81,True,0.0011012467200522073,0.001,1.2772351615326822,False
751,hu value,2,295,106,0,0,0,0,0,0,1,2,1,1,3,2,2,5,3,5,10,11,17,18,25,2023,0.0,0.0012772351615326822,0.0016721289545849776,2025,81,True,0.0011012467200522073,0.001,1.6721289545849776,False
752,pubmed database,2,253,251,2,1,1,3,6,3,4,7,13,14,17,24,14,28,16,18,19,17,14,20,10,2014,0.0001637333386980069,0.0010426752066731214,0.0019457956914523975,2018,80,True,0.0010876510815330442,0.001,1.9457956914523975,False
753,overall revision rate,3,169,162,0,1,1,1,4,5,2,3,11,4,6,7,6,7,7,17,20,11,14,18,17,2023,7.88941090382122e-05,0.0010518407212622089,0.001248595330253465,2021,80,True,0.0010876510815330442,0.001,1.248595330253465,False
754,more comorbidity,2,172,161,1,0,2,1,2,3,4,2,8,7,6,9,8,6,10,12,20,20,15,11,14,2021,0.00012052020839440844,0.001248595330253465,0.0013834128795739088,2022,80,True,0.0010876510815330442,0.001,1.3834128795739087,False
755,sb,1,563,261,0,0,1,4,5,10,12,19,16,19,11,15,16,16,16,22,21,20,8,16,14,2011,3.9050296782255544e-05,0.00100460443700293,0.0015740203794217546,2012,79,True,0.0010740554430138812,0.001,1.5740203794217547,False
756,internal validation,2,126,106,0,0,0,1,0,0,1,1,1,0,0,2,1,5,6,9,9,16,21,15,18,2022,0.0,0.0011067303036591271,0.0015777610818933133,2023,79,True,0.0010740554430138812,0.001,1.5777610818933132,False
757,training set,2,132,99,0,0,0,1,0,0,0,1,2,1,0,3,1,0,2,9,5,12,15,18,29,2023,0.0,0.0011269722013523666,0.001939669587318574,2025,79,True,0.0010740554430138812,0.001,1.9396695873185739,False
758,radiologic parameter,2,193,172,0,1,0,2,4,3,7,7,8,12,5,4,16,10,6,9,13,13,18,18,16,2023,3.984381225595665e-05,0.00135236664162284,0.00135236664162284,2023,78,True,0.0010604598044947182,0.001,1.35236664162284,False
759,7 study,2,178,163,1,0,0,0,1,2,4,3,5,5,7,8,7,6,14,22,21,16,11,14,16,2020,4.241961482989734e-05,0.0013086669442626852,0.001311025096766138,2021,78,True,0.0010604598044947182,0.001,1.311025096766138,False
760,patient rated wrist evaluation,4,162,153,1,1,1,1,2,1,4,3,4,7,6,4,8,3,15,14,15,15,14,15,19,2022,0.00012131372386810955,0.0010375596596804316,0.001270818005484583,2025,78,True,0.0010604598044947182,0.001,1.270818005484583,False
761,pain outcome,2,174,140,0,2,1,2,3,2,2,3,7,3,6,5,7,4,9,6,14,9,14,15,26,2023,0.00011873792129416884,0.0010518407212622089,0.0017390141127683768,2025,78,True,0.0010604598044947182,0.001,1.7390141127683767,False
762,four database,2,106,105,0,0,0,0,0,0,1,0,2,1,1,2,2,4,8,6,13,9,21,18,17,2023,0.0,0.0015777610818933133,0.0015777610818933133,2023,78,True,0.0010604598044947182,0.001,1.5777610818933132,False
763,electronic search,2,221,215,1,2,1,4,4,3,4,12,13,5,14,8,16,15,18,18,17,19,14,17,10,2017,0.0001611575361240662,0.001112888641580302,0.0013142422355952134,2022,77,True,0.0010468641659755551,0.001,1.3142422355952135,False
764,hand dash,2,255,255,1,0,1,4,7,5,14,11,8,16,14,17,26,20,18,17,13,16,15,12,20,2014,8.146991161215289e-05,0.0011916288076264244,0.0018084440425679906,2017,76,True,0.001033268527456392,0.001,1.8084440425679906,False
765,lb,1,525,192,2,0,0,7,3,6,7,8,4,4,8,11,13,12,18,13,12,11,18,17,18,2023,8.483922965979469e-05,0.00135236664162284,0.00135236664162284,2023,76,True,0.001033268527456392,0.001,1.35236664162284,False
766,28 3,2,187,182,0,0,1,1,4,6,7,4,6,4,9,9,8,14,15,18,18,15,10,18,15,2020,3.9050296782255544e-05,0.0010707274998512878,0.0012148208139299453,2024,76,True,0.001033268527456392,0.001,1.2148208139299452,False
767,postoperative length,2,198,173,1,1,1,1,2,4,1,3,6,5,8,7,15,14,20,8,8,18,15,21,14,2022,0.00012131372386810955,0.0012450715916165179,0.0014172909495849362,2024,76,True,0.001033268527456392,0.001,1.4172909495849362,False
768,ethical approval,2,141,138,0,0,0,1,3,1,0,2,3,3,2,1,6,5,17,18,17,12,12,15,20,2019,0.0,0.0010964912280701754,0.0013377031636679821,2025,76,True,0.001033268527456392,0.001,1.3377031636679821,False
769,dca,1,130,82,0,0,1,1,0,0,0,0,0,0,0,1,0,0,1,3,8,3,15,19,30,2023,3.9050296782255544e-05,0.0011269722013523666,0.0020065547455019733,2025,75,True,0.0010196728889372288,0.001,2.0065547455019734,False
770,liposomal bupivacaine,2,539,216,0,0,0,0,0,0,0,0,1,7,14,24,30,26,24,16,12,12,13,19,18,2015,0.0,0.0010358860525342213,0.002086666202963066,2017,74,True,0.0010060772504180658,0.001,2.086666202963066,False
771,lia,1,748,214,0,1,0,1,0,2,8,5,6,9,15,14,15,18,17,29,14,18,10,20,12,2015,3.984381225595665e-05,0.0011098779134295228,0.0017250609719826305,2020,74,True,0.0010060772504180658,0.001,1.7250609719826304,False
772,native knee,2,376,215,0,0,0,0,2,5,6,6,5,8,17,15,16,18,24,20,18,12,13,18,12,2015,0.0,0.0012578616352201257,0.0015479876160990713,2019,73,True,0.0009924816118989028,0.001,1.5479876160990713,False
773,prospectively collected database,3,213,213,2,1,1,1,3,8,3,10,6,10,14,10,13,19,18,21,17,18,18,12,8,2018,0.0001637333386980069,0.001320361362056984,0.00135236664162284,2023,73,True,0.0009924816118989028,0.001,1.35236664162284,False
774,acs nsqip,2,243,206,0,0,0,0,0,1,1,1,4,11,13,14,22,20,26,20,16,15,13,17,12,2016,0.0,0.0010071217897992951,0.001676986584107327,2019,73,True,0.0009924816118989028,0.001,1.676986584107327,False
775,nonarthritic hip score,3,174,150,0,0,1,1,4,2,4,5,3,4,1,6,5,14,11,17,24,20,6,7,15,2020,3.9050296782255544e-05,0.0010112426387484386,0.0014983143963041578,2021,72,True,0.0009788859733797397,0.001,1.4983143963041579,False
776,pooled data,2,270,247,2,2,1,2,1,5,9,8,12,13,16,15,19,26,29,16,14,15,13,16,13,2015,0.00020357715095396353,0.0011838697743248242,0.001870485036119711,2019,71,True,0.0009652903348605767,0.0010178857547698177,1.8376178538255485,False
777,mcmaster university arthritis index,4,204,195,1,2,1,0,1,2,0,4,8,5,15,23,22,18,11,11,15,10,12,20,14,2015,0.0001611575361240662,0.0011098779134295228,0.0016545572260988418,2016,71,True,0.0009652903348605767,0.001,1.6545572260988417,False
778,existing evidence,2,153,150,1,1,2,2,5,2,2,2,3,5,6,10,10,5,11,12,8,15,14,18,16,2022,0.0001603640206503651,0.0010375596596804316,0.0012148208139299453,2024,71,True,0.0009652903348605767,0.001,1.2148208139299452,False
779,multivariate model,2,230,217,2,1,1,3,5,4,8,3,9,14,9,16,13,15,17,27,18,12,10,15,15,2018,0.0001637333386980069,0.0010423905489923557,0.0016060912497769318,2020,70,True,0.0009516946963414137,0.001,1.6060912497769317,False
780,pooled result,2,243,211,0,2,1,2,3,0,2,6,8,6,9,16,20,21,20,25,14,14,18,12,12,2016,0.00011873792129416884,0.0011509963311991942,0.0014871215275712331,2020,70,True,0.0009516946963414137,0.001,1.487121527571233,False
781,significantly lower risk,3,152,141,1,1,0,0,1,4,3,5,4,4,5,9,3,12,9,10,6,11,15,15,23,2023,8.2263427085854e-05,0.0011269722013523666,0.0015383586382181793,2025,70,True,0.0009516946963414137,0.001,1.5383586382181793,False
782,selection bias,2,230,207,1,2,0,4,1,3,1,7,18,10,13,12,14,11,17,24,10,9,15,15,20,2023,0.00012210723934181065,0.0011269722013523666,0.0014276366664683839,2020,69,True,0.0009380990578222506,0.001,1.427636666468384,False
783,each follow up,3,182,174,0,0,1,1,3,1,4,6,7,6,7,11,13,10,13,22,19,18,11,12,9,2020,3.9050296782255544e-05,0.0013086669442626852,0.0013086669442626852,2020,69,True,0.0009380990578222506,0.001,1.3086669442626853,False
784,multivariable linear regression,3,123,115,0,0,0,2,0,0,0,1,1,0,2,7,4,6,12,11,8,8,14,20,19,2023,0.0,0.0010518407212622089,0.0013498009043666059,2024,69,True,0.0009380990578222506,0.001,1.349800904366606,False
785,black race,2,147,114,0,0,1,1,1,2,1,1,4,3,4,4,3,4,8,8,10,19,16,15,9,2022,3.9050296782255544e-05,0.0013142422355952134,0.0013142422355952134,2022,69,True,0.0009380990578222506,0.001,1.3142422355952135,False
786,30 day readmission rate,4,234,180,0,0,0,0,1,0,0,0,8,6,14,21,17,13,22,10,12,13,16,13,14,2015,0.0,0.0010358860525342213,0.0015106826846989425,2016,68,True,0.0009245034193030876,0.001,1.5106826846989425,False
787,sciencedirect,1,176,176,0,0,1,0,0,2,0,7,4,5,7,16,26,15,9,16,6,12,14,10,26,2016,3.9050296782255544e-05,0.0011509963311991942,0.0018084440425679906,2017,68,True,0.0009245034193030876,0.001,1.8084440425679906,False
788,increasing trend,2,160,152,1,2,1,1,2,7,5,3,6,7,2,10,4,7,10,17,17,18,14,9,9,2020,0.0001611575361240662,0.0010112426387484386,0.0012450715916165179,2022,67,True,0.0009109077807839245,0.001,1.2450715916165178,False
789,all article,2,193,191,0,1,0,3,6,9,3,10,6,9,12,15,13,6,18,14,18,15,14,11,8,2021,3.984381225595665e-05,0.0011237357972281184,0.0011609907120743034,2019,66,True,0.0008973121422647614,0.001,1.1609907120743033,False
790,pla,1,296,118,0,0,2,0,0,2,5,2,2,0,4,6,11,3,5,10,6,9,15,19,17,2023,7.810059356451109e-05,0.0011269722013523666,0.0012823108591482756,2024,66,True,0.0008973121422647614,0.001,1.2823108591482755,False
791,dcb,1,306,101,0,0,0,0,0,0,0,1,0,1,0,5,7,4,11,6,5,4,14,22,21,2023,0.0,0.0010518407212622089,0.0014847809948032665,2024,66,True,0.0008973121422647614,0.001,1.4847809948032664,False
792,dual mobility cup,3,430,221,0,0,0,1,1,6,7,6,8,12,8,19,20,19,19,30,18,15,13,9,10,2016,0.0,0.0013668081432990432,0.0017845458330854797,2020,65,True,0.0008837165037455984,0.001,1.7845458330854798,False
793,ldd,1,216,88,0,0,1,0,0,1,0,1,0,2,1,2,3,1,4,8,9,5,15,17,18,2023,3.9050296782255544e-05,0.0011269722013523666,0.0012039328473011839,2025,64,True,0.0008701208652264354,0.001,1.2039328473011839,False
794,unilateral anterior cruciate ligament reconstruction,5,206,185,0,1,0,2,2,2,2,5,11,8,5,9,15,27,20,13,14,13,13,9,14,2017,3.984381225595665e-05,0.001043333101481533,0.0018763029881862403,2018,63,True,0.0008565252267072723,0.001,1.8763029881862403,False
795,anterolateral ligament,2,233,159,0,0,0,0,0,0,0,0,0,0,8,15,22,15,21,16,17,10,10,7,18,2016,0.0,0.0010790590604992446,0.001530221882172915,2017,62,True,0.0008429295881881093,0.001,1.530221882172915,False
796,metal debris,2,415,301,1,4,2,7,7,9,9,19,19,29,20,26,23,31,17,22,15,12,11,8,10,2012,0.000279895457418235,0.0015740203794217546,0.0021598272138228943,2014,56,True,0.000761355757073131,0.0013994772870911752,1.5433099441807394,False
797,adverse local tissue reaction,4,294,219,0,0,0,0,2,1,3,5,11,23,18,30,21,17,14,18,17,15,6,7,11,2014,0.0,0.001712966410962985,0.002158118120998489,2016,56,True,0.000761355757073131,0.001,2.158118120998489,False
798,player,1,376,200,3,0,1,3,5,6,6,12,5,8,10,12,16,22,22,13,14,9,9,11,13,2017,0.0001663091412719476,0.001112888641580302,0.0015288394718554553,2018,56,True,0.000761355757073131,0.001,1.5288394718554552,False
799,anterior cervical discectomy fusion group,5,406,189,0,1,2,1,1,2,10,4,11,9,18,17,19,12,10,19,8,13,9,12,11,2015,0.00011794440582046775,0.0013318534961154272,0.0013318534961154272,2015,53,True,0.0007205688415156418,0.001,1.3318534961154271,False
800,rivaroxaban,1,1090,355,0,2,3,11,20,14,30,38,32,21,24,21,24,23,22,18,18,8,7,8,11,2008,0.00019683851485867996,0.0011387163561076604,0.0031480407588435093,2012,52,True,0.0007069732029964787,0.001,3.1480407588435093,True
801,no previous study,3,185,184,2,0,3,4,4,4,6,10,8,11,12,8,13,16,17,19,14,9,11,8,5,2018,0.0002019901200065613,0.0011118832522585128,0.0011302123609541373,2020,47,True,0.0006389950104006635,0.0010099506000328066,1.1190768745693345,False
802,bundled payment,2,276,195,0,0,0,0,0,0,1,0,4,4,13,24,28,25,38,17,10,12,5,7,7,2016,0.0,0.0017264944967987914,0.0024509803921568627,2019,41,True,0.0005574211792856851,0.001,2.4509803921568625,False
803,fnb,1,620,183,1,3,0,3,5,3,1,9,4,15,16,27,19,13,15,11,8,6,8,8,8,2014,0.00016195105159776729,0.001117152007149773,0.0019423063088986404,2016,38,True,0.000516634263728196,0.001,1.9423063088986403,False
804,n a,2,202,202,0,0,1,0,1,0,0,0,14,43,26,29,15,19,9,9,14,3,2,3,14,2013,3.9050296782255544e-05,0.0010490034467256107,0.0032025024204960155,2014,36,True,0.0004894429866898699,0.001,3.2025024204960153,False
805,ninth revision,2,211,202,1,1,1,1,7,1,8,13,9,17,15,18,28,17,14,18,12,11,4,5,1,2014,0.00012131372386810955,0.001266105608103076,0.0019475551227655283,2017,33,True,0.0004486560711323807,0.001,1.9475551227655283,False
806,cli patient,2,256,166,1,1,1,4,9,10,11,11,11,13,15,18,18,9,10,7,9,4,3,1,0,2015,0.00012131372386810955,0.0011098779134295228,0.0012948708725990935,2016,17,True,0.0002311258548257719,0.001,1.2948708725990934,False
807,mom total hip arthroplasty,4,212,118,0,0,0,1,0,2,8,3,8,14,14,14,8,19,7,7,3,4,3,1,2,2014,0.0,0.0010426752066731214,0.001320361362056984,2018,13,True,0.00017674330074911968,0.001,1.3203613620569838,False
808,clinical article,2,92,90,0,0,0,0,4,7,8,14,29,21,1,1,1,1,0,2,0,0,0,1,0,2012,0.0,0.0011598044901002403,0.002172935711074479,2013,1,True,1.3595638519163053e-05,0.001,2.172935711074479,True
809,wiley periodical,2,399,395,0,0,0,0,0,1,0,1,0,0,26,99,84,88,94,2,0,0,0,0,0,2015,0.0,0.0019237883832778394,0.007121789799295015,2016,0,True,0.0,0.001,7.121789799295015,False
810,orthopedic research society,3,265,265,0,0,0,0,0,0,0,0,0,0,8,58,59,58,80,2,0,0,0,0,0,2016,0.0,0.004172361700597079,0.005159958720330237,2019,0,True,0.0,0.001,5.159958720330237,False
811,electronic supplementary material,3,262,262,0,0,0,0,0,0,0,0,0,0,0,0,2,110,104,46,0,0,0,0,0,2018,0.0,0.007644197359277276,0.007644197359277276,2018,0,True,0.0,0.001,7.644197359277276,False
812,these slide,2,262,262,0,0,0,0,0,0,0,0,0,0,0,0,2,110,104,46,0,0,0,0,0,2018,0.0,0.007644197359277276,0.007644197359277276,2018,0,True,0.0,0.001,7.644197359277276,False
813,inc j orthop res,4,121,121,0,0,0,0,0,0,0,0,0,0,5,25,21,20,50,0,0,0,0,0,0,2016,0.0,0.001798431767498741,0.003224974200206398,2019,0,True,0.0,0.001,3.224974200206398,False
