pmid,regula
10636352,D4
10659528,D4
10665876,D4
10689228,D4
10693087,D4
10697009,D4
10718803,D4
10719545,D4
10723479,D4
10723480,D4
10727361,D4
10727363,D4
10727366,D4
10727367,D4
10728450,D4
10731891,D4
10740379,D4
10744193,D4
10753292,D4
10753687,D4
10759742,D4
10773127,D4
10796952,D4
10801372,D4
10804325,D4
10813174,D4
10823259,D4
10828239,D4
10832299,D4
10836229,D4
10842147,D4
10842964,D4
10847569,D4
10855433,D4
10857310,D4
10868890,D4
10874903,D4
10883131,D4
10895333,D4
10904920,D4
10906300,D4
10906301,D4
10923547,D4
10923548,D4
10925487,D4
10943786,D4
10952455,D4
10955020,D4
10957698,D4
10977028,D4
10977029,D4
10977059,D4
10985877,D4
10986103,D4
10986610,D4
10987161,D4
10989578,D4
10997229,D4
11005529,D4
11011424,D4
11011798,D4
11029863,D4
11052296,D4
11054884,D4
11054894,D4
11062786,D4
11062789,D4
11062793,D4
11068220,D4
11093553,D4
11093554,D4
11093555,D4
11097446,D4
11105347,D4
11107477,D4
11110506,D4
11119015,D4
11121334,D4
11137919,D4
11137932,D4
11140282,D4
11141647,D4
11144062,D4
11147066,D4
11147390,D4
11148907,D4
11188818,D4
11191652,D4
11194246,D4
11194247,D4
11196328,D4
11196331,D4
11199431,D4
11205855,D4
11210615,D4
11210955,D4
11212404,D4
11213868,D4
11216013,D4
11221950,D4
11224635,D4
11227233,D4
11234938,D4
11236425,D4
11237784,D4
11239331,D4
11240527,D4
11241123,D4
11241124,D4
11247023,D4
11249285,D4
11251396,D4
11251677,D4
11253542,D4
11257020,D4
11263656,D4
11265079,D4
11280471,D4
11288237,D4
11296321,D4
11298620,D4
11303250,D4
11305736,D4
11307480,D4
11315817,D4
11315835,D4
11317677,D4
11318845,D4
11319418,D4
11319419,D4
11321999,D4
11331833,D4
11336363,D4
11344807,D4
11347743,D4
11347744,D4
11352518,D4
11370944,D4
11370946,D4
11382565,D4
11386113,D4
11387582,D4
11389429,D4
11403862,D4
11411002,D4
11420351,D4
11421187,D4
11432132,D4
11437864,D4
11447794,D4
11452344,D4
11465249,D4
11472044,D4
11472051,D4
11473082,D4
11482215,D4
11488056,D4
11488058,D4
11500678,D4
11501005,D4
11501387,D4
11516614,D4
11517697,D4
11522722,D4
11522723,D4
11524043,D4
11532414,D4
11545203,D4
11547224,D4
11552097,D4
11570148,D4
11574445,D4
11578295,D4
11589027,D4
11590582,D4
11593142,D4
11596169,D4
11668317,D4
11676078,D4
11676233,D4
11679626,D4
11681220,D4
11688283,D4
11695973,D4
11711323,D4
11716262,D4
11719840,D4
11722402,D4
11725559,D4
11734610,D4
11769045,D4
11769144,D4
11773668,D4
11784222,D4
11789470,D4
11789623,D4
11794110,D4
11794116,D4
11794117,D4
11794118,D4
11794122,D4
11794126,D4
11795123,D4
11795184,D4
11796792,D4
11799269,D4
11802132,D4
11802133,D4
11802134,D4
11806553,D4
11810940,D4
11813850,D4
11820168,D4
11820419,D4
11824297,D4
11827238,D4
11852378,D4
11853068,D4
11854727,D4
11854728,D4
11863330,D4
11869301,D4
11874424,D4
11874949,D4
11877697,D4
11877700,D4
11879719,D4
11881285,D4
11889748,D4
11890086,D4
11892730,D4
11900389,D4
11904812,D4
11905953,D4
11922729,D4
11923716,D4
11928593,D4
11929350,D4
11930474,D4
11933418,D4
11933482,D4
11941271,D4
11944278,D4
11957916,D4
11958009,D4
11972250,D4
11972254,D4
11977581,D4
11982517,D4
11997353,D4
12013288,D4
12013292,D4
12020332,D4
12021729,D4
12025921,D4
12027465,D4
12027466,D4
12039400,D4
12043929,D4
12061179,D4
12063921,D4
12064994,D4
12078134,D4
12079950,D4
12093063,D4
12096335,D4
12099961,D4
12110778,D4
12127845,D4
12132740,D4
12132742,D4
12132743,D4
12134724,D4
12136406,D4
12143943,D4
12148195,D4
12150108,D4
12170213,D4
12170214,D4
12183699,D4
12203942,D4
12215041,D4
12216144,D4
12221556,D4
12230677,D4
12231107,D4
12232532,D4
12233221,D4
12235605,D4
12237262,D4
12237267,D4
12244903,D4
12270002,D4
12322925,D4
12323173,D4
12323174,D4
12353406,D4
12359400,D4
12362825,D4
12368730,D4
12370639,D4
12370874,D4
12379386,D4
12394885,D4
12398145,D4
12402994,D4
12403668,D4
12405304,D4
12408274,D4
12420484,D4
12422326,D4
12422706,D4
12431143,D4
12440212,D4
12442524,D4
12451751,D4
12460724,D4
12472041,D4
12473543,D4
12500233,D4
12504941,D4
12508263,D4
12518117,D4
12522328,D4
12522704,D4
12522705,D4
12525772,D4
12525782,D4
12525787,D4
12525808,D4
12527849,D4
12534731,D4
12541020,D4
12546592,D4
12547887,D4
12547888,D4
12552473,D4
12552474,D4
12556541,D4
12563200,D4
12563213,D4
12578324,D4
12595975,D4
12599986,D4
12601609,D4
12603900,D4
12616356,D4
12616360,D4
12618724,D4
12623334,D4
12623787,D4
12629446,D4
12632557,D4
12640288,D4
12644972,D4
12644974,D4
12644975,D4
12645365,D4
12647039,D4
12647042,D4
12647045,D4
12647047,D4
12655947,D4
12656273,D4
12658887,D4
12659641,D4
12663981,D4
12663982,D4
12664046,D4
12669140,D4
12669145,D4
12669545,D4
12669680,D4
12672754,D4
12673852,D4
12675649,D4
12677760,D4
12704526,D4
12708188,D4
12713784,D4
12716801,D4
12736892,D4
12744136,D4
12744583,D4
12745042,D4
12750681,D4
12756313,D4
12756347,D4
12761690,D4
12764268,D4
12764274,D4
12766095,D4
12766111,D4
12766126,D4
12768873,D4
12778539,D4
12795011,D4
12800479,D4
12808530,D4
12811371,D4
12811383,D4
12811384,D4
12811946,D4
12819649,D4
12819650,D4
12829198,D4
12833328,D4
12844085,D4
12844099,D4
12845192,D4
12851596,D4
12852505,D4
12855030,D4
12858246,D4
12861951,D4
12868316,D4
12879285,D4
12882853,D4
12883610,D4
12886549,D4
12890169,D4
12891109,D4
12891110,D4
12901247,D4
12909814,D4
12913936,D4
12917998,D4
12932176,D4
12938826,D4
12942613,D4
12947272,D4
12947291,D4
12952154,D4
12954151,D4
12954823,D4
12958671,D4
12964221,D4
12964232,D4
12966307,D4
14501504,D4
14509508,D4
14510134,D4
14524519,D4
14532887,D4
14533037,D4
14533038,D4
14533039,D4
14533040,D4
14533517,D4
14578237,D4
14578277,D4
14581161,D4
14594438,D4
14603217,D4
14603424,D4
14605723,D4
14609788,D4
14610796,D4
14619092,D4
14626892,D4
14633829,D4
14635732,D4
14635740,D4
14636039,D4
14639567,D4
14639886,D4
14641646,D4
14643118,D4
14655892,D4
14673531,D4
14673533,D4
14679890,D4
14681634,D4
14707893,D4
14717932,D4
14718901,D4
14718903,D4
14718905,D4
14723375,D4
14725702,D4
14727339,D4
14743132,D4
14743136,D4
14752765,D4
14756654,D4
14764804,D4
14768773,D4
14870468,D4
14872254,D4
14969026,D4
14970914,D4
14974033,D4
14974958,D4
14981445,D4
14983155,D4
14991177,D4
14999033,D4
15008074,D4
15011108,D4
15015194,D4
15026718,D4
15026864,D4
15026963,D4
15027774,D4
15029103,D4
15032455,D4
15042492,D4
15049523,D4
15050177,D4
15051266,D4
15055083,D4
15061046,D4
15071430,D4
15078707,D4
15091006,D4
15106239,D4
15111518,D4
15111854,D4
15111856,D4
15111962,D4
15113781,D4
15128135,D4
15144305,D4
15145329,D4
15150814,D4
15151667,D4
15153819,D4
15154571,D4
15155530,D4
15156257,D4
15165931,D4
15168307,D4
15171574,D4
15174405,D4
15174629,D4
15174917,D4
15179329,D4
15179330,D4
15179332,D4
15179333,D4
15192492,D4
15192554,D4
15192568,D4
15199923,D4
15212398,D4
15218204,D4
15218463,D4
15220234,D4
15222510,D4
15234224,D4
15241775,D4
15250368,D4
15253256,D4
15260997,D4
15271720,D4
15277412,D4
15277413,D4
15279186,D4
15283829,D4
15284661,D4
15284808,D4
15285453,D4
15286320,D4
15286954,D4
15306983,D4
15306990,D4
15306991,D4
15306992,D4
15316601,D4
15316605,D4
15317076,D4
15317603,D4
15333484,D4
15343140,D4
15343560,D4
15346554,D4
15347919,D4
15350565,D4
15354633,D4
15354634,D4
15354642,D4
15354751,D4
15359141,D4
15362584,D4
15365518,D4
15379613,D4
15382389,D4
15382814,D4
15389982,D4
15455327,D4
15457362,D4
15461065,D4
15465366,D4
15468650,D4
15472602,D4
15472881,D4
15476418,D4
15487121,D4
15495611,D4
15498092,D4
15504998,D4
15505761,D4
15508401,D4
15515138,D4
15529240,D4
15529834,D4
15531204,D4
15532614,D4
15534777,D4
15536512,D4
15539004,D4
15541080,D4
15551638,D4
15555114,D4
15557904,D4
15557905,D4
15561550,D4
15566708,D4
15569642,D4
15584605,D4
15586529,D4
15592343,D4
15599475,D4
15602245,D4
15607391,D4
15609743,D4
15615198,D4
15615277,D4
15615351,D4
15622369,D4
15622938,D4
15626938,D4
15627791,D4
15631847,D4
15633172,D4
15635604,D4
15640408,D4
15641615,D4
15643422,D4
15652035,D4
15662547,D4
15671925,D4
15677773,D4
15677774,D4
15677817,D4
15680115,D4
15704316,D4
15704759,D4
15711493,D4
15714368,D4
15714369,D4
15719875,D4
15720919,D4
15725787,D4
15736633,D4
15737254,D4
15745841,D4
15747571,D4
15757315,D4
15759232,D4
15764927,D4
15765909,D4
15765913,D4
15768017,D4
15768026,D4
15779497,D4
15780133,D4
15810055,D4
15815739,D4
15818461,D4
15826552,D4
15828908,D4
15845661,D4
15853013,D4
15855189,D4
15855560,D4
15864479,D4
15878540,D4
15878543,D4
15886667,D4
15897445,D4
15902652,D4
15902890,D4
15906903,D4
15912038,D4
15914315,D4
15915315,D4
15919575,D4
15930937,D4
15932487,D4
15934585,D4
15936230,D4
15939635,D4
15944597,D4
15944598,D4
15952692,D4
15953040,D4
15957462,D4
15965868,D4
15968892,D4
15973808,D4
15973817,D4
15974523,D4
15976565,D4
15978439,D4
15999661,D4
15999664,D4
15999665,D4
16003603,D4
16012434,D4
16012456,D4
16014991,D4
16023389,D4
16028381,D4
16034919,D4
16042066,D4
16044925,D4
16049615,D4
16062046,D4
16084813,D4
16084958,D4
16098774,D4
16100095,D4
16102618,D4
16108858,D4
16110458,D4
16113808,D4
16114164,D4
16119285,D4
16126121,D4
16129177,D4
16139385,D4
16144073,D4
16163090,D4
16171586,D4
16171587,D4
16171590,D4
16176187,D4
16176228,D4
16176466,D4
16180779,D4
16184838,D4
16187255,D4
16196114,D4
16205848,D4
16215719,D4
16217945,D4
16223633,D4
16228807,D4
16228808,D4
16241092,D4
16242557,D4
16242559,D4
16242573,D4
16244282,D4
16254917,D4
16266420,D4
16283867,D4
16291047,D4
16291063,D4
16291065,D4
16291066,D4
16291067,D4
16292198,D4
16293426,D4
16301902,D4
16310693,D4
16310911,D4
16315832,D4
16324057,D4
16325694,D4
16331655,D4
16352987,D4
16357788,D4
16358133,D4
16371543,D4
16399564,D4
16400768,D4
16404811,D4
16414414,D4
16415726,D4
16425159,D4
16426803,D4
16426872,D4
16426873,D4
16427333,D4
16438068,D4
16444099,D4
16445313,D4
16445317,D4
16455269,D4
16456247,D4
16456602,D4
16467059,D4
16474298,D4
16475078,D4
16476067,D4
16476588,D4
16476607,D4
16476609,D4
16485207,D4
16488164,D4
16488631,D4
16498144,D4
16499806,D4
16500188,D4
16500190,D4
16505507,D4
16505542,D4
16506349,D4
16513375,D4
16513503,D4
16515229,D4
16515230,D4
16517263,D4
16517264,D4
16517348,D4
16518533,D4
16520727,D4
16535960,D4
16535964,D4
16542117,D4
16545705,D4
16567116,D4
16575667,D4
16575668,D4
16575674,D4
16586027,D4
16594169,D4
16598362,D4
16598366,D4
16599032,D4
16602471,D4
16612914,D4
16616232,D4
16616976,D4
16617028,D4
16620415,D4
16628855,D4
16641342,D4
16641716,D4
16649651,D4
16678703,D4
16680244,D4
16681535,D4
16681874,D4
16688066,D4
16689517,D4
16691088,D4
16697225,D4
16698909,D4
16722443,D4
16722884,D4
16730466,D4
16731996,D4
16732446,D4
16736340,D4
16750790,D4
16752346,D4
16752515,D4
16753476,D4
16753478,D4
16758177,D4
16765235,D4
16768331,D4
16768686,D4
16773490,D4
16775898,D4
16776576,D4
16779879,D4
16783802,D4
16784332,D4
16791454,D4
16796187,D4
16796965,D4
16800180,D4
16802210,D4
16805182,D4
16805750,D4
16818148,D4
16826815,D4
16828434,D4
16845979,D4
16858180,D4
16860142,D4
16860432,D4
16862041,D4
16865606,D4
16868329,D4
16872025,D4
16873780,D4
16873822,D4
16875331,D4
16878188,D4
16886836,D4
16890860,D4
16890885,D4
16894498,D4
16899191,D4
16906243,D4
16913314,D4
16918179,D4
16919212,D4
16928168,D4
16929537,D4
16932125,D4
16933507,D4
16934502,D4
16935010,D4
16935532,D4
16936595,D4
16936597,D4
16938605,D4
16941408,D4
16950425,D4
16952207,D4
16956473,D4
16956481,D4
16956486,D4
16967059,D4
16967065,D4
16968668,D4
16973027,D4
16977896,D4
16977898,D4
16984579,D4
16984580,D4
17000212,D4
17001469,D4
17001946,D4
17003302,D4
17007488,D4
17007627,D4
17011031,D4
17011900,D4
17038569,D4
17045890,D4
17054876,D4
17055689,D4
17058748,D4
17065676,D4
17066615,D4
17071182,D4
17071183,D4
17071186,D4
17074241,D4
17083885,D4
17086526,D4
17088789,D4
17097517,D4
17106350,D4
17111702,D4
17119533,D4
17122620,D4
17124820,D4
17131903,D4
17133923,D4
17140100,D4
17140101,D4
17140102,D4
17144121,D4
17144390,D4
17145425,D4
17145461,D4
17145462,D4
17152204,D4
17159869,D4
17192358,D4
17201348,D4
17205533,D4
17210382,D4
17227717,D4
17230322,D4
17243061,D4
17257801,D4
17264008,D4
17267260,D4
17267538,D4
17275245,D4
17275362,D4
17295014,D4
17295077,D4
17296318,D4
17299900,D4
17303366,D4
17303367,D4
17306950,D4
17309918,D4
17315606,D4
17315699,D4
17315700,D4
17316866,D4
17317454,D4
17319618,D4
17321349,D4
17322177,D4
17323017,D4
17329071,D4
17330686,D4
17330931,D4
17331868,D4
17332113,D4
17333063,D4
17336848,D4
17337900,D4
17341261,D4
17344197,D4
17347978,D4
17348466,D4
17349372,D4
17353853,D4
17356829,D4
17357221,D4
17357222,D4
17360186,D4
17361939,D4
17363691,D4
17366231,D4
17375501,D4
17382052,D4
17386365,D4
17386366,D4
17388846,D4
17395186,D4
17398379,D4
17398384,D4
17398385,D4
17398396,D4
17401283,D4
17405591,D4
17410064,D4
17416178,D4
17419004,D4
17425550,D4
17426682,D4
17426690,D4
17433732,D4
17436175,D4
17437974,D4
17437976,D4
17440701,D4
17447582,D4
17453264,D4
17457649,D4
17460932,D4
17461393,D4
17479172,D4
17481494,D4
17484091,D4
17489143,D4
17491495,D4
17499447,D4
17499967,D4
17503561,D4
17505432,D4
17505435,D4
17507693,D4
17515273,D4
17519428,D4
17530614,D4
17537119,D4
17538131,D4
17544035,D4
17559429,D4
17559430,D4
17565812,D4
17571217,D4
17572044,D4
17574878,D4
17576293,D4
17585256,D4
17595352,D4
17595814,D4
17598656,D4
17600656,D4
17600661,D4
17600663,D4
17600981,D4
17613386,D4
17613389,D4
17613392,D4
17613394,D4
17617094,D4
17631056,D4
17637515,D4
17642448,D4
17644108,D4
17644615,D4
17657379,D4
17658098,D4
17664105,D4
17665555,D4
17674909,D4
17681826,D4
17682582,D4
17689274,D4
17704340,D4
17713304,D4
17717445,D4
17727197,D4
17728100,D4
17763819,D4
17764878,D4
17765449,D4
17826562,D4
17847646,D4
17849958,D4
17885257,D4
17894017,D4
17901338,D4
17903651,D4
17903659,D4
17911068,D4
17914144,D4
17919944,D4
17920227,D4
17922992,D4
17923383,D4
17927789,D4
17931915,D4
17934144,D4
17934155,D4
17935551,D4
17936036,D4
17936420,D4
17942854,D4
17943683,D4
17947387,D4
17950564,D4
17950568,D4
17952750,D4
17953679,D4
17957951,D4
17960458,D4
17961158,D4
17967704,D4
17969566,D4
17972972,D4
17978292,D4
17979013,D4
17980281,D4
17980800,D4
17985283,D4
17992907,D4
18006421,D4
18022047,D4
18023557,D4
18027016,D4
18044759,D4
18044773,D4
18046066,D4
18048481,D4
18050644,D4
18052590,D4
18064333,D4
18065870,D4
18070261,D4
18071005,D4
18078662,D4
18087836,D4
18096362,D4
18154090,D4
18154621,D4
18154623,D4
18154625,D4
18154993,D4
18154995,D4
18154996,D4
18178459,D4
18192463,D4
18206213,D4
18212687,D4
18216381,D4
18220646,D4
18221334,D4
18227468,D4
18236105,D4
18239240,D4
18248395,D4
18254466,D4
18254670,D4
18261079,D4
18268064,D4
18272543,D4
18280436,D4
18293650,D4
18294874,D4
18295105,D4
18295107,D4
18296081,D4
18299441,D4
18303757,D4
18341523,D4
18343525,D4
18346154,D4
18346571,D4
18347130,D4
18348977,D4
18349456,D4
18351624,D4
18355797,D4
18356086,D4
18356087,D4
18356089,D4
18358670,D4
18362062,D4
18372147,D4
18372148,D4
18372150,D4
18379383,D4
18381154,D4
18383173,D4
18385975,D4
18386798,D4
18387781,D4
18388079,D4
18388666,D4
18389832,D4
18390800,D4
18390801,D4
18392302,D4
18395411,D4
18395414,D4
18400121,D4
18400330,D4
18406970,D4
18411027,D4
18411033,D4
18413176,D4
18413188,D4
18414818,D4
18414946,D4
18426266,D4
18431338,D4
18435672,D4
18441452,D4
18442166,D4
18443192,D4
18446629,D4
18453289,D4
18453846,D4
18455554,D4
18458050,D4
18461382,D4
18466814,D4
18466815,D4
18475172,D4
18482666,D4
18482667,D4
18483009,D4
18486577,D4
18487998,D4
18488857,D4
18488936,D4
18492421,D4
18496975,D4
18502081,D4
18502084,D4
18506126,D4
18506278,D4
18509701,D4
18512303,D4
18512304,D4
18514841,D4
18520195,D4
18522202,D4
18539988,D4
18540709,D4
18544261,D4
18579342,D4
18586441,D4
18589228,D4
18589232,D4
18589333,D4
18590897,D4
18593392,D4
18595541,D4
18596131,D4
18619778,D4
18622889,D4
18640812,D4
18640816,D4
18640817,D4
18646478,D4
18647759,D4
18654777,D4
18655290,D4
18657383,D4
18665112,D4
18668309,D4
18674461,D4
18677289,D4
18681140,D4
18681141,D4
18682014,D4
18687765,D4
18687766,D4
18690597,D4
18695465,D4
18701142,D4
18702020,D4
18705256,D4
18719880,D4
18724029,D4
18724135,D4
18725121,D4
18726955,D4
18727960,D4
18727964,D4
18729558,D4
18762534,D4
18762678,D4
18774671,D4
18784116,D4
18788420,D4
18793334,D4
18794698,D4
18800212,D4
18802888,D4
18805385,D4
18812064,D4
18815200,D4
18819308,D4
18822247,D4
18822249,D4
18826085,D4
18829221,D4
18829233,D4
18833156,D4
18839374,D4
18839852,D4
18845091,D4
18845104,D4
18847533,D4
18926215,D4
18926787,D4
18946859,D4
18949939,D4
18970978,D4
18974704,D4
18984775,D4
18985553,D4
18992666,D4
18993092,D4
19001192,D4
19003741,D4
19004146,D4
19008132,D4
19011309,D4
19026199,D4
19028063,D4
19036540,D4
19037626,D4
19039278,D4
19046203,D4
19046905,D4
19048220,D4
19050436,D4
19054698,D4
19065082,D4
19073308,D4
19073311,D4
19077654,D4
19078911,D4
19082277,D4
19083619,D4
19087795,D4
19096280,D4
19097667,D4
19102166,D4
19103541,D4
19103542,D4
19103988,D4
19108928,D4
19110397,D4
19112033,D4
19117631,D4
19118735,D4
19118756,D4
19128928,D4
19128934,D4
19129014,D4
19131351,D4
19144778,D4
19144780,D4
19147318,D4
19149307,D4
19155057,D4
19155607,D4
19175579,D4
19177877,D4
19179041,D4
19186617,D4
19190552,D4
19190554,D4
19198011,D4
19202523,D4
19213580,D4
19223137,D4
19223145,D4
19223609,D4
19224511,D4
19226478,D4
19228497,D4
19229799,D4
19231246,D4
19231253,D4
19235063,D4
19235064,D4
19235066,D4
19236836,D4
19240676,D4
19241912,D4
19241928,D4
19247012,D4
19258141,D4
19259925,D4
19259926,D4
19259927,D4
19259928,D4
19259929,D4
19259930,D4
19259931,D4
19259932,D4
19268768,D4
19268788,D4
19275463,D4
19280435,D4
19281520,D4
19291109,D4
19298931,D4
19298932,D4
19298934,D4
19298935,D4
19298937,D4
19301723,D4
19303992,D4
19317578,D4
19328013,D4
19328024,D4
19337700,D4
19341127,D4
19341885,D4
19344576,D4
19344580,D4
19344591,D4
19349222,D4
19353940,D4
19357044,D4
19358421,D4
19360870,D4
19364726,D4
19366816,D4
19366966,D4
19367244,D4
19375268,D4
19378841,D4
19378842,D4
19380391,D4
19382091,D4
19394549,D4
19394550,D4
19401970,D4
19410991,D4
19410998,D4
19423051,D4
19437837,D4
19443895,D4
19445774,D4
19446988,D4
19448384,D4
19448678,D4
19448795,D4
19456187,D4
19456188,D4
19470500,D4
19475408,D4
19476835,D4
19480744,D4
19480748,D4
19481407,D4
19486624,D4
19497500,D4
19497501,D4
19497502,D4
19497503,D4
19497507,D4
19500466,D4
19507551,D4
19508839,D4
19523624,D4
19530178,D4
19530181,D4
19534360,D4
19540404,D4
19543187,D4
19543190,D4
19543191,D4
19543192,D4
19543193,D4
19543194,D4
19543196,D4
19544425,D4
19563955,D4
19570689,D4
19577734,D4
19588300,D4
19592193,D4
19593302,D4
19593732,D4
19595538,D4
19595546,D4
19596597,D4
19602895,D4
19604593,D4
19606201,D4
19616774,D4
19616976,D4
19619923,D4
19624073,D4
19624074,D4
19624077,D4
19624079,D4
19628361,D4
19628537,D4
19629934,D4
19631865,D4
19631867,D4
19631900,D4
19632085,D4
19634585,D4
19635316,D4
19638516,D4
19640919,D4
19644269,D4
19648880,D4
19652230,D4
19652249,D4
19652250,D4
19652590,D4
19660893,D4
19660894,D4
19668147,D4
19679667,D4
19683883,D4
19688102,D4
19688364,D4
19688676,D4
19691217,D4
19697078,D4
19698308,D4
19703949,D4
19709146,D4
19714596,D4
19717854,D4
19720420,D4
19724009,D4
19726740,D4
19731315,D4
19734356,D4
19734834,D4
19736155,D4
19736637,D4
19736642,D4
19741578,D4
19747609,D4
19748214,D4
19748222,D4
19748224,D4
19748620,D4
19750842,D4
19757148,D4
19761102,D4
19765932,D4
19765948,D4
19767547,D4
19767555,D4
19769719,D4
19781499,D4
19781500,D4
19781501,D4
19781505,D4
19781506,D4
19785938,D4
19786239,D4
19789426,D4
19803257,D4
19806951,D4
19813534,D4
19816383,D4
19819793,D4
19823902,D4
19825822,D4
19828338,D4
19828418,D4
19828580,D4
19832720,D4
19837539,D4
19839152,D4
19841025,D4
19842730,D4
19842731,D4
19842732,D4
19844692,D4
19853229,D4
19853400,D4
19875009,D4
19882060,D4
19887193,D4
19889312,D4
19892516,D4
19896796,D4
19897335,D4
19900240,D4
19900785,D4
19906547,D4
19906551,D4
19910221,D4
19924392,D4
19925277,D4
19926545,D4
19929991,D4
19933991,D4
19934184,D4
19935589,D4
19937784,D4
19938784,D4
19939709,D4
19942598,D4
19955124,D4
19957178,D4
19966380,D4
19966560,D4
19995118,D4
19995119,D4
19998252,D4
19998255,D4
19999051,D4
20002635,D4
20003876,D4
20006800,D4
20006808,D4
20009789,D4
20013335,D4
20022126,D4
20022204,D4
20031722,D4
20045618,D4
20045628,D4
20045802,D4
20060334,D4
20067975,D4
20071201,D4
20080006,D4
20080422,D4
20081301,D4
20087287,D4
20087556,D4
20091595,D4
20091642,D4
20093550,D4
20098872,D4
20101647,D4
20101897,D4
20117502,D4
20121883,D4
20121897,D4
20122461,D4
20123279,D4
20123286,D4
20123288,D4
20123301,D4
20123302,D4
20123430,D4
20127309,D4
20134308,D4
20137988,D4
20141960,D4
20142004,D4
20149403,D4
20152756,D4
20153223,D4
20153667,D4
20158407,D4
20181612,D4
20181805,D4
20184051,D4
20186678,D4
20189118,D4
20189418,D4
20200304,D4
20202972,D4
20207619,D4
20216489,D4
20218402,D4
20237152,D4
20237360,D4
20299119,D4
20299267,D4
20303804,D4
20304581,D4
20306500,D4
20307477,D4
20338137,D4
20347683,D4
20354488,D4
20354489,D4
20354491,D4
20354493,D4
20356419,D4
20356863,D4
20357231,D4
20357367,D4
20357647,D4
20361407,D4
20362475,D4
20363108,D4
20364080,D4
20364754,D4
20367594,D4
20378075,D4
20385464,D4
20390270,D4
20394327,D4
20400436,D4
20400439,D4
20403955,D4
20409679,D4
20419875,D4
20421003,D4
20424223,D4
20427683,D4
20428023,D4
20432387,D4
20435258,D4
20435259,D4
20435260,D4
20435262,D4
20435263,D4
20446596,D4
20456908,D4
20458587,D4
20458948,D4
20464672,D4
20471934,D4
20472384,D4
20473990,D4
20478687,D4
20479951,D4
20483806,D4
20483808,D4
20488323,D4
20488328,D4
20488329,D4
20492632,D4
20500545,D4
20501061,D4
20505593,D4
20512089,D4
20515993,D4
20518006,D4
20522294,D4
20523282,D4
20529449,D4
20537650,D4
20541341,D4
20541345,D4
20541349,D4
20544632,D4
20562237,D4
20562608,D4
20570020,D4
20570516,D4
20576396,D4
20591601,D4
20598840,D4
20598851,D4
20599342,D4
20602648,D4
20615644,D4
20615645,D4
20617748,D4
20619586,D4
20619693,D4
20628069,D4
20631059,D4
20634234,D4
20635716,D4
20635730,D4
20636968,D4
20638228,D4
20654282,D4
20657544,D4
20658074,D4
20660889,D4
20661188,D4
20663437,D4
20663439,D4
20663444,D4
20665865,D4
20665866,D4
20671638,D4
20674766,D4
20675308,D4
20675324,D4
20675334,D4
20678878,D4
20679834,D4
20681764,D4
20682412,D4
20682413,D4
20682415,D4
20682416,D4
20682418,D4
20682419,D4
20682420,D4
20682421,D4
20691619,D4
20692789,D4
20692793,D4
20709482,D4
20717643,D4
20722748,D4
20724288,D4
20737390,D4
20739688,D4
20800987,D4
20801060,D4
20804022,D4
20804668,D4
20804926,D4
20804927,D4
20804928,D4
20804929,D4
20804936,D4
20804939,D4
20807872,D4
20810406,D4
20820781,D4
20822820,D4
20826289,D4
20828850,D4
20830549,D4
20831989,D4
20833865,D4
20834025,D4
20839344,D4
20843974,D4
20845163,D4
20847344,D4
20847345,D4
20847346,D4
20847347,D4
20847353,D4
20847354,D4
20847357,D4
20853371,D4
20860446,D4
20868385,D4
20869682,D4
20870674,D4
20883938,D4
20889296,D4
20889297,D4
20889298,D4
20920430,D4
20920431,D4
20920860,D4
20932714,D4
20934655,D4
20938099,D4
20938372,D4
20940249,D4
20957300,D4
20958796,D4
20960107,D4
20961774,D4
20963269,D4
20966451,D4
20966454,D4
20968110,D4
20974524,D4
20977813,D4
20981589,D4
21030104,D4
21030201,D4
21032883,D4
21035149,D4
21035693,D4
21035694,D4
21035703,D4
21035719,D4
21037432,D4
21050699,D4
21050990,D4
21050993,D4
21055976,D4
21057577,D4
21073089,D4
21073293,D4
21074037,D4
21088641,D4
21104623,D4
21124280,D4
21129906,D4
21130005,D4
21134956,D4
21135798,D4
21142478,D4
21142479,D4
21146343,D4
21158186,D4
21159594,D4
21160332,D4
21161738,D4
21163610,D4
21163675,D4
21172580,D4
21172585,D4
21172588,D4
21172944,D4
21184206,D4
21187214,D4
21194661,D4
21195637,D4
21200287,D4
21200288,D4
21200304,D4
21200305,D4
21205941,D4
21211929,D4
21211975,D4
21215565,D4
21215567,D4
21216682,D4
21218748,D4
21219424,D4
21219425,D4
21219430,D4
21220412,D4
21221504,D4
21222310,D4
21224520,D4
21241210,D4
21241966,D4
21242464,D4
21248670,D4
21257284,D4
21271556,D4
21276559,D4
21277148,D4
21280290,D4
21285390,D4
21288432,D4
21290560,D4
21292432,D4
21295886,D4
21314342,D4
21314343,D4
21314346,D4
21314347,D4
21315233,D4
21334173,D4
21338857,D4
21350401,D4
21351405,D4
21351406,D4
21354001,D4
21375844,D4
21384209,D4
21387789,D4
21395675,D4
21397441,D4
21421619,D4
21427651,D4
21427652,D4
21427653,D4
21427655,D4
21439769,D4
21444347,D4
21444604,D4
21444606,D4
21444608,D4
21447444,D4
21448643,D4
21448824,D4
21455640,D4
21459535,D4
21462595,D4
21463785,D4
21466901,D4
21478247,D4
21480971,D4
21489930,D4
21494517,D4
21494998,D4
21497320,D4
21500183,D4
21501982,D4
21505158,D4
21510361,D4
21514113,D4
21514773,D4
21514777,D4
21514854,D4
21521057,D4
21521475,D4
21527963,D4
21531527,D4
21531528,D4
21540432,D4
21546890,D4
21549922,D4
21549939,D4
21550582,D4
21554394,D4
21556078,D4
21561305,D4
21567880,D4
21570647,D4
21570870,D4
21571490,D4
21571495,D4
21571552,D4
21571781,D4
21574351,D4
21577193,D4
21590593,D4
21593299,D4
21595626,D4
21600454,D4
21618211,D4
21618859,D4
21620611,D4
21620666,D4
21621432,D4
21621833,D4
21621834,D4
21622485,D4
21631279,D4
21631901,D4
21632264,D4
21636240,D4
21641181,D4
21642824,D4
21649569,D4
21649781,D4
21658885,D4
21663821,D4
21669863,D4
21669864,D4
21671823,D4
21673466,D4
21674892,D4
21679080,D4
21680728,D4
21681544,D4
21684715,D4
21692843,D4
21693383,D4
21693441,D4
21705190,D4
21712183,D4
21716220,D4
21716224,D4
21716303,D4
21722787,D4
21723070,D4
21727875,D4
21735793,D4
21742451,D4
21747354,D4
21751622,D4
21757372,D4
21757494,D4
21776026,D4
21780052,D4
21780623,D4
21788637,D4
21788878,D4
21792154,D4
21792155,D4
21792156,D4
21800035,D4
21802888,D4
21803228,D4
21803229,D4
21803523,D4
21805619,D4
21810802,D4
21813289,D4
21813414,D4
21821390,D4
21831588,D4
21840151,D4
21840153,D4
21841646,D4
21845468,D4
21847856,D4
21858792,D4
21867903,D4
21867904,D4
21871137,D4
21871416,D4
21872419,D4
21873346,D4
21873720,D4
21874770,D4
21880457,D4
21881685,D4
21884945,D4
21884946,D4
21893420,D4
21894138,D4
21900257,D4
21914680,D4
21916101,D4
21916102,D4
21922231,D4
21930995,D4
21933906,D4
21943802,D4
21943874,D4
21944633,D4
21944917,D4
21945332,D4
21946970,D4
21947143,D4
21948778,D4
21949231,D4
21949232,D4
21951607,D4
21951818,D4
21955263,D4
21958418,D4
21960325,D4
21972681,D4
21972719,D4
21975907,D4
21979793,D4
21983153,D4
21992631,D4
21994213,D4
21997985,D4
22001150,D4
22005634,D4
22008976,D4
22009541,D4
22012905,D4
22019554,D4
22023941,D4
22030884,D4
22035761,D4
22037162,D4
22040109,D4
22040848,D4
22040855,D4
22050877,D4
22051864,D4
22051874,D4
22051875,D4
22054709,D4
22055159,D4
22068143,D4
22071470,D4
22076030,D4
22078157,D4
22078294,D4
22079404,D4
22089061,D4
22090181,D4
22090182,D4
22099833,D4
22104261,D4
22112858,D4
22115502,D4
22115578,D4
22115579,D4
22121453,D4
22133651,D4
22137985,D4
22140318,D4
22146206,D4
22147886,D4
22149607,D4
22151429,D4
22156888,D4
22161427,D4
22162609,D4
22165062,D4
22168026,D4
22169682,D4
22172469,D4
22172473,D4
22172474,D4
22173083,D4
22176876,D4
22188940,D4
22196456,D4
22198938,D4
22207234,D4
22209608,D4
22209614,D4
22216805,D4
22221581,D4
22225456,D4
22226183,D4
22226187,D4
22226845,D4
22231523,D4
22231526,D4
22231527,D4
22231529,D4
22231530,D4
22231531,D4
22232325,D4
22233612,D4
22237509,D4
22240264,D4
22240338,D4
22246373,D4
22271721,D4
22271722,D4
22271731,D4
22271732,D4
22271740,D4
22275440,D4
22277685,D4
22278664,D4
22284776,D4
22284892,D4
22285343,D4
22285375,D4
22297583,D4
22299326,D4
22301210,D4
22304355,D4
22304863,D4
22305863,D4
22307195,D4
22307988,D4
22311595,D4
22313195,D4
22314214,D4
22321483,D4
22321872,D4
22325924,D4
22328618,D4
22329536,D4
22330628,D4
22334910,D4
22336859,D4
22338956,D4
22341514,D4
22342695,D4
22344984,D4
22345162,D4
22348368,D4
22352682,D4
22357163,D4
22360919,D4
22361676,D4
22365176,D4
22372584,D4
22373102,D4
22385577,D4
22395679,D4
22398645,D4
22401340,D4
22402710,D4
22403126,D4
22406022,D4
22411624,D4
22429013,D4
22431493,D4
22431496,D4
22431826,D4
22433519,D4
22440579,D4
22445058,D4
22453769,D4
22459743,D4
22463944,D4
22465582,D4
22466982,D4
22472173,D4
22480762,D4
22490340,D4
22490790,D4
22496125,D4
22497655,D4
22497894,D4
22498564,D4
22502884,D4
22503433,D4
22504512,D4
22505398,D4
22511320,D4
22513029,D4
22513920,D4
22516530,D4
22517514,D4
22519229,D4
22520633,D4
22522410,D4
22528251,D4
22532334,D4
22533668,D4
22538109,D4
22546642,D4
22560307,D4
22560831,D4
22561521,D4
22571320,D4
22575073,D4
22575482,D4
22578187,D4
22579133,D4
22581757,D4
22586946,D4
22589240,D4
22595148,D4
22595479,D4
22605682,D4
22606056,D4
22608039,D4
22616239,D4
22622617,D4
22623439,D4
22623446,D4
22623448,D4
22632996,D4
22641003,D4
22641917,D4
22655590,D4
22658773,D4
22661895,D4
22665920,D4
22677008,D4
22678535,D4
22682930,D4
22684379,D4
22686166,D4
22708150,D4
22711049,D4
22717357,D4
22732380,D4
22736396,D4
22747356,D4
22749265,D4
22749472,D4
22760271,D4
22773381,D4
22773383,D4
22786478,D4
22787569,D4
22788900,D4
22789486,D4
22813563,D4
22815299,D4
22817852,D4
22817854,D4
22817857,D4
22817859,D4
22817860,D4
22817861,D4
22817862,D4
22817863,D4
22818802,D4
22819618,D4
22825858,D4
22825864,D4
22826325,D4
22830148,D4
22830165,D4
22835563,D4
22836323,D4
22836334,D4
22836340,D4
22840342,D4
22840724,D4
22840897,D4
22840905,D4
22847822,D4
22854267,D4
22857961,D4
22858599,D4
22859991,D4
22863691,D4
22869247,D4
22871801,D4
22877866,D4
22878045,D4
22878046,D4
22880445,D4
22884250,D4
22885128,D4
22885610,D4
22890790,D4
22891824,D4
22891826,D4
22891833,D4
22895649,D4
22895650,D4
22900854,D4
22901510,D4
22904270,D4
22906244,D4
22911405,D4
22924579,D4
22929524,D4
22929665,D4
22929683,D4
22929684,D4
22929687,D4
22932654,D4
22934545,D4
22934553,D4
22938944,D4
22944159,D4
22944568,D4
22955555,D4
22962648,D4
22963815,D4
22965534,D4
22968240,D4
22968241,D4
22971807,D4
22972115,D4
22972725,D4
22973588,D4
22975333,D4
22982692,D4
22982696,D4
22990344,D4
22992555,D4
22995256,D4
22998787,D4
23001735,D4
23008987,D4
23011727,D4
23019056,D4
23026428,D4
23040530,D4
23040797,D4
23046320,D4
23050269,D4
23052056,D4
23054402,D4
23058724,D4
23062327,D4
23070104,D4
23072255,D4
23086099,D4
23086985,D4
23089961,D4
23092735,D4
23093116,D4
23094934,D4
23095148,D4
23098584,D4
23102001,D4
23103040,D4
23107298,D4
23116987,D4
23116989,D4
23120950,D4
23124278,D4
23126656,D4
23129040,D4
23129583,D4
23129734,D4
23130530,D4
23131715,D4
23134676,D4
23142939,D4
23152042,D4
23152043,D4
23156438,D4
23156442,D4
23158433,D4
23158785,D4
23158842,D4
23159476,D4
23159477,D4
23159906,D4
23160502,D4
23172729,D4
23173127,D4
23175929,D4
23183559,D4
23192918,D4
23192920,D4
23194999,D4
23196879,D4
23199855,D4
23210878,D4
23210880,D4
23210881,D4
23210882,D4
23212804,D4
23214272,D4
23217552,D4
23219512,D4
23233746,D4
23245925,D4
23266131,D4
23280992,D4
23291599,D4
23294924,D4
23298147,D4
23301391,D4
23303264,D4
23312839,D4
23312940,D4
23318613,D4
23321343,D4
23322233,D4
23324629,D4
23331831,D4
23332242,D4
23332244,D4
23332986,D4
23336851,D4
23342180,D4
23342183,D4
23342184,D4
23342185,D4
23342187,D4
23342188,D4
23342193,D4
23343667,D4
23344093,D4
23348531,D4
23350743,D4
23351646,D4
23351999,D4
23354127,D4
23357568,D4
23358605,D4
23374540,D4
23375603,D4
23375606,D4
23375608,D4
23375611,D4
23384323,D4
23386749,D4
23389094,D4
23390092,D4
23391602,D4
23396236,D4
23397827,D4
23408060,D4
23410652,D4
23412679,D4
23413060,D4
23413061,D4
23414550,D4
23419696,D4
23423696,D4
23425603,D4
23433944,D4
23440650,D4
23443599,D4
23443601,D4
23443604,D4
23445087,D4
23446366,D4
23448976,D4
23450547,D4
23451605,D4
23460106,D4
23464494,D4
23477260,D4
23478457,D4
23483231,D4
23493775,D4
23494607,D4
23497152,D4
23508396,D4
23518843,D4
23518848,D4
23518851,D4
23520292,D4
23523278,D4
23523284,D4
23526107,D4
23531659,D4
23533031,D4
23535039,D4
23535776,D4
23536429,D4
23537403,D4
23540680,D4
23540756,D4
23551696,D4
23552850,D4
23552886,D4
23580671,D4
23581752,D4
23582801,D4
23587134,D4
23587618,D4
23590722,D4
23591760,D4
23592164,D4
23605465,D4
23611711,D4
23617411,D4
23620237,D4
23620960,D4
23621979,D4
23622919,D4
23627823,D4
23628918,D4
23637276,D4
23640844,D4
23641737,D4
23657782,D4
23669195,D4
23675824,D4
23676134,D4
23683380,D4
23685523,D4
23690709,D4
23696069,D4
23714364,D4
23731469,D4
23735487,D4
23736076,D4
23738682,D4
23739660,D4
23739911,D4
23746556,D4
23755978,D4
23756936,D4
23766261,D4
23769941,D4
23771810,D4
23783430,D4
23789556,D4
23789566,D4
23790769,D4
23792625,D4
23797811,D4
23799676,D4
23805336,D4
23805339,D4
23805340,D4
23805341,D4
23805343,D4
23805345,D4
23810259,D4
23810876,D4
23822938,D4
23822940,D4
23822949,D4
23823861,D4
23823862,D4
23823921,D4
23830314,D4
23830315,D4
23837279,D4
23838564,D4
23843200,D4
23850116,D4
23853224,D4
23864133,D4
23865411,D4
23881815,D4
23881982,D4
23881983,D4
23881984,D4
23881985,D4
23887264,D4
23900387,D4
23900490,D4
23901365,D4
23908424,D4
23910736,D4
23911085,D4
23920085,D4
23921246,D4
23922167,D4
23924285,D4
23925790,D4
23932803,D4
23943167,D4
23953180,D4
23955465,D4
23966570,D4
23972437,D4
23972525,D4
23972526,D4
23972636,D4
23975668,D4
23977729,D4
23988544,D4
23989068,D4
23992892,D4
23992894,D4
23992901,D4
23992902,D4
23993107,D4
23993108,D4
23993439,D4
23996960,D4
24002385,D4
24002391,D4
24002392,D4
24003572,D4
24004460,D4
24005190,D4
24007756,D4
24011805,D4
24011813,D4
24011814,D4
24011817,D4
24012090,D4
24013531,D4
24019177,D4
24020425,D4
24021266,D4
24026878,D4
24035357,D4
24043670,D4
24043680,D4
24043681,D4
24045374,D4
24052447,D4
24058622,D4
24061027,D4
24062324,D4
24075105,D4
24080134,D4
24084265,D4
24084268,D4
24084272,D4
24092905,D4
24093325,D4
24097417,D4
24103293,D4
24103407,D4
24105925,D4
24111834,D4
24112482,D4
24118149,D4
24118695,D4
24124946,D4
24126108,D4
24126510,D4
24126512,D4
24130347,D4
24131086,D4
24131568,D4
24132761,D4
24139734,D4
24142135,D4
24142739,D4
24155171,D4
24155208,D4
24159714,D4
24160311,D4
24163934,D4
24170755,D4
24176264,D4
24176634,D4
24183246,D4
24183456,D4
24184092,D4
24184498,D4
24186882,D4
24189006,D4
24189007,D4
24200143,D4
24200145,D4
24212407,D4
24212408,D4
24220766,D4
24239203,D4
24246532,D4
24258352,D4
24260826,D4
24270686,D4
24275626,D4
24275752,D4
24286952,D4
24287235,D4
24287236,D4
24296021,D4
24296024,D4
24300022,D4
24300135,D4
24300476,D4
24300502,D4
24300602,D4
24300603,D4
24315908,D4
24315911,D4
24316166,D4
24316326,D4
24325697,D4
24330960,D4
24332183,D4
24332257,D4
24332258,D4
24333196,D4
24337244,D4
24342067,D4
24342447,D4
24342828,D4
24342831,D4
24355118,D4
24355275,D4
24357434,D4
24360240,D4
24360628,D4
24360634,D4
24361199,D4
24365081,D4
24368039,D4
24370082,D4
24370084,D4
24370498,D4
24371974,D4
24377196,D4
24377941,D4
24377943,D4
24382878,D4
24393279,D4
24393282,D4
24412085,D4
24414120,D4
24419861,D4
24425703,D4
24427807,D4
24429575,D4
24440184,D4
24446240,D4
24446250,D4
24447805,D4
24449975,D4
24456716,D4
24456918,D4
24461861,D4
24461870,D4
24462283,D4
24464598,D4
24471248,D4
24477689,D4
24486336,D4
24489723,D4
24491282,D4
24495325,D4
24502477,D4
24502481,D4
24502484,D4
24504570,D4
24507035,D4
24508927,D4
24510279,D4
24510319,D4
24517994,D4
24523130,D4
24524958,D4
24530571,D4
24530573,D4
24530714,D4
24530717,D4
24530785,D4
24533915,D4
24534085,D4
24552184,D4
24554684,D4
24558108,D4
24558906,D4
24559786,D4
24561209,D4
24564043,D4
24565937,D4
24571948,D4
24571949,D4
24573108,D4
24574344,D4
24574345,D4
24576980,D4
24587279,D4
24589135,D4
24613136,D4
24613692,D4
24613693,D4
24613785,D4
24622594,D4
24627321,D4
24629051,D4
24629990,D4
24637652,D4
24645225,D4
24645233,D4
24650744,D4
24650745,D4
24650747,D4
24654798,D4
24657067,D4
24657290,D4
24659623,D4
24659624,D4
24661896,D4
24662558,D4
24669000,D4
24670828,D4
24670829,D4
24670830,D4
24670831,D4
24674297,D4
24704047,D4
24704851,D4
24715679,D4
24718474,D4
24720142,D4
24720717,D4
24721799,D4
24722021,D4
24724108,D4
24726143,D4
24729201,D4
24738668,D4
24754284,D4
24766143,D4
24768359,D4
24768362,D4
24777463,D4
24785647,D4
24786725,D4
24791012,D4
24795153,D4
24796080,D4
24796898,D4
24796913,D4
24796921,D4
24806955,D4
24809835,D4
24814697,D4
24816510,D4
24819275,D4
24821715,D4
24823427,D4
24823436,D4
24824841,D4
24834582,D4
24841052,D4
24842351,D4
24845736,D4
24848499,D4
24855171,D4
24863077,D4
24863747,D4
24876445,D4
24877985,D4
24878953,D4
24879843,D4
24887827,D4
24887859,D4
24901580,D4
24911812,D4
24911902,D4
24915587,D4
24917407,D4
24926886,D4
24932951,D4
24935912,D4
24939079,D4
24941240,D4
24942386,D4
24951292,D4
24952297,D4
24953726,D4
24961339,D4
24962715,D4
24970664,D4
24972744,D4
24980076,D4
24984759,D4
24984839,D4
24985536,D4
24997807,D4
25000247,D4
25000442,D4
25004241,D4
25008059,D4
25008063,D4
25014093,D4
25017514,D4
25037559,D4
25037607,D4
25041620,D4
25043889,D4
25047700,D4
25047765,D4
25048499,D4
25049375,D4
25060042,D4
25060606,D4
25063903,D4
25069758,D4
25073577,D4
25075192,D4
25076082,D4
25080452,D4
25080883,D4
25082245,D4
25086735,D4
25092840,D4
25101576,D4
25106106,D4
25106444,D4
25112882,D4
25128314,D4
25130307,D4
25131755,D4
25135104,D4
25138035,D4
25139593,D4
25139597,D4
25139632,D4
25147039,D4
25156826,D4
25185970,D4
25194550,D4
25197069,D4
25200846,D4
25202757,D4
25209120,D4
25214365,D4
25216215,D4
25216216,D4
25225993,D4
25229372,D4
25234679,D4
25238725,D4
25239436,D4
25240302,D4
25241316,D4
25242270,D4
25244993,D4
25245744,D4
25252415,D4
25255238,D4
25256282,D4
25256285,D4
25256613,D4
25256632,D4
25262269,D4
25262270,D4
25264051,D4
25270409,D4
25281510,D4
25281532,D4
25282695,D4
25282696,D4
25283968,D4
25284992,D4
25289653,D4
25290786,D4
25290792,D4
25292418,D4
25300610,D4
25305420,D4
25313581,D4
25315792,D4
25319467,D4
25326447,D4
25326996,D4
25329176,D4
25330507,D4
25331072,D4
25336603,D4
25341299,D4
25344293,D4
25344769,D4
25346201,D4
25351136,D4
25354252,D4
25357146,D4
25368519,D4
25380097,D4
25384914,D4
25388827,D4
25389229,D4
25392090,D4
25393735,D4
25394958,D4
25398288,D4
25406231,D4
25407083,D4
25408010,D4
25409197,D4
25414157,D4
25428180,D4
25428268,D4
25429543,D4
25433283,D4
25433285,D4
25441673,D4
25441678,D4
25449005,D4
25449989,D4
25450125,D4
25451902,D4
25452083,D4
25453877,D4
25454654,D4
25456343,D4
25463341,D4
25464544,D4
25475072,D4
25477344,D4
25484156,D4
25484158,D4
25487246,D4
25490360,D4
25490370,D4
25498193,D4
25499305,D4
25502162,D4
25509436,D4
25512316,D4
25514250,D4
25515373,D4
25518210,D4
25518211,D4
25525690,D4
25528633,D4
25529456,D4
25540332,D4
25542618,D4
25543864,D4
25551288,D4
25567765,D4
25573978,D4
25579877,D4
25581966,D4
25595105,D4
25595113,D4
25595396,D4
25595401,D4
25596408,D4
25596672,D4
25601358,D4
25603421,D4
25606798,D4
25608648,D4
25614499,D4
25614500,D4
25614501,D4
25616822,D4
25623028,D4
25625913,D4
25638725,D4
25638739,D4
25644823,D4
25644825,D4
25650396,D4
25653244,D4
25656592,D4
25659653,D4
25661784,D4
25663149,D4
25665817,D4
25671933,D4
25675234,D4
25675744,D4
25677222,D4
25681945,D4
25682850,D4
25687718,D4
25692151,D4
25697577,D4
25698087,D4
25706113,D4
25716956,D4
25721067,D4
25721234,D4
25725279,D4
25726682,D4
25728744,D4
25729917,D4
25733218,D4
25747173,D4
25747344,D4
25752011,D4
25757991,D4
25765667,D4
25768067,D4
25770378,D4
25775674,D4
25775677,D4
25775680,D4
25784315,D4
25786331,D4
25791358,D4
25805870,D4
25809370,D4
25810233,D4
25812753,D4
25812755,D4
25812757,D4
25812761,D4
25812762,D4
25817047,D4
25819513,D4
25820640,D4
25840405,D4
25842279,D4
25846467,D4
25850572,D4
25861844,D4
25864042,D4
25866357,D4
25868607,D4
25868972,D4
25879550,D4
25882066,D4
25882653,D4
25883037,D4
25894404,D4
25898312,D4
25903093,D4
25911500,D4
25918879,D4
25920914,D4
25925843,D4
25943220,D4
25943451,D4
25943598,D4
25945909,D4
25946764,D4
25953015,D4
25957819,D4
25964290,D4
25966225,D4
25977470,D4
25978948,D4
25981083,D4
25982171,D4
26001322,D4
26001384,D4
26002782,D4
26002783,D4
26004327,D4
26004963,D4
26010494,D4
26012571,D4
26012891,D4
26017794,D4
26021976,D4
26022550,D4
26025478,D4
26026491,D4
26028463,D4
26028465,D4
26031674,D4
26033008,D4
26033012,D4
26036406,D4
26040080,D4
26044611,D4
26045461,D4
26072387,D4
26073828,D4
26075981,D4
26079165,D4
26082253,D4
26082356,D4
26082467,D4
26083360,D4
26084518,D4
26088618,D4
26092194,D4
26098325,D4
26098326,D4
26098890,D4
26100590,D4
26101134,D4
26106870,D4
26109628,D4
26129712,D4
26130760,D4
26134135,D4
26145725,D4
26145753,D4
26146970,D4
26152101,D4
26152105,D4
26152848,D4
26159475,D4
26164137,D4
26169463,D4
26170214,D4
26175569,D4
26187290,D4
26187323,D4
26187972,D4
26187973,D4
26190757,D4
26195561,D4
26202389,D4
26203063,D4
26204963,D4
26209578,D4
26215708,D4
26216409,D4
26216508,D4
26221977,D4
26223529,D4
26238006,D4
26238676,D4
26245919,D4
26247456,D4
26248037,D4
26248828,D4
26253349,D4
26254454,D4
26254822,D4
26256297,D4
26259738,D4
26263644,D4
26266472,D4
26269167,D4
26271128,D4
26271568,D4
26274912,D4
26276212,D4
26281044,D4
26283302,D4
26284378,D4
26286072,D4
26286074,D4
26287408,D4
26291743,D4
26294664,D4
26296189,D4
26296427,D4
26299991,D4
26304481,D4
26304488,D4
26314365,D4
26317258,D4
26322359,D4
26324151,D4
26332424,D4
26335994,D4
26336040,D4
26337619,D4
26340818,D4
26342129,D4
26342178,D4
26342204,D4
26344514,D4
26344936,D4
26353422,D4
26353821,D4
26361236,D4
26362632,D4
26369788,D4
26370745,D4
26372187,D4
26372190,D4
26384760,D4
26391460,D4
26397712,D4
26404203,D4
26409704,D4
26409842,D4
26412436,D4
26412437,D4
26432282,D4
26442951,D4
26446891,D4
26451965,D4
26452233,D4
26452590,D4
26452683,D4
26453672,D4
26453673,D4
26455728,D4
26460286,D4
26462536,D4
26462976,D4
26463900,D4
26476271,D4
26478562,D4
26482988,D4
26482991,D4
26482994,D4
26482995,D4
26482998,D4
26483000,D4
26484644,D4
26489379,D4
26489531,D4
26490754,D4
26492997,D4
26493253,D4
26509249,D4
26511056,D4
26516035,D4
26516626,D4
26518937,D4
26524206,D4
26526721,D4
26537165,D4
26537879,D4
26537950,D4
26540987,D4
26541067,D4
26549811,D4
26554441,D4
26560838,D4
26561588,D4
26563339,D4
26573976,D4
26574486,D4
26574754,D4
26576702,D4
26577658,D4
26584581,D4
26590707,D4
26602223,D4
26603542,D4
26603547,D4
26603862,D4
26603863,D4
26616501,D4
26616502,D4
26616505,D4
26620421,D4
26627317,D4
26627323,D4
26631773,D4
26632661,D4
26637465,D4
26637836,D4
26644145,D4
26647429,D4
26649816,D4
26652961,D4
26656344,D4
26663492,D4
26668023,D4
26668408,D4
26673293,D4
26675837,D4
26681436,D4
26684912,D4
26707661,D4
26707721,D4
26711367,D4
26726973,D4
26727787,D4
26731948,D4
26731949,D4
26740639,D4
26748691,D4
26749712,D4
26763256,D4
26763257,D4
26763715,D4
26764367,D4
26770047,D4
26796338,D4
26802295,D4
26802307,D4
26804365,D4
26804560,D4
26806233,D4
26806239,D4
26808765,D4
26809904,D4
26809905,D4
26813618,D4
26813619,D4
26813981,D4
26814723,D4
26823485,D4
26824745,D4
26826084,D4
26827081,D4
26830717,D4
26843355,D4
26850990,D4
26858079,D4
26860641,D4
26861113,D4
26862146,D4
26866804,D4
26869502,D4
26871392,D4
26875420,D4
26876113,D4
26878370,D4
26881254,D4
26884042,D4
26896272,D4
26897350,D4
26898398,D4
26905625,D4
26906555,D4
26907372,D4
26908409,D4
26912397,D4
26912525,D4
26912529,D4
26914126,D4
26914274,D4
26915012,D4
26916313,D4
26917499,D4
26918088,D4
26921003,D4
26922732,D4
26923155,D4
26924155,D4
26926934,D4
26936164,D4
26938169,D4
26940964,D4
26949846,D4
26949850,D4
26951999,D4
26961279,D4
26965501,D4
26965808,D4
26965823,D4
26967241,D4
26969355,D4
26983664,D4
26986710,D4
26994007,D4
26994008,D4
26994958,D4
26998493,D4
27000008,D4
27001401,D4
27004494,D4
27005751,D4
27005753,D4
27005756,D4
27007090,D4
27011337,D4
27012784,D4
27015337,D4
27016861,D4
27016876,D4
27016885,D4
27018676,D4
27019852,D4
27021379,D4
27021473,D4
27031281,D4
27034181,D4
27036309,D4
27038005,D4
27046796,D4
27050566,D4
27052673,D4
27062201,D4
27067609,D4
27069108,D4
27081864,D4
27090076,D4
27091620,D4
27094098,D4
27097213,D4
27099281,D4
27099285,D4
27100551,D4
27100552,D4
27103372,D4
27106919,D4
27113285,D4
27118161,D4
27119944,D4
27129071,D4
27130382,D4
27131439,D4
27131926,D4
27144893,D4
27155700,D4
27157294,D4
27159595,D4
27162221,D4
27167548,D4
27172529,D4
27177357,D4
27177700,D4
27177741,D4
27178094,D4
27184825,D4
27189770,D4
27190996,D4
27193308,D4
27194755,D4
27195520,D4
27197105,D4
27206471,D4
27206745,D4
27207678,D4
27207964,D4
27208046,D4
27210452,D4
27211285,D4
27217735,D4
27225697,D4
27226270,D4
27235843,D4
27236250,D4
27237403,D4
27237708,D4
27238998,D4
27250215,D4
27253221,D4
27255797,D4
27259483,D4
27264505,D4
27266116,D4
27266117,D4
27266118,D4
27272981,D4
27277135,D4
27282601,D4
27288105,D4
27288107,D4
27293053,D4
27310526,D4
27321326,D4
27321888,D4
27330729,D4
27332679,D4
27334482,D4
27335119,D4
27336333,D4
27336348,D4
27338831,D4
27342528,D4
27345511,D4
27354321,D4
27354323,D4
27357968,D4
27369291,D4
27369975,D4
27369976,D4
27374063,D4
27374064,D4
27379857,D4
27380993,D4
27386953,D4
27388440,D4
27402237,D4
27412946,D4
27421289,D4
27422213,D4
27423726,D4
27423989,D4
27423991,D4
27423995,D4
27427216,D4
27427343,D4
27427347,D4
27427354,D4
27428499,D4
27428500,D4
27428720,D4
27431426,D4
27432201,D4
27436174,D4
27437920,D4
27440713,D4
27441570,D4
27442676,D4
27442683,D4
27443839,D4
27444365,D4
27446962,D4
27455888,D4
27457645,D4
27457646,D4
27457647,D4
27457648,D4
27459490,D4
27459762,D4
27469295,D4
27473129,D4
27473779,D4
27474195,D4
27475711,D4
27478005,D4
27487677,D4
27490003,D4
27495905,D4
27496697,D4
27498056,D4
27499285,D4
27502138,D4
27502469,D4
27504557,D4
27509330,D4
27516186,D4
27524708,D4
27530339,D4
27531079,D4
27531088,D4
27531097,D4
27532755,D4
27539693,D4
27542591,D4
27542922,D4
27546850,D4
27546851,D4
27550651,D4
27551978,D4
27553085,D4
27554688,D4
27555884,D4
27556759,D4
27556761,D4
27558463,D4
27560472,D4
27565588,D4
27566812,D4
27569717,D4
27573020,D4
27573147,D4
27575045,D4
27575302,D4
27575308,D4
27575813,D4
27575816,D4
27581112,D4
27590190,D4
27590533,D4
27592734,D4
27592736,D4
27594393,D4
27594571,D4
27612499,D4
27626257,D4
27626262,D4
27634922,D4
27640871,D4
27659472,D4
27659473,D4
27659572,D4
27663555,D4
27666444,D4
27667151,D4
27670653,D4
27681811,D4
27687299,D4
27687301,D4
27693605,D4
27694302,D4
27696694,D4
27707633,D4
27708143,D4
27714504,D4
27716556,D4
27718386,D4
27723246,D4
27723258,D4
27723695,D4
27733016,D4
27733020,D4
27733731,D4
27745943,D4
27749018,D4
27751708,D4
27751735,D4
27751738,D4
27758848,D4
27763265,D4
27763266,D4
27763271,D4
27765312,D4
27770080,D4
27786404,D4
27792855,D4
27793622,D4
27796479,D4
27826785,D4
27826790,D4
27832850,D4
27833403,D4
27838307,D4
27849290,D4
27857178,D4
27863366,D4
27863589,D4
27865638,D4
27869551,D4
27871493,D4
27871503,D4
27872317,D4
27876517,D4
27879958,D4
27881352,D4
27884648,D4
27887858,D4
27889202,D4
27894392,D4
27897738,D4
27901322,D4
27903479,D4
27908805,D4
27909207,D4
27910185,D4
27914820,D4
27916029,D4
27919605,D4
27919610,D4
27921154,D4
27923212,D4
27925475,D4
27925637,D4
27928034,D4
27928065,D4
27940896,D4
27940922,D4
27941057,D4
27956090,D4
27958688,D4
28007205,D4
28007206,D4
28018920,D4
28027725,D4
28027892,D4
28035696,D4
28041804,D4
28042626,D4
28044140,D4
28045341,D4
28049004,D4
28051243,D4
28056319,D4
28057289,D4
28057290,D4
28059972,D4
28067562,D4
28071959,D4
28073665,D4
28089406,D4
28096194,D4
28100126,D4
28103162,D4
28103735,D4
28103754,D4
28104214,D4
28104215,D4
28110761,D4
28114132,D4
28117007,D4
28118408,D4
28120507,D4
28126181,D4
28126182,D4
28131536,D4
28147898,D4
28150803,D4
28151868,D4
28153472,D4
28153676,D4
28155264,D4
28164133,D4
28165050,D4
28168957,D4
28189354,D4
28189475,D4
28190717,D4
28193286,D4
28193445,D4
28194903,D4
28199363,D4
28199377,D4
28203023,D4
28214067,D4
28215512,D4
28216361,D4
28236912,D4
28236913,D4
28236917,D4
28236921,D4
28236922,D4
28242396,D4
28258947,D4
28265729,D4
28271944,D4
28272013,D4
28274750,D4
28274753,D4
28277072,D4
28279723,D4
28283002,D4
28288436,D4
28288437,D4
28288686,D4
28292565,D4
28302263,D4
28321645,D4
28341493,D4
28342510,D4
28342514,D4
28349710,D4
28351204,D4
28351207,D4
28351310,D4
28353328,D4
28359593,D4
28365378,D4
28366300,D4
28368090,D4
28368897,D4
28376704,D4
28376797,D4
28384111,D4
28385410,D4
28385412,D4
28389295,D4
28395911,D4
28398564,D4
28399654,D4
28408154,D4
28410924,D4
28411244,D4
28417873,D4
28419788,D4
28421855,D4
28422865,D4
28424173,D4
28431865,D4
28433336,D4
28440113,D4
28441640,D4
28444845,D4
28450103,D4
28451812,D4
28458517,D4
28459181,D4
28461181,D4
28464014,D4
28465149,D4
28465288,D4
28466753,D4
28470108,D4
28471153,D4
28475445,D4
28476387,D4
28476396,D4
28478021,D4
28478165,D4
28479421,D4
28479423,D4
28479446,D4
28479452,D4
28479462,D4
28479467,D4
28483613,D4
28483627,D4
28495319,D4
28495537,D4
28497218,D4
28498862,D4
28500867,D4
28502546,D4
28502548,D4
28508349,D4
28513212,D4
28514130,D4
28516871,D4
28520087,D4
28521817,D4
28523994,D4
28526046,D4
28527727,D4
28527728,D4
28527729,D4
28527930,D4
28527931,D4
28541016,D4
28549963,D4
28559173,D4
28567229,D4
28571881,D4
28578624,D4
28581451,D4
28583719,D4
28584901,D4
28586594,D4
28587576,D4
28587797,D4
28587798,D4
28593656,D4
28594157,D4
28594443,D4
28594805,D4
28595883,D4
28595885,D4
28600024,D4
28602059,D4
28602580,D4
28602903,D4
28603176,D4
28606045,D4
28618729,D4
28646446,D4
28647199,D4
28647200,D4
28647629,D4
28647640,D4
28648324,D4
28648651,D4
28658333,D4
28666822,D4
28675915,D4
28682678,D4
28682679,D4
28682728,D4
28682731,D4
28689936,D4
28689942,D4
28689954,D4
28689956,D4
28693409,D4
28697694,D4
28697938,D4
28704149,D4
28707423,D4
28711864,D4
28712733,D4
28717067,D4
28718559,D4
28722354,D4
28739455,D4
28739459,D4
28739471,D4
28741197,D4
28741334,D4
28743226,D4
28753096,D4
28756043,D4
28760065,D4
28761352,D4
28765052,D4
28768089,D4
28768395,D4
28768396,D4
28774866,D4
28777906,D4
28780030,D4
28795882,D4
28795888,D4
28797662,D4
28799724,D4
28802698,D4
28807382,D4
28816217,D4
28817962,D4
28819879,D4
28822457,D4
28822655,D4
28822661,D4
28823866,D4
28835186,D4
28836900,D4
28838480,D4
28842073,D4
28844467,D4
28844470,D4
28846690,D4
28847658,D4
28850422,D4
28855167,D4
28865844,D4
28865989,D4
28866377,D4
28872035,D4
28884985,D4
28887250,D4
28887251,D4
28887264,D4
28890062,D4
28890068,D4
28895369,D4
28902814,D4
28902825,D4
28911921,D4
28914827,D4
28915308,D4
28922142,D4
28924874,D4
28930039,D4
28930040,D4
28938905,D4
28942411,D4
28943004,D4
28943485,D4
28943491,D4
28947228,D4
28951878,D4
28951963,D4
28958476,D4
28964617,D4
28965798,D4
28968346,D4
28971322,D4
28974660,D4
28976723,D4
28976832,D4
28979615,D4
28980181,D4
28987901,D4
29020882,D4
29023974,D4
29032905,D4
29050629,D4
29050631,D4
29052949,D4
29056746,D4
29057545,D4
29057728,D4
29060148,D4
29060787,D4
29062347,D4
29063607,D4
29065790,D4
29068902,D4
29074815,D4
29076053,D4
29083500,D4
29086462,D4
29091033,D4
29091034,D4
29092990,D4
29100807,D4
29101132,D4
29101423,D4
29105577,D4
29107761,D4
29113452,D4
29120308,D4
29122449,D4
29126044,D4
29131751,D4
29132880,D4
29133201,D4
29133605,D4
29138198,D4
29141468,D4
29146579,D4
29148070,D4
29148242,D4
29150148,D4
29151893,D4
29153533,D4
29156160,D4
29162147,D4
29164682,D4
29166723,D4
29169544,D4
29169878,D4
29175037,D4
29176889,D4
29181413,D4
29187423,D4
29192527,D4
29200838,D4
29214670,D4
29214854,D4
29217446,D4
29217448,D4
29217672,D4
29220878,D4
29221836,D4
29224940,D4
29224944,D4
29240587,D4
29241843,D4
29246911,D4
29248237,D4
29248242,D4
29250834,D4
29264998,D4
29268902,D4
29271292,D4
29273187,D4
29273390,D4
29275511,D4
29276108,D4
29277484,D4
29284523,D4
29284534,D4
29288260,D4
29290494,D4
29291264,D4
29297636,D4
29305093,D4
29310882,D4
29312468,D4
29316689,D4
29317447,D4
29318581,D4
29324428,D4
29329771,D4
29330214,D4
29330260,D4
29332315,D4
29336904,D4
29348194,D4
29353999,D4
29355026,D4
29359671,D4
29360616,D4
29361966,D4
29363632,D4
29363894,D4
29370994,D4
29373203,D4
29377202,D4
29386474,D4
29393805,D4
29395424,D4
29402670,D4
29404750,D4
29411531,D4
29412312,D4
29413776,D4
29421428,D4
29428535,D4
29430887,D4
29439130,D4
29452630,D4
29457540,D4
29459014,D4
29466934,D4
29476898,D4
29477503,D4
29481942,D4
29481944,D4
29484958,D4
29486676,D4
29490953,D4
29495957,D4
29501595,D4
29502995,D4
29502998,D4
29503002,D4
29503004,D4
29504528,D4
29506779,D4
29506947,D4
29508321,D4
29518503,D4
29520814,D4
29520815,D4
29521041,D4
29525414,D4
29536612,D4
29537102,D4
29544659,D4
29547031,D4
29562828,D4
29563369,D4
29566422,D4
29566427,D4
29571226,D4
29576404,D4
29576595,D4
29578106,D4
29578432,D4
29580119,D4
29588132,D4
29588133,D4
29589075,D4
29595900,D4
29598891,D4
29599067,D4
29610126,D4
29615358,D4
29622543,D4
29622821,D4
29622905,D4
29642735,D4
29644884,D4
29648670,D4
29650265,D4
29653198,D4
29654408,D4
29655809,D4
29661291,D4
29664343,D4
29676400,D4
29680306,D4
29683074,D4
29683087,D4
29683088,D4
29683538,D4
29685259,D4
29685512,D4
29688197,D4
29688737,D4
29690818,D4
29691863,D4
29696678,D4
29697685,D4
29701409,D4
29703086,D4
29703224,D4
29716475,D4
29716476,D4
29726089,D4
29733065,D4
29756521,D4
29759039,D4
29770768,D4
29772326,D4
29772673,D4
29776002,D4
29776439,D4
29777746,D4
29777840,D4
29781963,D4
29786410,D4
29789123,D4
29789143,D4
29792018,D4
29793677,D4
29798766,D4
29802042,D4
29802073,D4
29804333,D4
29804736,D4
29804745,D4
29804922,D4
29805140,D4
29848939,D4
29852287,D4
29852805,D4
29856270,D4
29857262,D4
29859821,D4
29871782,D4
29873280,D4
29874368,D4
29879997,D4
29880323,D4
29885012,D4
29886205,D4
29886215,D4
29886216,D4
29909501,D4
29911291,D4
29923459,D4
29924773,D4
29926571,D4
29937289,D4
29938883,D4
29946364,D4
29953967,D4
29967952,D4
29968501,D4
29973108,D4
29981651,D4
29987332,D4
29992345,D4
29992515,D4
29996085,D4
29996720,D4
29996912,D4
30001912,D4
30003829,D4
30006322,D4
30006333,D4
30006336,D4
30009916,D4
30009936,D4
30010265,D4
30019194,D4
30019836,D4
30021493,D4
30021728,D4
30040290,D4
30043994,D4
30052851,D4
30053546,D4
30059194,D4
30059338,D4
30064844,D4
30072400,D4
30073871,D4
30081159,D4
30087510,D4
30095170,D4
30097544,D4
30099168,D4
30099169,D4
30099733,D4
30099812,D4
30101855,D4
30104096,D4
30105373,D4
30105937,D4
30105938,D4
30108008,D4
30108029,D4
30113593,D4
30114947,D4
30117397,D4
30119162,D4
30123407,D4
30126787,D4
30129109,D4
30129498,D4
30130484,D4
30134273,D4
30134277,D4
30135330,D4
30136224,D4
30144908,D4
30149847,D4
30155883,D4
30157719,D4
30166084,D4
30171278,D4
30172703,D4
30176260,D4
30180051,D4
30188335,D4
30191270,D4
30193552,D4
30193553,D4
30194829,D4
30195639,D4
30197053,D4
30213742,D4
30217705,D4
30217708,D4
30226498,D4
30235975,D4
30246546,D4
30248158,D4
30251924,D4
30256577,D4
30256588,D4
30257626,D4
30261758,D4
30261955,D4
30264937,D4
30272920,D4
30278262,D4
30286045,D4
30287209,D4
30287288,D4
30288938,D4
30290602,D4
30293885,D4
30300407,D4
30313085,D4
30321155,D4
30321164,D4
30321178,D4
30321911,D4
30328611,D4
30332970,D4
30336205,D4
30339899,D4
30342213,D4
30342218,D4
30354636,D4
30354784,D4
30359359,D4
30360838,D4
30369325,D4
30369411,D4
30371256,D4
30373350,D4
30380135,D4
30383989,D4
30383990,D4
30383993,D4
30385187,D4
30393063,D4
30393064,D4
30394507,D4
30398575,D4
30401590,D4
30409811,D4
30421286,D4
30425505,D4
30430504,D4
30441326,D4
30451092,D4
30455326,D4
30464136,D4
30465596,D4
30466371,D4
30466379,D4
30470369,D4
30470370,D4
30477334,D4
30496900,D4
30497859,D4
30497863,D4
30500631,D4
30511646,D4
30512411,D4
30512413,D4
30512414,D4
30517431,D4
30517549,D4
30526048,D4
30526427,D4
30528363,D4
30528411,D4
30531626,D4
30531751,D4
30531771,D4
30531779,D4
30534807,D4
30536919,D4
30553581,D4
30554974,D4
30557112,D4
30559030,D4
30563434,D4
30571594,D4
30573031,D4
30579443,D4
30580779,D4
30583781,D4
30583837,D4
30583891,D4
30583898,D4
30583904,D4
30589806,D4
30591004,D4
30591256,D4
30598355,D4
30599471,D4
30600172,D4
30603868,D4
30605638,D4
30606164,D4
30606663,D4
30611581,D4
30612550,D4
30616375,D4
30617989,D4
30618124,D4
30618346,D4
30632805,D4
30635050,D4
30636749,D4
30641715,D4
30646276,D4
30650949,D4
30653838,D4
30664225,D4
30675076,D4
30676507,D4
30677162,D4
30679009,D4
30683190,D4
30686676,D4
30697009,D4
30697470,D4
30697897,D4
30704267,D4
30704692,D4
30706755,D4
30714994,D4
30716108,D4
30718113,D4
30722718,D4
30722823,D4
30724119,D4
30726805,D4
30729727,D4
30731224,D4
30731233,D4
30739003,D4
30741077,D4
30747489,D4
30760156,D4
30761877,D4
30765253,D4
30767384,D4
30769064,D4
30769069,D4
30777685,D4
30777690,D4
30779095,D4
30784095,D4
30786974,D4
30791713,D4
30792023,D4
30794943,D4
30803415,D4
30819976,D4
30823912,D4
30824403,D4
30826247,D4
30827752,D4
30836452,D4
30838719,D4
30841767,D4
30843514,D4
30846089,D4
30846658,D4
30848205,D4
30850098,D4
30850287,D4
30850290,D4
30850298,D4
30852034,D4
30852037,D4
30852042,D4
30853385,D4
30855585,D4
30857798,D4
30860341,D4
30862415,D4
30864371,D4
30865292,D4
30868176,D4
30876642,D4
30876643,D4
30878011,D4
30878982,D4
30879396,D4
30886869,D4
30890091,D4
30905506,D4
30907798,D4
30910177,D4
30910496,D4
30910651,D4
30917698,D4
30917750,D4
30919710,D4
30920078,D4
30922740,D4
30922742,D4
30922745,D4
30922746,D4
30926421,D4
30927324,D4
30929097,D4
30929530,D4
30931726,D4
30939421,D4
30953392,D4
30954413,D4
30955402,D4
30967433,D4
30968713,D4
30969159,D4
30974342,D4
30985875,D4
30994473,D4
30994489,D4
30994602,D4
30994625,D4
30996384,D4
31001667,D4
31002414,D4
31004370,D4
31005554,D4
31023156,D4
31029273,D4
31031089,D4
31034949,D4
31054475,D4
31063045,D4
31068269,D4
31072790,D4
31075456,D4
31075461,D4
31075469,D4
31075473,D4
31077439,D4
31077770,D4
31078341,D4
31078668,D4
31079602,D4
31079608,D4
31079614,D4
31081494,D4
31089087,D4
31103674,D4
31106690,D4
31106692,D4
31109798,D4
31112022,D4
31113292,D4
31113463,D4
31113719,D4
31113720,D4
31114696,D4
31115702,D4
31118440,D4
31130420,D4
31131868,D4
31134619,D4
31135205,D4
31136501,D4
31141534,D4
31142496,D4
31147118,D4
31147126,D4
31147137,D4
31149986,D4
31150722,D4
31151867,D4
31153696,D4
31153700,D4
31155915,D4
31159976,D4
31163513,D4
31165658,D4
31166864,D4
31169818,D4
31170647,D4
31175047,D4
31182334,D4
31186100,D4
31187250,D4
31189843,D4
31195350,D4
31195825,D4
31200045,D4
31200047,D4
31200057,D4
31200059,D4
31201136,D4
31204218,D4
31204219,D4
31204595,D4
31207400,D4
31207664,D4
31214761,D4
31221539,D4
31223342,D4
31227298,D4
31228399,D4
31230866,D4
31231068,D4
31235085,D4
31235150,D4
31242104,D4
31245901,D4
31246256,D4
31257994,D4
31269542,D4
31272303,D4
31280589,D4
31280831,D4
31285068,D4
31287352,D4
31292312,D4
31293074,D4
31297775,D4
31303096,D4
31308641,D4
31308682,D4
31312321,D4
31316149,D4
31327305,D4
31327613,D4
31336544,D4
31336550,D4
31336551,D4
31339474,D4
31341203,D4
31345756,D4
31349053,D4
31349054,D4
31353270,D4
31357888,D4
31358046,D4
31371138,D4
31371431,D4
31375421,D4
31376536,D4
31376539,D4
31377491,D4
31378823,D4
31379081,D4
31391349,D4
31392312,D4
31394228,D4
31394242,D4
31395432,D4
31402084,D4
31409542,D4
31415395,D4
31419621,D4
31431784,D4
31436060,D4
31438802,D4
31439432,D4
31444562,D4
31448507,D4
31449955,D4
31456118,D4
31461761,D4
31468200,D4
31468824,D4
31473326,D4
31474400,D4
31476425,D4
31478408,D4
31479338,D4
31481423,D4
31481569,D4
31483747,D4
31485450,D4
31488300,D4
31489081,D4
31494265,D4
31495219,D4
31495677,D4
31500990,D4
31503255,D4
31506223,D4
31519512,D4
31536796,D4
31542768,D4
31543169,D4
31549527,D4
31551135,D4
31560939,D4
31563654,D4
31564580,D4
31564582,D4
31566320,D4
31568316,D4
31568341,D4
31568342,D4
31568843,D4
31581789,D4
31582427,D4
31582579,D4
31597226,D4
31603291,D4
31603294,D4
31605210,D4
31609482,D4
31610352,D4
31617395,D4
31626416,D4
31626417,D4
31626419,D4
31626926,D4
31626933,D4
31626938,D4
31629123,D4
31629839,D4
31629843,D4
31634609,D4
31639273,D4
31646376,D4
31652411,D4
31653609,D4
31653621,D4
31657299,D4
31667898,D4
31668243,D4
31669474,D4
31672435,D4
31674800,D4
31676181,D4
31676185,D4
31676331,D4
31676382,D4
31678127,D4
31678542,D4
31679669,D4
31685281,D4
31689722,D4
31698973,D4
31702570,D4
31705987,D4
31706801,D4
31708302,D4
31709886,D4
31713461,D4
31721437,D4
31722577,D4
31722699,D4
31723087,D4
31727457,D4
31727459,D4
31727460,D4
31732420,D4
31735265,D4
31735544,D4
31740283,D4
31743785,D4
31744357,D4
31744786,D4
31749415,D4
31749971,D4
31755948,D4
31756416,D4
31759618,D4
31761636,D4
31762305,D4
31769315,D4
31771373,D4
31773933,D4
31774010,D4
31782284,D4
31786218,D4
31801697,D4
31804035,D4
31804418,D4
31807849,D4
31808379,D4
31820543,D4
31823954,D4
31825767,D4
31825770,D4
31828156,D4
31833236,D4
31838925,D4
31839346,D4
31848165,D4
31850999,D4
31863946,D4
31863950,D4
31863953,D4
31866550,D4
31867854,D4
31870081,D4
31870563,D4
31870757,D4
31871827,D4
31878810,D4
31879146,D4
31879218,D4
31880355,D4
31882144,D4
31882305,D4
31882318,D4
31889657,D4
31897692,D4
31901360,D4
31901363,D4
31914940,D4
31915048,D4
31917126,D4
31917220,D4
31917224,D4
31918037,D4
31918998,D4
31923832,D4
31924527,D4
31931126,D4
31934928,D4
31935416,D4
31944530,D4
31948268,D4
31948675,D4
31954604,D4
31964311,D4
31964567,D4
31972901,D4
31977440,D4
31978485,D4
31980246,D4
31980248,D4
31983557,D4
31988064,D4
31989855,D4
31989856,D4
31990417,D4
31996023,D4
31996064,D4
31997714,D4
32003676,D4
32004635,D4
32007232,D4
32017374,D4
32027986,D4
32032924,D4
32035771,D4
32037920,D4
32044342,D4
32046698,D4
32056470,D4
32061455,D4
32061519,D4
32066314,D4
32067877,D4
32069107,D4
32073214,D4
32073772,D4
32075418,D4
32075489,D4
32079945,D4
32081236,D4
32081478,D4
32081479,D4
32085957,D4
32090122,D4
32090430,D4
32091343,D4
32098583,D4
32103970,D4
32109516,D4
32116344,D4
32124488,D4
32127314,D4
32128034,D4
32129693,D4
32132348,D4
32139308,D4
32139380,D4
32140731,D4
32148444,D4
32148765,D4
32160821,D4
32161048,D4
32165163,D4
32167029,D4
32172271,D4
32176442,D4
32180489,D4
32190703,D4
32191653,D4
32192509,D4
32195951,D4
32196452,D4
32205236,D4
32205544,D4
32208583,D4
32208983,D4
32209136,D4
32209405,D4
32209417,D4
32212046,D4
32219992,D4
32224037,D4
32224557,D4
32234573,D4
32240146,D4
32240153,D4
32241089,D4
32241599,D4
32242243,D4
32247061,D4
32249040,D4
32249170,D4
32250443,D4
32250992,D4
32253167,D4
32273232,D4
32276010,D4
32276015,D4
32276021,D4
32277523,D4
32278873,D4
32279895,D4
32281048,D4
32306742,D4
32312663,D4
32312664,D4
32312669,D4
32315474,D4
32321900,D4
32332556,D4
32334731,D4
32334777,D4
32335252,D4
32335521,D4
32338163,D4
32338478,D4
32338582,D4
32339678,D4
32339688,D4
32341044,D4
32341700,D4
32352675,D4
32354505,D4
32357135,D4
32359979,D4
32360115,D4
32360372,D4
32360679,D4
32360684,D4
32369857,D4
32376179,D4
32376180,D4
32376181,D4
32386343,D4
32392480,D4
32393479,D4
32398003,D4
32401473,D4
32402425,D4
32404168,D4
32414647,D4
32419593,D4
32419594,D4
32419595,D4
32419596,D4
32419597,D4
32428644,D4
32428645,D4
32431246,D4
32438865,D4
32439241,D4
32444454,D4
32446513,D4
32448021,D4
32469294,D4
32469296,D4
32471675,D4
32472995,D4
32473951,D4
32474142,D4
32474144,D4
32479418,D4
32489155,D4
32495681,D4
32495685,D4
32497745,D4
32502190,D4
32502677,D4
32505677,D4
32507455,D4
32508220,D4
32510602,D4
32512112,D4
32513221,D4
32518049,D4
32522035,D4
32524878,D4
32527579,D4
32532778,D4
32534656,D4
32538155,D4
32545366,D4
32552163,D4
32561241,D4
32567415,D4
32570255,D4
32571125,D4
32571283,D4
32571352,D4
32571562,D4
32574440,D4
32580632,D4
32583377,D4
32583749,D4
32589120,D4
32594670,D4
32594809,D4
32595060,D4
32597023,D4
32597320,D4
32598994,D4
32599110,D4
32602301,D4
32603907,D4
32615286,D4
32615798,D4
32618486,D4
32619921,D4
32621634,D4
32633651,D4
32633880,D4
32634567,D4
32639434,D4
32641254,D4
32651160,D4
32659417,D4
32659616,D4
32666871,D4
32668837,D4
32673190,D4
32675403,D4
32679273,D4
32690575,D4
32693707,D4
32703603,D4
32703650,D4
32707380,D4
32707381,D4
32707383,D4
32709465,D4
32709468,D4
32712853,D4
32718828,D4
32720698,D4
32723132,D4
32723844,D4
32729421,D4
32736023,D4
32738821,D4
32739218,D4
32739379,D4
32741310,D4
32743744,D4
32744425,D4
32747383,D4
32753875,D4
32755323,D4
32757902,D4
32759360,D4
32763119,D4
32763458,D4
32768278,D4
32768547,D4
32778491,D4
32778492,D4
32783123,D4
32790549,D4
32791540,D4
32794660,D4
32794661,D4
32794667,D4
32795222,D4
32798088,D4
32798206,D4
32800475,D4
32800883,D4
32804035,D4
32804425,D4
32807672,D4
32807673,D4
32807674,D4
32807678,D4
32812820,D4
32826167,D4
32828647,D4
32830053,D4
32831070,D4
32835790,D4
32838777,D4
32840061,D4
32843499,D4
32856516,D4
32856574,D4
32857716,D4
32859203,D4
32862980,D4
32866559,D4
32866570,D4
32866571,D4
32866579,D4
32866580,D4
32868020,D4
32869616,D4
32882351,D4
32885721,D4
32890722,D4
32891397,D4
32891746,D4
32891809,D4
32894432,D4
32900276,D4
32902126,D4
32903168,D4
32909530,D4
32912002,D4
32912761,D4
32917429,D4
32917487,D4
32921290,D4
32921564,D4
32924691,D4
32927042,D4
32927043,D4
32927045,D4
32928305,D4
32931678,D4
32931873,D4
32936828,D4
32942883,D4
32950415,D4
32951489,D4
32952073,D4
32972589,D4
32976721,D4
32977814,D4
32978051,D4
32980774,D4
32981918,D4
32986780,D4
32996406,D4
32996425,D4
32997098,D4
32998736,D4
32998870,D4
33002372,D4
33002552,D4
33007520,D4
33008686,D4
33008687,D4
33011496,D4
33016805,D4
33016845,D4
33016850,D4
33021061,D4
33023325,D4
33023453,D4
33025150,D4
33030116,D4
33031885,D4
33032494,D4
33032495,D4
33038480,D4
33040222,D4
33040583,D4
33040584,D4
33040585,D4
33044453,D4
33045850,D4
33045944,D4
33048798,D4
33054496,D4
33054680,D4
33055101,D4
33055233,D4
33064756,D4
33068768,D4
33075454,D4
33079597,D4
33079598,D4
33080324,D4
33081629,D4
33085185,D4
33086777,D4
33090947,D4
33091516,D4
33094679,D4
33100065,D4
33103459,D4
33103607,D4
33105947,D4
33106001,D4
33108889,D4
33109531,D4
33111637,D4
33115517,D4
33118466,D4
33124965,D4
33127249,D4
33132011,D4
33138899,D4
33139186,D4
33141883,D4
33143613,D4
33144352,D4
33146723,D4
33146729,D4
33148292,D4
33157389,D4
33161072,D4
33161780,D4
33170315,D4
33170500,D4
33175668,D4
33176048,D4
33181638,D4
33185116,D4
33190618,D4
33199760,D4
33200753,D4
33217346,D4
33218867,D4
33219118,D4
33220006,D4
33220744,D4
33225841,D4
33227468,D4
33229235,D4
33231141,D4
33237367,D4
33241775,D4
33244905,D4
33245064,D4
33248918,D4
33248934,D4
33253241,D4
33253875,D4
33256561,D4
33263651,D4
33263975,D4
33267644,D4
33277194,D4
33281026,D4
33288330,D4
33288650,D4
33289789,D4
33290625,D4
33293209,D4
33293253,D4
33307644,D4
33307645,D4
33308022,D4
33315208,D4
33316175,D4
33319539,D4
33323161,D4
33323684,D4
33325663,D4
33325735,D4
33332304,D4
33332312,D4
33332620,D4
33334671,D4
33334672,D4
33334673,D4
33340668,D4
33340694,D4
33347058,D4
33347998,D4
33349196,D4
33349551,D4
33352595,D4
33357355,D4
33358255,D4
33358346,D4
33358382,D4
33359329,D4
33359690,D4
33373768,D4
33373772,D4
33374009,D4
33375914,D4
33386921,D4
33388237,D4
33388250,D4
33388408,D4
33406850,D4
33407009,D4
33414173,D4
33422005,D4
33423910,D4
33431598,D4
33435742,D4
33435942,D4
33435997,D4
33436028,D4
33436337,D4
33436400,D4
33443339,D4
33451251,D4
33451819,D4
33454224,D4
33459141,D4
33460607,D4
33463145,D4
33468226,D4
33472228,D4
33472497,D4
33478353,D4
33480296,D4
33481033,D4
33484084,D4
33485519,D4
33491572,D4
33492205,D4
33496158,D4
33496424,D4
33497545,D4
33500105,D4
33500313,D4
33500533,D4
33511218,D4
33511922,D4
33512862,D4
33522836,D4
33527684,D4
33531180,D4
33532611,D4
33533936,D4
33535912,D4
33541110,D4
33547497,D4
33548420,D4
33548436,D4
33548441,D4
33548444,D4
33549424,D4
33549455,D4
33549777,D4
33550918,D4
33551445,D4
33556512,D4
33556531,D4
33556651,D4
33563693,D4
33563735,D4
33576276,D4
33576308,D4
33583708,D4
33587553,D4
33587691,D4
33591644,D4
33596967,D4
33599142,D4
33600928,D4
33600930,D4
33602047,D4
33606340,D4
33606966,D4
33606967,D4
33612082,D4
33624819,D4
33629648,D4
33630439,D4
33630476,D4
33635043,D4
33637022,D4
33639945,D4
33640389,D4
33640391,D4
33647412,D4
33647436,D4
33647437,D4
33648767,D4
33648846,D4
33651185,D4
33653663,D4
33660496,D4
33660497,D4
33666765,D4
33667437,D4
33668243,D4
33674157,D4
33685287,D4
33685832,D4
33688759,D4
33690250,D4
33690251,D4
33690723,D4
33690915,D4
33691547,D4
33692625,D4
33703962,D4
33705430,D4
33706166,D4
33719646,D4
33730179,D4
33733963,D4
33734081,D4
33739189,D4
33745353,D4
33752981,D4
33755918,D4
33757634,D4
33757636,D4
33772082,D4
33775749,D4
33777432,D4
33783587,D4
33786599,D4
33789557,D4
33792004,D4
33796191,D4
33797791,D4
33804430,D4
33813024,D4
33819581,D4
33819584,D4
33819585,D4
33819591,D4
33819592,D4
33819598,D4
33819600,D4
33823258,D4
33824141,D4
33825316,D4
33825331,D4
33825576,D4
33825577,D4
33825578,D4
33825725,D4
33825747,D4
33827802,D4
33829996,D4
33830047,D4
33831519,D4
33836779,D4
33843364,D4
33844738,D4
33845170,D4
33845697,D4
33846075,D4
33849748,D4
33852467,D4
33853367,D4
33854887,D4
33862207,D4
33865949,D4
33866936,D4
33870675,D4
33872358,D4
33872634,D4
33881379,D4
33882737,D4
33885933,D4
33899199,D4
33901740,D4
33903018,D4
33904946,D4
33905853,D4
33905854,D4
33905868,D4
33905869,D4
33906558,D4
33908162,D4
33910574,D4
33914695,D4
33916055,D4
33919683,D4
33929522,D4
33932282,D4
33938106,D4
33938122,D4
33940068,D4
33940070,D4
33940077,D4
33942178,D4
33947287,D4
33948700,D4
33951518,D4
33951523,D4
33951526,D4
33951529,D4
33951533,D4
33955156,D4
33957523,D4
33957619,D4
33960308,D4
33960955,D4
33973817,D4
33980466,D4
33983061,D4
33992721,D4
33993204,D4
33998907,D4
34002844,D4
34004125,D4
34008448,D4
34008931,D4
34011027,D4
34015392,D4
34016412,D4
34016616,D4
34016935,D4
34018401,D4
34019990,D4
34023428,D4
34024706,D4
34028304,D4
34029036,D4
34032469,D4
34039466,D4
34039832,D4
34043672,D4
34044096,D4
34047626,D4
34052213,D4
34056973,D4
34057276,D4
34059410,D4
34076565,D4
34085390,D4
34088615,D4
34090781,D4
34090986,D4
34090989,D4
34097103,D4
34108117,D4
34110899,D4
34110901,D4
34110907,D4
34112027,D4
34112572,D4
34112651,D4
34120323,D4
34120465,D4
34121439,D4
34131779,D4
34134560,D4
34137657,D4
34142540,D4
34142625,D4
34142879,D4
34142882,D4
34142897,D4
34148799,D4
34156661,D4
34156758,D4
34160890,D4
34169796,D4
34172392,D4
34173044,D4
34182023,D4
34182034,D4
34182035,D4
34182110,D4
34182111,D4
34182113,D4
34186554,D4
34219610,D4
34225631,D4
34226097,D4
34227886,D4
34229500,D4
34229673,D4
34233350,D4
34236155,D4
34236750,D4
34246613,D4
34253432,D4
34256590,D4
34256601,D4
34256628,D4
34261375,D4
34261483,D4
34264200,D4
34270195,D4
34272168,D4
34274219,D4
34280133,D4
34283801,D4
34284950,D4
34298121,D4
34301733,D4
34303598,D4
34303918,D4
34320842,D4
34325949,D4
34326002,D4
34329452,D4
34342786,D4
34350296,D4
34357879,D4
34362274,D4
34363329,D4
34364654,D4
34369064,D4
34376365,D4
34382847,D4
34387426,D4
34388427,D4
34389230,D4
34396865,D4
34398853,D4
34402324,D4
34403753,D4
34404707,D4
34410267,D4
34411183,D4
34411621,D4
34416840,D4
34418309,D4
34421048,D4
34428438,D4
34429609,D4
34431320,D4
34441023,D4
34448653,D4
34452615,D4
34462085,D4
34464311,D4
34464366,D4
34464727,D4
34465536,D4
34469231,D4
34470712,D4
34474129,D4
34478533,D4
34486390,D4
34491392,D4
34494137,D4
34498395,D4
34498990,D4
34501776,D4
34503743,D4
34506317,D4
34515432,D4
34515448,D4
34520110,D4
34521549,D4
34521940,D4
34528585,D4
34528589,D4
34528603,D4
34537348,D4
34541783,D4
34544306,D4
34544643,D4
34547940,D4
34554853,D4
34558975,D4
34558982,D4
34565333,D4
34565665,D4
34569374,D4
34580076,D4
34580507,D4
34587332,D4
34597783,D4
34600128,D4
34601045,D4
34602039,D4
34602211,D4
34607779,D4
34612569,D4
34617810,D4
34617824,D4
34622706,D4
34623191,D4
34625010,D4
34634419,D4
34636303,D4
34636693,D4
34642041,D4
34644139,D4
34644141,D4
34644632,D4
34644635,D4
34644639,D4
34644650,D4
34644651,D4
34653638,D4
34656718,D4
34656724,D4
34656726,D4
34658171,D4
34664345,D4
34665181,D4
34665904,D4
34670569,D4
34677040,D4
34684109,D4
34686093,D4
34686261,D4
34689431,D4
34689434,D4
34689439,D4
34692633,D4
34698428,D4
34705790,D4
34706553,D4
34711409,D4
34714167,D4
34715357,D4
34717614,D4
34742566,D4
34751542,D4
34755176,D4
34774371,D4
34775024,D4
34780943,D4
34780947,D4
34780951,D4
34780963,D4
34782230,D4
34782354,D4
34786692,D4
34793926,D4
34794339,D4
34794876,D4
34802303,D4
34802313,D4
34818691,D4
34825606,D4
34825802,D4
34836456,D4
34838640,D4
34839609,D4
34841885,D4
34844853,D4
34852898,D4
34854584,D4
34855530,D4
34861684,D4
34865445,D4
34866506,D4
34870561,D4
34872816,D4
34874570,D4
34875612,D4
34878313,D4
34879446,D4
34882000,D4
34883231,D4
34890754,D4
34896550,D4
34902465,D4
34902467,D4
34902471,D4
34904714,D4
34911624,D4
34916107,D4
34916145,D4
34921967,D4
34927446,D4
34928815,D4
34929620,D4
34930687,D4
34933110,D4
34935718,D4
34941433,D4
34953668,D4
34954033,D4
34954271,D4
34958256,D4
34962475,D4
34963426,D4
34964396,D4
34967230,D4
34974591,D4
34974945,D4
34985514,D4
34986684,D4
34992059,D4
34995741,D4
34998400,D4
35007329,D4
35023390,D4
35027271,D4
35040542,D4
35051586,D4
35056409,D4
35062130,D4
35066986,D4
35077212,D4
35080116,D4
35085747,D4
35085918,D4
35102749,D4
35103531,D4
35105193,D4
35108110,D4
35108551,D4
35108554,D4
35114067,D4
35114925,D4
35119214,D4
35129469,D4
35129740,D4
35131379,D4
35134893,D4
35138685,D4
35138964,D4
35141801,D4
35148575,D4
35148630,D4
35148849,D4
35149158,D4
35149160,D4
35166366,D4
35166610,D4
35168902,D4
35177249,D4
35179337,D4
35182663,D4
35184612,D4
35192129,D4
35195847,D4
35209756,D4
35211716,D4
35212568,D4
35213066,D4
35221244,D4
35225718,D4
35226573,D4
35227187,D4
35234432,D4
35239870,D4
35240693,D4
35247249,D4
35248440,D4
35253348,D4
35257914,D4
35257926,D4
35274985,D4
35277729,D4
35287512,D4
35290842,D4
35293247,D4
35300753,D4
35302329,D4
35303030,D4
35303132,D4
35303911,D4
35304297,D4
35305899,D4
35311392,D4
35314301,D4
35314304,D4
35315834,D4
35315918,D4
35322303,D4
35323948,D4
35334090,D4
35337751,D4
35342125,D4
35343272,D4
35352604,D4
35356834,D4
35358726,D4
35361096,D4
35365328,D4
35365390,D4
35365426,D4
35365781,D4
35387516,D4
35388642,D4
35390483,D4
35393087,D4
35395378,D4
35395676,D4
35398193,D4
35398194,D4
35398196,D4
35404153,D4
35404696,D4
35404713,D4
35409793,D4
35414445,D4
35415835,D4
35421192,D4
35426866,D4
35427738,D4
35428938,D4
35430387,D4
35432819,D4
35445317,D4
35446395,D4
35446698,D4
35450383,D4
35451345,D4
35451901,D4
35452409,D4
35452788,D4
35459370,D4
35462021,D4
35462785,D4
35465705,D4
35466931,D4
35470046,D4
35470048,D4
35472449,D4
35477285,D4
35481517,D4
35483615,D4
35484725,D4
35486542,D4
35487389,D4
35489046,D4
35489789,D4
35499109,D4
35503434,D4
35505335,D4
35506989,D4
35507077,D4
35527204,D4
35527498,D4
35531904,D4
35532800,D4
35533807,D4
35534928,D4
35537642,D4
35538646,D4
35543274,D4
35544320,D4
35550336,D4
35561892,D4
35561942,D4
35576864,D4
35577526,D4
35582923,D4
35583438,D4
35586779,D4
35587533,D4
35588170,D4
35589031,D4
35589034,D4
35590464,D4
35595207,D4
35595211,D4
35603755,D4
35604329,D4
35612597,D4
35637546,D4
35643595,D4
35644783,D4
35649289,D4
35653236,D4
35654353,D4
35658349,D4
35659488,D4
35670113,D4
35670290,D4
35671004,D4
35672104,D4
35672107,D4
35672109,D4
35672110,D4
35672111,D4
35672113,D4
35673949,D4
35674859,D4
35680042,D4
35687065,D4
35688779,D4
35695005,D4
35697236,D4
35697305,D4
35697308,D4
35705119,D4
35707730,D4
35707897,D4
35708045,D4
35709858,D4
35714224,D4
35714849,D4
35717355,D4
35723963,D4
35724488,D4
35730157,D4
35734915,D4
35738475,D4
35739040,D4
35746918,D4
35750375,D4
35760154,D4
35766298,D4
35768062,D4
35777672,D4
35780056,D4
35786131,D4
35787078,D4
35789369,D4
35791577,D4
35797257,D4
35797558,D4
35802311,D4
35802393,D4
35803456,D4
35803458,D4
35803459,D4
35809741,D4
35810955,D4
35811359,D4
35831635,D4
35832856,D4
35839160,D4
35839161,D4
35839481,D4
35840074,D4
35841393,D4
35842029,D4
35842264,D4
35842265,D4
35842543,D4
35848583,D4
35848872,D4
35850162,D4
35856615,D4
35858478,D4
35870674,D4
35881832,D4
35883198,D4
35886419,D4
35887276,D4
35902808,D4
35924359,D4
35926667,D4
35926785,D4
35926786,D4
35932076,D4
35934216,D4
35941316,D4
35945591,D4
35953002,D4
35962366,D4
35964145,D4
35972264,D4
35972512,D4
35973667,D4
35982338,D4
35987828,D4
36001702,D4
36004943,D4
36007776,D4
36016895,D4
36028441,D4
36029950,D4
36030780,D4
36031169,D4
36031358,D4
36036940,D4
36039044,D4
36042581,D4
36043955,D4
36049265,D4
36052409,D4
36053161,D4
36054437,D4
36055680,D4
36056475,D4
36058448,D4
36062475,D4
36062761,D4
36063661,D4
36065602,D4
36068595,D4
36069031,D4
36069831,D4
36084283,D4
36096550,D4
36096557,D4
36096558,D4
36096559,D4
36107573,D4
36107826,D4
36108823,D4
36113545,D4
36115035,D4
36115521,D4
36115522,D4
36142065,D4
36142551,D4
36146952,D4
36152445,D4
36156300,D4
36162626,D4
36164753,D4
36168745,D4
36170865,D4
36171587,D4
36174815,D4
36174918,D4
36180190,D4
36180191,D4
36180953,D4
36184913,D4
36189677,D4
36202325,D4
36215794,D4
36219616,D4
36222053,D4
36222086,D4
36223156,D4
36226666,D4
36226936,D4
36243474,D4
36244783,D4
36250877,D4
36251604,D4
36257842,D4
36259573,D4
36264748,D4
36267019,D4
36268567,D4
36272583,D4
36274575,D4
36285852,D4
36293667,D4
36301873,D4
36309996,D4
36318904,D4
36319996,D4
36320143,D4
36327256,D4
36327477,D4
36331098,D4
36332807,D4
36332876,D4
36334848,D4
36349589,D4
36354494,D4
36361092,D4
36366747,D4
36367801,D4
36367806,D4
36369412,D4
36377515,D4
36382873,D4
36395575,D4
36401240,D4
36401519,D4
36411967,D4
36415107,D4
36416199,D4
36416475,D4
36427626,D4
36435274,D4
36442707,D4
36442743,D4
36443037,D4
36446034,D4
36446938,D4
36458996,D4
36464091,D4
36471513,D4
36473688,D4
36476059,D4
36503021,D4
36503591,D4
36507794,D4
36515907,D4
36520811,D4
36524153,D4
36526086,D4
36534102,D4
36541126,D4
36541164,D4
36543723,D4
36544294,D4
36547018,D4
36547682,D4
36549472,D4
36549473,D4
36549479,D4
36550764,D4
36562796,D4
36563711,D4
36565249,D4
36565782,D4
36567540,D4
36571939,D4
36574522,D4
36575816,D4
36576076,D4
36577499,D4
36580046,D4
36581012,D4
36584906,D4
36592652,D4
36597244,D4
36606312,D4
36608743,D4
36609175,D4
36612876,D4
36628596,D4
36633545,D4
36634898,D4
36637105,D4
36639118,D4
36642169,D4
36643967,D4
36648167,D4
36648644,D4
36649215,D4
36651223,D4
36662036,D4
36681257,D4
36686461,D4
36692512,D4
36696536,D4
36697136,D4
36697137,D4
36700272,D4
36700658,D4
36715218,D4
36717038,D4
36718017,D4
36719423,D4
36720238,D4
36721971,D4
36726311,D4
36730343,D4
36732613,D4
36738597,D4
36740918,D4
36746270,D4
36746697,D4
36749662,D4
36749835,D4
36754247,D4
36754488,D4
36758910,D4
36759932,D4
36759936,D4
36762508,D4
36775016,D4
36791958,D4
36796585,D4
36804304,D4
36815526,D4
36815527,D4
36828135,D4
36849162,D4
36863489,D4
36863662,D4
36868461,D4
36870562,D4
36880697,D4
36883207,D4
36888982,D4
36889608,D4
36889632,D4
36889737,D4
36896724,D4
36897730,D4
36898509,D4
36904750,D4
36916478,D4
36918079,D4
36922851,D4
36924009,D4
36932011,D4
36933751,D4
36933979,D4
36939179,D4
36939229,D4
36940382,D4
36943022,D4
36943915,D4
36944390,D4
36948637,D4
36958892,D4
36958893,D4
36958897,D4
36958900,D4
36958903,D4
36958904,D4
36963297,D4
36972814,D4
36978268,D4
36984429,D4
36988592,D4
36988600,D4
37010808,D4
37019041,D4
37023916,D4
37026181,D4
37028588,D4
37029684,D4
37029977,D4
37039260,D4
37039830,D4
37039865,D4
37045700,D4
37051921,D4
37067388,D4
37068626,D4
37070690,D4
37072336,D4
37074700,D4
37074723,D4
37075836,D4
37076109,D4
37078985,D4
37078986,D4
37080286,D4
37081800,D4
37081813,D4
37084108,D4
37084676,D4
37086824,D4
37086905,D4
37088444,D4
37088446,D4
37093717,D4
37094929,D4
37095728,D4
37114642,D4
37124747,D4
37128865,D4
37134060,D4
37139338,D4
37139747,D4
37139993,D4
37141950,D4
37142119,D4
37142250,D4
37149216,D4
37150486,D4
37150644,D4
37151066,D4
37154387,D4
37157806,D4
37164605,D4
37169135,D4
37169246,D4
37183692,D4
37186649,D4
37187286,D4
37191239,D4
37192200,D4
37195758,D4
37201719,D4
37201761,D4
37207790,D4
37211818,D4
37212353,D4
37212776,D4
37216910,D4
37218158,D4
37220802,D4
37225280,D4
37227722,D4
37228238,D4
37229661,D4
37243927,D4
37244198,D4
37247690,D4
37247838,D4
37249001,D4
37260151,D4
37260153,D4
37264592,D4
37264617,D4
37270915,D4
37276171,D4
37276273,D4
37276541,D4
37276748,D4
37288498,D4
37293494,D4
37294226,D4
37301675,D4
37306219,D4
37314243,D4
37318428,D4
37318431,D4
37319007,D4
37327952,D4
37328950,D4
37329515,D4
37330236,D4
37330703,D4
37331812,D4
37339191,D4
37340728,D4
37343730,D4
37349195,D4
37350335,D4
37355019,D4
37355161,D4
37356875,D4
37369610,D4
37376875,D4
37379540,D4
37386427,D4
37394924,D4
37396178,D4
37399481,D4
37403337,D4
37407740,D4
37422253,D4
37435705,D4
37440514,D4
37453468,D4
37453586,D4
37455037,D4
37462258,D4
37464779,D4
37469062,D4
37469988,D4
37471351,D4
37479089,D4
37482478,D4
37482725,D4
37484574,D4
37493206,D4
37500000,D4
37505375,D4
37512011,D4
37524669,D4
37525542,D4
37526706,D4
37527690,D4
37532160,D4
37532569,D4
37532650,D4
37534781,D4
37536862,D4
37539634,D4
37540809,D4
37541557,D4
37542956,D4
37543355,D4
37544740,D4
37545174,D4
37547281,D4
37551800,D4
37552100,D4
37553759,D4
37555265,D4
37558145,D4
37560824,D4
37571496,D4
37606562,D4
37609709,D4
37612108,D4
37619917,D4
37622404,D4
37654086,D4
37656972,D4
37657686,D4
37659650,D4
37664860,D4
37674176,D4
37675778,D4
37675790,D4
37678642,D4
37678752,D4
37678850,D4
37681727,D4
37681894,D4
37698158,D4
37700617,D4
37702477,D4
37704093,D4
37717639,D4
37722513,D4
37724863,D4
37724984,D4
37724985,D4
37725569,D4
37727976,D4
37728000,D4
37728023,D4
37728082,D4
37733907,D4
37734438,D4
37737127,D4
37740111,D4
37741589,D4
37748727,D4
37750201,D4
37753592,D4
37753707,D4
37767878,D4
37770310,D4
37802138,D4
37802402,D4
37804391,D4
37804952,D4
37805731,D4
37805742,D4
37806215,D4
37806222,D4
37817510,D4
37837278,D4
37838217,D4
37838652,D4
37839526,D4
37844136,D4
37849322,D4
37853714,D4
37853746,D4
37858666,D4
37858669,D4
37861912,D4
37863620,D4
37867017,D4
37885211,D4
37890643,D4
37900068,D4
37906710,D4
37906825,D4
37910120,D4
37910598,D4
37914455,D4
37919171,D4
37919946,D4
37919968,D4
37922961,D4
37924865,D4
37924866,D4
37925301,D4
37925303,D4
37926138,D4
37931235,D4
37931803,D4
37933151,D4
37933456,D4
37934767,D4
37934870,D4
37937717,D4
37939747,D4
37941090,D4
37946321,D4
37946368,D4
37951098,D4
37951671,D4
37951759,D4
37952599,D4
37952602,D4
37964740,D4
37978877,D4
37981124,D4
37984325,D4
37986004,D4
37990555,D4
37990756,D4
37991409,D4
37995722,D4
37997627,D4
37999782,D4
38009322,D4
38009372,D4
38012083,D4
38027189,D4
38028971,D4
38030328,D4
38030589,D4
38043705,D4
38049939,D4
38049942,D4
38056700,D4
38058241,D4
38060412,D4
38070783,D4
38075059,D4
38078712,D4
38083889,D4
38084379,D4
38087693,D4
38095298,D4
38096570,D4
38101992,D4
38108023,D4
38111147,D4
38117168,D4
38122975,D4
38122976,D4
38126793,D4
38128695,D4
38129074,D4
38130044,D4
38139339,D4
38141957,D4
38142745,D4
38142961,D4
38146422,D4
38149885,D4
38152880,D4
38152882,D4
38154491,D4
38154493,D4
38164707,D4
38164900,D4
38165292,D4
38170077,D4
38170990,D4
38176961,D4
38180913,D4
38182107,D4
38183240,D4
38190927,D4
38214453,D4
38215952,D4
38224861,D4
38233183,D4
38240207,D4
38241452,D4
38244007,D4
38244642,D4
38245190,D4
38245433,D4
38264279,D4
38266807,D4
38272802,D4
38278371,D4
38286153,D4
38286678,D4
38288696,D4
38289463,D4
38293797,D4
38298002,D4
38301808,D4
38301852,D4
38307233,D4
38307234,D4
38310981,D4
38316811,D4
38320645,D4
38321790,D4
38325629,D4
38329832,D4
38332209,D4
38334045,D4
38334381,D4
38334716,D4
38337146,D4
38342801,D4
38345547,D4
38345882,D4
38349021,D4
38350775,D4
38357875,D4
38368997,D4
38369732,D4
38374102,D4
38377256,D4
38379242,D4
38387798,D4
38387800,D4
38387871,D4
38388128,D4
38389316,D4
38395341,D4
38395344,D4
38395348,D4
38401777,D4
38403177,D4
38403299,D4
38407000,D4
38409559,D4
38411009,D4
38413397,D4
38415647,D4
38417837,D4
38419162,D4
38426336,D4
38426365,D4
38427353,D4
38428452,D4
38428483,D4
38429875,D4
38431062,D4
38431199,D4
38432487,D4
38441067,D4
38446460,D4
38446563,D4
38447693,D4
38458361,D4
38458581,D4
38461443,D4
38470358,D4
38477240,D4
38479964,D4
38483388,D4
38491926,D4
38492729,D4
38493886,D4
38497521,D4
38501573,D4
38504634,D4
38504640,D4
38520367,D4
38522433,D4
38522583,D4
38523326,D4
38531354,D4
38537877,D4
38546034,D4
38546131,D4
38548391,D4
38548401,D4
38555180,D4
38558019,D4
38558251,D4
38565344,D4
38569161,D4
38570013,D4
38574694,D4
38575484,D4
38576290,D4
38577781,D4
38579910,D4
38579912,D4
38582201,D4
38582203,D4
38582210,D4
38582213,D4
38582218,D4
38583759,D4
38583763,D4
38584152,D4
38584181,D4
38588174,D4
38588331,D4
38588554,D4
38588891,D4
38588950,D4
38588955,D4
38588956,D4
38590247,D4
38593922,D4
38599292,D4
38599293,D4
38599479,D4
38599481,D4
38599488,D4
38599491,D4
38604318,D4
38604319,D4
38604500,D4
38604501,D4
38604699,D4
38606780,D4
38606923,D4
38607558,D4
38608966,D4
38613380,D4
38613833,D4
38616124,D4
38616461,D4
38618714,D4
38622944,D4
38636628,D4
38637390,D4
38639373,D4
38639376,D4
38643901,D4
38647656,D4
38649101,D4
38649103,D4
38649465,D4
38659343,D4
38659365,D4
38670323,D4
38685187,D4
38686799,D4
38687701,D4
38689203,D4
38695894,D4
38704714,D4
38714006,D4
38715518,D4
38718850,D4
38723913,D4
38729572,D4
38743516,D4
38747240,D4
38748515,D4
38751185,D4
38754723,D4
38758674,D4
38758675,D4
38758679,D4
38758687,D4
38758689,D4
38758848,D4
38760999,D4
38761111,D4
38772269,D4
38775342,D4
38780638,D4
38783728,D4
38794826,D4
38798059,D4
38810722,D4
38810726,D4
38811253,D4
38811860,D4
38815574,D4
38815902,D4
38815907,D4
38815911,D4
38815913,D4
38821469,D4
38821471,D4
38821472,D4
38821475,D4
38821479,D4
38822765,D4
38823529,D4
38824856,D4
38825036,D4
38826032,D4
38830436,D4
38833431,D4
38834142,D4
38836223,D4
38842587,D4
38848889,D4
38850543,D4
38851469,D4
38851710,D4
38854794,D4
38864979,D4
38865804,D4
38871066,D4
38871159,D4
38875354,D4
38876207,D4
38876208,D4
38880181,D4
38885784,D4
38887033,D4
38895834,D4
38896089,D4
38896848,D4
38898146,D4
38898525,D4
38904281,D4
38904578,D4
38904582,D4
38906366,D4
38906429,D4
38906432,D4
38908805,D4
38910161,D4
38912996,D4
38914349,D4
38922692,D4
38925339,D4
38941405,D4
38942374,D4
38944563,D4
38944681,D4
38950851,D4
38950852,D4
38950853,D4
38951877,D4
38954658,D4
38961561,D4
38963930,D4
38964708,D4
38968185,D4
38972364,D4
38972836,D4
38981532,D4
38982577,D4
38988213,D4
38990277,D4
39002606,D4
39005047,D4
39008277,D4
39009125,D4
39009126,D4
39009127,D4
39025281,D4
39025282,D4
39025612,D4
39032594,D4
39033396,D4
39033846,D4
39034155,D4
39038089,D4
39042958,D4
39044691,D4
39053730,D4
39058625,D4
39059628,D4
39059629,D4
39067506,D4
39067845,D4
39067849,D4
39069016,D4
39069069,D4
39069122,D4
39069494,D4
39075730,D4
39075755,D4
39079056,D4
39089772,D4
39091096,D4
39094256,D4
39096952,D4
39096953,D4
39099545,D4
39101503,D4
39105421,D4
39110079,D4
39111561,D4
39111587,D4
39113521,D4
39115507,D4
39120517,D4
39121903,D4
39121905,D4
39121906,D4
39126223,D4
39126793,D4
39141327,D4
39146746,D4
39148336,D4
39152003,D4
39158589,D4
39162050,D4
39182821,D4
39189053,D4
39189067,D4
39193872,D4
39196313,D4
39206670,D4
39208918,D4
39210667,D4
39210830,D4
39215621,D4
39216457,D4
39217619,D4
39218239,D4
39218296,D4
39219174,D4
39226237,D4
39227923,D4
39234958,D4
39235281,D4
39243174,D4
39245349,D4
39250639,D4
39252599,D4
39253902,D4
39260765,D4
39260766,D4
39265890,D4
39267269,D4
39279518,D4
39280008,D4
39287795,D4
39291605,D4
39299823,D4
39301992,D4
39303430,D4
39303862,D4
39303863,D4
39306446,D4
39313841,D4
39319424,D4
39320129,D4
39321895,D4
39323357,D4
39325956,D4
39328168,D4
39331747,D4
39332785,D4
39340796,D4
39341420,D4
39341563,D4
39341564,D4
39342445,D4
39343377,D4
39349239,D4
39353602,D4
39358920,D4
39362415,D4
39362676,D4
39364883,D4
39365192,D4
39366590,D4
39368637,D4
39375181,D4
39375237,D4
39376015,D4
39378758,D4
39382008,D4
39387438,D4
39389639,D4
39397484,D4
39413995,D4
39414180,D4
39414621,D4
39419322,D4
39419325,D4
39422238,D4
39422379,D4
39424175,D4
39426630,D4
39426667,D4
39426668,D4
39426669,D4
39426670,D4
39426674,D4
39427977,D4
39427980,D4
39428061,D4
39435756,D4
39435996,D4
39436212,D4
39437935,D4
39440838,D4
39440878,D4
39441392,D4
39442735,D4
39445708,D4
39447017,D4
39459505,D4
39463096,D4
39471077,D4
39477043,D4
39477641,D4
39486786,D4
39490459,D4
39494596,D4
39497533,D4
39499412,D4
39506269,D4
39512030,D4
39522570,D4
39522865,D4
39530741,D4
39536842,D4
39537768,D4
39540610,D4
39545964,D4
39546355,D4
39546433,D4
39562847,D4
39572676,D4
39578965,D4
39581313,D4
39581316,D4
39581319,D4
39585809,D4
39586532,D4
39607182,D4
39613273,D4
39615582,D4
39617624,D4
39627144,D4
39627985,D4
39629663,D4
39630560,D4
39636413,D4
39638100,D4
39643751,D4
39653431,D4
39658977,D4
39666310,D4
39667620,D4
39672264,D4
39673537,D4
39674550,D4
39675733,D4
39675850,D4
39676270,D4
39688733,D4
39692034,D4
39696917,D4
39711490,D4
39716425,D4
39718411,D4
39719390,D4
39719915,D4
39723637,D4
39725246,D4
39725308,D4
39735416,D4
39736381,D4
39736382,D4
39743157,D4
39746563,D4
39749477,D4
39749814,D4
39757110,D4
39757475,D4
39768881,D4
39773234,D4
39786470,D4
39792526,D4
39793417,D4
39797832,D4
39799790,D4
39809497,D4
39814116,D4
39814334,D4
39820878,D4
39825720,D4
39826656,D4
39828334,D4
39828435,D4
39834284,D4
39835482,D4
39840536,D4
39841083,D4
39846933,D4
39848463,D4
39855160,D4
39863278,D4
39864507,D4
39864511,D4
39864512,D4
39864513,D4
39864519,D4
39873225,D4
39874090,D4
39875339,D4
39878092,D4
39880284,D4
39881614,D4
39884509,D4
39894333,D4
39894555,D4
39895303,D4
39900332,D4
39902659,D4
39908968,D4
39909214,D4
39909234,D4
39910201,D4
39912424,D4
39912977,D4
39914756,D4
39914759,D4
39914761,D4
39924627,D4
39929316,D4
39950413,D4
39954451,D4
39961454,D4
39961578,D4
39977627,D4
39978489,D4
39981155,D4
39984140,D4
39984143,D4
39984669,D4
39988394,D4
39988761,D4
39993822,D4
40005394,D4
40007383,D4
40007394,D4
40012409,D4
40015448,D4
40015609,D4
40017153,D4
40024380,D4
40038865,D4
40049522,D4
40049853,D4
40051022,D4
40054603,D4
40054607,D4
40054791,D4
40056961,D4
40057269,D4
40057270,D4
40064290,D4
40070097,D4
40074031,D4
40079423,D4
40079716,D4
40079754,D4
40079776,D4
40079905,D4
40080656,D4
40080870,D4
40081527,D4
40081529,D4
40081530,D4
40084845,D4
40086917,D4
40086919,D4
40086921,D4
40086922,D4
40086924,D4
40086926,D4
40086927,D4
40087129,D4
40100058,D4
40100950,D4
40103245,D4
40103248,D4
40105569,D4
40113185,D4
40117513,D4
40118806,D4
40119820,D4
40122308,D4
40122312,D4
40122461,D4
40127714,D4
40129108,D4
40137441,D4
40137559,D4
40139429,D4
40147251,D4
40154929,D4
40154954,D4
40158753,D4
40167098,D4
40168463,D4
40176055,D4
40177778,D4
40184093,D4
40185174,D4
40187383,D4
40187385,D4
40188865,D4
40192089,D4
40192788,D4
40197259,D4
40201760,D4
40204031,D4
40204033,D4
40208193,D4
40209853,D4
40209865,D4
40209973,D4
40216200,D4
40220974,D4
40220975,D4
40222570,D4
40227921,D4
40229968,D4
40230640,D4
40233893,D4
40235423,D4
40236313,D4
40239762,D4
40239850,D4
40244635,D4
40250779,D4
40257241,D4
40262658,D4
40265592,D4
40266616,D4
40286288,D4
40286297,D4
40289101,D4
40289566,D4
40289631,D4
40293359,D4
40305532,D4
40311752,D4
40312049,D4
40314185,D4
40314192,D4
40317099,D4
40319930,D4
40320210,D4
40320291,D4
40325651,D4
40329515,D4
40329787,D4
40335138,D4
40348290,D4
40348292,D4
40349829,D4
40349836,D4
40349839,D4
40353292,D4
40365828,D4
40366061,D4
40381900,D4
40384368,D4
40390232,D4
40397457,D4
40401600,D4
40403435,D4
40404024,D4
40404043,D4
40404999,D4
40409432,D4
40414528,D4
40423664,D4
40423733,D4
40428785,D4
40434665,D4
40436131,D4
40441424,D4
40447036,D4
40447038,D4
40448415,D4
40449885,D4
40452168,D4
40452558,D4
40458837,D4
40462388,D4
40464723,D4
40467023,D4
40473003,D4
40473289,D4
40480618,D4
40482890,D4
40484062,D4
40484576,D4
40488760,D4
40490414,D4
40492638,D4
40498478,D4
40511625,D4
40513526,D4
40517848,D4
40532227,D4
40537231,D4
40538344,D4
40539752,D4
40541043,D4
40541620,D4
40541773,D4
40543573,D4
40545127,D4
40545698,D4
40548585,D4
40551340,D4
40553840,D4
40560369,D4
40560644,D4
40563207,D4
40566874,D4
40571591,D4
40580059,D4
40580162,D4
40581192,D4
40582454,D4
40582461,D4
40583408,D4
40586349,D4
40589084,D4
40590732,D4
40601126,D4
40602599,D4
40607710,D4
40608361,D4
40611722,D4
40614060,D4
40614621,D4
40618832,D4
40620210,D4
40621070,D4
40622101,D4
40623494,D4
40626723,D4
40628923,D4
40631724,D4
40632780,D4
40633790,D4
40633791,D4
40639710,D4
40639747,D4
40645565,D4
40645569,D4
40645575,D4
40651525,D4
40651526,D4
40652397,D4
40652732,D4
40653123,D4
40653124,D4
40653193,D4
40660298,D4
40660469,D4
40669969,D4
40675126,D4
40676879,D4
40680900,D4
40682064,D4
40683041,D4
40683393,D4
40683397,D4
40683419,D4
40683848,D4
40685681,D4
40690661,D4
40701391,D4
40702869,D4
40704838,D4
40705757,D4
40707499,D4
40712804,D4
40714067,D4
40730351,D4
40730390,D4
40734226,D4
40738229,D4
40738231,D4
40738785,D4
40741900,D4
40744207,D4
40750992,D4
40752771,D4
40759931,D4
40761107,D4
40763784,D4
40769463,D4
40769706,D4
40774361,D4
40776570,D4
40776704,D4
40782724,D4
40784469,D4
40784780,D4
40785605,D4
40792582,D4
40798864,D4
40799148,D4
40803597,D4
40816485,D4
40816486,D4
40816494,D4
40820985,D4
40825436,D4
40830130,D4
40834631,D4
40840094,D4
40845537,D4
40845964,D4
40850614,D4
40854328,D4
40874828,D4
40875463,D4
40875471,D4
40876580,D4
40883632,D4
40885458,D4
40885461,D4
40886298,D4
40886303,D4
40886741,D4
40902617,D4
40906200,D4
40911391,D4
40912340,D4
40912636,D4
40914697,D4
40915320,D4
40915321,D4
40915494,D4
40915541,D4
40921556,D4
40921557,D4
40922097,D4
40927852,D4
40929378,D4
40930315,D4
40934172,D4
40934524,D4
40934988,D4
40939886,D4
40939901,D4
40945682,D4
40953799,D4
40962112,D4
40962631,D4
40963313,D4
40963484,D4
40967269,D4
40967313,D4
40968521,D4
40971530,D4
40972790,D4
40975218,D4
40975246,D4
40983703,D4
40984820,D4
40985631,D4
40988352,D4
40991370,D4
40992497,D4
40998244,D4
40998927,D4
41007531,D4
41013531,D4
41016615,D4
41016682,D4
41022115,D4
41022434,D4
41038504,D4
41043849,D4
41052588,D4
41052695,D4
41055618,D4
41055743,D4
41060245,D4
41061925,D4
41062139,D4
41066775,D4
41067583,D4
41067586,D4
41071275,D4
41073407,D4
41075878,D4
41091951,D4
41093104,D4
41100088,D4
41101641,D4
41101878,D4
41101879,D4
41101884,D4
41101887,D4
41101888,D4
41101889,D4
41101891,D4
41104837,D4
41106669,D4
41106671,D4
41106674,D4
41106678,D4
41110761,D4
41116626,D4
41125057,D4
41130105,D4
41130356,D4
41135183,D4
41135720,D4
41148395,D4
41151636,D4
41155804,D4
41159585,D4
41159667,D4
41166151,D4
41166986,D4
41167379,D4
41167382,D4
41167383,D4
41167384,D4
41177276,D4
41177308,D4
41177550,D4
41182892,D4
41184217,D4
41192540,D4
41192658,D4
41192660,D4
41197796,D4
41197840,D4
41202974,D4
41202975,D4
41202976,D4
41205155,D4
41205746,D4
41205835,D4
41205838,D4
41208786,D4
41224394,D4
41232755,D4
41232816,D4
41232818,D4
41234017,D4
41236191,D4
41236916,D4
41239210,D4
41241255,D4
41242621,D4
41242622,D4
41242623,D4
41248937,D4
41263826,D4
41271091,D4
41274554,D4
41276786,D4
41284243,D4
41313375,D4
41314182,D4
41319146,D4
41338295,D4
41338377,D4
41342693,D4
41344429,D4
41349163,D4
41352423,D4
41352526,D4
41384024,D4
41386910,D4
41387978,D4
41388889,D4
41390219,D4
41395888,D4
41401998,D4
41410071,D4
41423025,D4
41424191,D4
41428938,D4
41429139,D4
41429413,D4
41432343,D4
41443496,D4
41457282,D4
41468109,D4
41468110,D4
41468115,D4
41474598,D4
41474599,D4
41482180,D4
41498373,D4
41504704,D4
41805483,D4
41805487,D4
41805623,D4
41805625,D4
41805669,D4
41962023,D4
42139528,D4
10630948,D5a
10632178,D5a
10670894,D5a
10799118,D5a
10800900,D5a
10800902,D5a
10802874,D5a
10807709,D5a
10812987,D5a
10832998,D5a
10833142,D5a
10833150,D5a
10846132,D5a
10864722,D5a
10922163,D5a
10923973,D5a
10926435,D5a
10935580,D5a
10935581,D5a
10935951,D5a
10936832,D5a
10947764,D5a
10958420,D5a
10982938,D5a
11021723,D5a
11026464,D5a
11068382,D5a
11094512,D5a
11094527,D5a
11105410,D5a
11117680,D5a
11152191,D5a
11152192,D5a
11174555,D5a
11196142,D5a
11207464,D5a
11212554,D5a
11212555,D5a
11212559,D5a
11213983,D5a
11216598,D5a
11264935,D5a
11286442,D5a
11307183,D5a
11307219,D5a
11307220,D5a
11307221,D5a
11307223,D5a
11307405,D5a
11307421,D5a
11307640,D5a
11314125,D5a
11314132,D5a
11314187,D5a
11314200,D5a
11314545,D5a
11320625,D5a
11321805,D5a
11323856,D5a
11345618,D5a
11359479,D5a
11370640,D5a
11381382,D5a
11383235,D5a
11400592,D5a
11405447,D5a
11420997,D5a
11482295,D5a
11500650,D5a
11500653,D5a
11500657,D5a
11512118,D5a
11518345,D5a
11526573,D5a
11552173,D5a
11563393,D5a
11593667,D5a
11699245,D5a
11699351,D5a
11709935,D5a
11724025,D5a
11757000,D5a
11777355,D5a
11780502,D5a
11799721,D5a
11802350,D5a
11838040,D5a
11859972,D5a
11862902,D5a
11868838,D5a
11879083,D5a
11883972,D5a
11887135,D5a
11887141,D5a
11928087,D5a
11928231,D5a
11934053,D5a
11936390,D5a
11941362,D5a
12021009,D5a
12022116,D5a
12064880,D5a
12087867,D5a
12099315,D5a
12099316,D5a
12099320,D5a
12099322,D5a
12152352,D5a
12162772,D5a
12165768,D5a
12193888,D5a
12197004,D5a
12216138,D5a
12297819,D5a
12378492,D5a
12379188,D5a
12387612,D5a
12420280,D5a
12425989,D5a
12436821,D5a
12439486,D5a
12451838,D5a
12457086,D5a
12474008,D5a
12524613,D5a
12524623,D5a
12556980,D5a
12561776,D5a
12593003,D5a
12597717,D5a
12618973,D5a
12628598,D5a
12684974,D5a
12690361,D5a
12704953,D5a
12730832,D5a
12730836,D5a
12789144,D5a
12794499,D5a
12815357,D5a
12839397,D5a
12861880,D5a
12866214,D5a
12867872,D5a
12872026,D5a
12873074,D5a
12911372,D5a
12938840,D5a
12944449,D5a
12947926,D5a
12947928,D5a
14520840,D5a
14560275,D5a
14579979,D5a
14581032,D5a
14586857,D5a
14586858,D5a
14603389,D5a
14606380,D5a
14614420,D5a
14631237,D5a
14648250,D5a
14663805,D5a
14690665,D5a
14699561,D5a
14702939,D5a
14703766,D5a
14718741,D5a
14968094,D5a
15011533,D5a
15013554,D5a
15015164,D5a
15062306,D5a
15074716,D5a
15103961,D5a
15122555,D5a
15124163,D5a
15124624,D5a
15125335,D5a
15126209,D5a
15151450,D5a
15156104,D5a
15170275,D5a
15170295,D5a
15211213,D5a
15211215,D5a
15213549,D5a
15222716,D5a
15225963,D5a
15252251,D5a
15266144,D5a
15276265,D5a
15278858,D5a
15287307,D5a
15301377,D5a
15314008,D5a
15336764,D5a
15337178,D5a
15337179,D5a
15354712,D5a
15356484,D5a
15356492,D5a
15455937,D5a
15464552,D5a
15472489,D5a
15472652,D5a
15480829,D5a
15489366,D5a
15523335,D5a
15533975,D5a
15544879,D5a
15547385,D5a
15551774,D5a
15560700,D5a
15583927,D5a
15602428,D5a
15622708,D5a
15623099,D5a
15656432,D5a
15656527,D5a
15690302,D5a
15692345,D5a
15694143,D5a
15699675,D5a
15731664,D5a
15741042,D5a
15742285,D5a
15742300,D5a
15751250,D5a
15789314,D5a
15795971,D5a
15798754,D5a
15803286,D5a
15804616,D5a
15854319,D5a
15861055,D5a
15861591,D5a
15878514,D5a
15883933,D5a
15883935,D5a
15883936,D5a
15888374,D5a
15897843,D5a
15909100,D5a
15915099,D5a
15952549,D5a
15953899,D5a
15953915,D5a
15957350,D5a
15959692,D5a
15971227,D5a
15973236,D5a
15973954,D5a
16003615,D5a
16053841,D5a
16053889,D5a
16056192,D5a
16077295,D5a
16077325,D5a
16094575,D5a
16105727,D5a
16122605,D5a
16162371,D5a
16170061,D5a
16213069,D5a
16286202,D5a
16311560,D5a
16327139,D5a
16387037,D5a
16413885,D5a
16413910,D5a
16413911,D5a
16415444,D5a
16448909,D5a
16448910,D5a
16462341,D5a
16466984,D5a
16512269,D5a
16524649,D5a
16526923,D5a
16541848,D5a
16546400,D5a
16546644,D5a
16598183,D5a
16621203,D5a
16621585,D5a
16631481,D5a
16631490,D5a
16631491,D5a
16641719,D5a
16648208,D5a
16651968,D5a
16684478,D5a
16687237,D5a
16706381,D5a
16711270,D5a
16769492,D5a
16770641,D5a
16777021,D5a
16779977,D5a
16804486,D5a
16828541,D5a
16860564,D5a
16957060,D5a
16979487,D5a
16979488,D5a
16986349,D5a
16995750,D5a
16997086,D5a
17003613,D5a
17003618,D5a
17003626,D5a
17009481,D5a
17016192,D5a
17052589,D5a
17071397,D5a
17097270,D5a
17113441,D5a
17138179,D5a
17145124,D5a
17157519,D5a
17169742,D5a
17208098,D5a
17208112,D5a
17219838,D5a
17234530,D5a
17236927,D5a
17243649,D5a
17251860,D5a
17276869,D5a
17290014,D5a
17302363,D5a
17321444,D5a
17346593,D5a
17354484,D5a
17368388,D5a
17382518,D5a
17395062,D5a
17414277,D5a
17414279,D5a
17414285,D5a
17432791,D5a
17448844,D5a
17448863,D5a
17460817,D5a
17465643,D5a
17465670,D5a
17487045,D5a
17496605,D5a
17499529,D5a
17507262,D5a
17519721,D5a
17526208,D5a
17532356,D5a
17537556,D5a
17538314,D5a
17538322,D5a
17545299,D5a
17577498,D5a
17577511,D5a
17577515,D5a
17608550,D5a
17613257,D5a
17618145,D5a
17618333,D5a
17622011,D5a
17643964,D5a
17652867,D5a
17656304,D5a
17660902,D5a
17667658,D5a
17667659,D5a
17667661,D5a
17667667,D5a
17667682,D5a
17667685,D5a
17683662,D5a
17685780,D5a
17692705,D5a
17692713,D5a
17719395,D5a
17719404,D5a
17826960,D5a
17855106,D5a
17875382,D5a
17884523,D5a
17884528,D5a
17912116,D5a
17912119,D5a
17912962,D5a
17916372,D5a
17920509,D5a
17974108,D5a
17981488,D5a
17983127,D5a
17987329,D5a
17993875,D5a
17999023,D5a
18004476,D5a
18005833,D5a
18022349,D5a
18022481,D5a
18022487,D5a
18063250,D5a
18067171,D5a
18083417,D5a
18088890,D5a
18088892,D5a
18088895,D5a
18175890,D5a
18182622,D5a
18201611,D5a
18209945,D5a
18213459,D5a
18215093,D5a
18230371,D5a
18241899,D5a
18245917,D5a
18263891,D5a
18280970,D5a
18281796,D5a
18284529,D5a
18286487,D5a
18331673,D5a
18349659,D5a
18355589,D5a
18355592,D5a
18355607,D5a
18362722,D5a
18369623,D5a
18375195,D5a
18384403,D5a
18389236,D5a
18416426,D5a
18423288,D5a
18423300,D5a
18426103,D5a
18443748,D5a
18452354,D5a
18454003,D5a
18455907,D5a
18462852,D5a
18462853,D5a
18470429,D5a
18477839,D5a
18481625,D5a
18482239,D5a
18509816,D5a
18520379,D5a
18520389,D5a
18520418,D5a
18538231,D5a
18539437,D5a
18562266,D5a
18580160,D5a
18584927,D5a
18592626,D5a
18594416,D5a
18600355,D5a
18602283,D5a
18617104,D5a
18617105,D5a
18617879,D5a
18620798,D5a
18626374,D5a
18626401,D5a
18637379,D5a
18645688,D5a
18717349,D5a
18718397,D5a
18718409,D5a
18755612,D5a
18780685,D5a
18786750,D5a
18805713,D5a
18812869,D5a
18814783,D5a
18836867,D5a
18840063,D5a
18848097,D5a
18848110,D5a
18854059,D5a
18926733,D5a
18938000,D5a
18953916,D5a
18971738,D5a
18995936,D5a
19027245,D5a
19027268,D5a
19046623,D5a
19046854,D5a
19062299,D5a
19080114,D5a
19083596,D5a
19089265,D5a
19095333,D5a
19100666,D5a
19117765,D5a
19133487,D5a
19161592,D5a
19182628,D5a
19216422,D5a
19216608,D5a
19231768,D5a
19231776,D5a
19233616,D5a
19233618,D5a
19259349,D5a
19276829,D5a
19286877,D5a
19301719,D5a
19304042,D5a
19323398,D5a
19371819,D5a
19371821,D5a
19392774,D5a
19406615,D5a
19423294,D5a
19447640,D5a
19457643,D5a
19473817,D5a
19477655,D5a
19480039,D5a
19487169,D5a
19501516,D5a
19516239,D5a
19531412,D5a
19537864,D5a
19577828,D5a
19579526,D5a
19582260,D5a
19586753,D5a
19586777,D5a
19591332,D5a
19616350,D5a
19619192,D5a
19625167,D5a
19634215,D5a
19644966,D5a
19648022,D5a
19656804,D5a
19681942,D5a
19686943,D5a
19714376,D5a
19730306,D5a
19730307,D5a
19730308,D5a
19740580,D5a
19745712,D5a
19749700,D5a
19761916,D5a
19804924,D5a
19811794,D5a
19815994,D5a
19816289,D5a
19816355,D5a
19843103,D5a
19846184,D5a
19852638,D5a
19852641,D5a
19860520,D5a
19875318,D5a
19881370,D5a
19884832,D5a
19885427,D5a
19887023,D5a
19887757,D5a
19905861,D5a
19905863,D5a
19913722,D5a
19913723,D5a
19932499,D5a
19934239,D5a
19939525,D5a
19969484,D5a
19997999,D5a
20005620,D5a
20005674,D5a
20006160,D5a
20006165,D5a
20018417,D5a
20036042,D5a
20048637,D5a
20071060,D5a
20076827,D5a
20089335,D5a
20097543,D5a
20105673,D5a
20113390,D5a
20116697,D5a
20116706,D5a
20122412,D5a
20122427,D5a
20122440,D5a
20123378,D5a
20124806,D5a
20135251,D5a
20155513,D5a
20162114,D5a
20166811,D5a
20170388,D5a
20170994,D5a
20171468,D5a
20171492,D5a
20179400,D5a
20184425,D5a
20186082,D5a
20196525,D5a
20210633,D5a
20210638,D5a
20216441,D5a
20217084,D5a
20219584,D5a
20219792,D5a
20226628,D5a
20303206,D5a
20304541,D5a
20305845,D5a
20306321,D5a
20307775,D5a
20307783,D5a
20347202,D5a
20347626,D5a
20356663,D5a
20359281,D5a
20362892,D5a
20362896,D5a
20379687,D5a
20381766,D5a
20382052,D5a
20397555,D5a
20405684,D5a
20412009,D5a
20417136,D5a
20427194,D5a
20434252,D5a
20447803,D5a
20451309,D5a
20451830,D5a
20461959,D5a
20463620,D5a
20466475,D5a
20466517,D5a
20469540,D5a
20491813,D5a
20491816,D5a
20493386,D5a
20493619,D5a
20513168,D5a
20517249,D5a
20519111,D5a
20536374,D5a
20537862,D5a
20542369,D5a
20545089,D5a
20552102,D5a
20553162,D5a
20553179,D5a
20557711,D5a
20559239,D5a
20561472,D5a
20563371,D5a
20572777,D5a
20573533,D5a
20575316,D5a
20575322,D5a
20578873,D5a
20580280,D5a
20580286,D5a
20586781,D5a
20591548,D5a
20591553,D5a
20591700,D5a
20598592,D5a
20607417,D5a
20613567,D5a
20613575,D5a
20613597,D5a
20619525,D5a
20619771,D5a
20625295,D5a
20626759,D5a
20633971,D5a
20635264,D5a
20638588,D5a
20638595,D5a
20645290,D5a
20645489,D5a
20646813,D5a
20656527,D5a
20658038,D5a
20663598,D5a
20666237,D5a
20673635,D5a
20673636,D5a
20678831,D5a
20679838,D5a
20683285,D5a
20685534,D5a
20685540,D5a
20685541,D5a
20690854,D5a
20691358,D5a
20692187,D5a
20702009,D5a
20705473,D5a
20713759,D5a
20722775,D5a
20723785,D5a
20727648,D5a
20737946,D5a
20739239,D5a
20740321,D5a
20798211,D5a
20811230,D5a
20817481,D5a
20822845,D5a
20831098,D5a
20846556,D5a
20856053,D5a
20869153,D5a
20877740,D5a
20887111,D5a
20889029,D5a
20932120,D5a
20934795,D5a
20936953,D5a
20936956,D5a
20947227,D5a
20947299,D5a
20952116,D5a
20957017,D5a
20961738,D5a
20963343,D5a
20964803,D5a
20965694,D5a
20971369,D5a
20974452,D5a
20977615,D5a
20979826,D5a
20981462,D5a
21029333,D5a
21030210,D5a
21038796,D5a
21046419,D5a
21048549,D5a
21050647,D5a
21050649,D5a
21055605,D5a
21055606,D5a
21055977,D5a
21058973,D5a
21071118,D5a
21074368,D5a
21074462,D5a
21083902,D5a
21092489,D5a
21094105,D5a
21095103,D5a
21095133,D5a
21095506,D5a
21112740,D5a
21121415,D5a
21122367,D5a
21124147,D5a
21130329,D5a
21137841,D5a
21144471,D5a
21153949,D5a
21161693,D5a
21167736,D5a
21176096,D5a
21185637,D5a
21185642,D5a
21187778,D5a
21194815,D5a
21194960,D5a
21195254,D5a
21195286,D5a
21195531,D5a
21195532,D5a
21208084,D5a
21211878,D5a
21211888,D5a
21216063,D5a
21216064,D5a
21221831,D5a
21227709,D5a
21233732,D5a
21233735,D5a
21236538,D5a
21239934,D5a
21242324,D5a
21243853,D5a
21247736,D5a
21255893,D5a
21257249,D5a
21257250,D5a
21270740,D5a
21277066,D5a
21292514,D5a
21292541,D5a
21298853,D5a
21299391,D5a
21299407,D5a
21300227,D5a
21300228,D5a
21300238,D5a
21300243,D5a
21300552,D5a
21317055,D5a
21319983,D5a
21330165,D5a
21353788,D5a
21353922,D5a
21353924,D5a
21353925,D5a
21353926,D5a
21353928,D5a
21353929,D5a
21353930,D5a
21353931,D5a
21353932,D5a
21353934,D5a
21353935,D5a
21353936,D5a
21353938,D5a
21353939,D5a
21367507,D5a
21373203,D5a
21374071,D5a
21377887,D5a
21392678,D5a
21392684,D5a
21392695,D5a
21398004,D5a
21398008,D5a
21411291,D5a
21415648,D5a
21433077,D5a
21435533,D5a
21435545,D5a
21440821,D5a
21443611,D5a
21446806,D5a
21453395,D5a
21458285,D5a
21458288,D5a
21458328,D5a
21458330,D5a
21464152,D5a
21470740,D5a
21470743,D5a
21474283,D5a
21477064,D5a
21488430,D5a
21488431,D5a
21488805,D5a
21488973,D5a
21489664,D5a
21490980,D5a
21494002,D5a
21496989,D5a
21496992,D5a
21497527,D5a
21501782,D5a
21507540,D5a
21510067,D5a
21510271,D5a
21511553,D5a
21514172,D5a
21515233,D5a
21518009,D5a
21525696,D5a
21526976,D5a
21530047,D5a
21536190,D5a
21537590,D5a
21542733,D5a
21549486,D5a
21549489,D5a
21558889,D5a
21558895,D5a
21558945,D5a
21566871,D5a
21570811,D5a
21571417,D5a
21571419,D5a
21586952,D5a
21592632,D5a
21596525,D5a
21597431,D5a
21605790,D5a
21605792,D5a
21615211,D5a
21616638,D5a
21618862,D5a
21619764,D5a
21620677,D5a
21621313,D5a
21627460,D5a
21627930,D5a
21627931,D5a
21627932,D5a
21627934,D5a
21627935,D5a
21627936,D5a
21629110,D5a
21640364,D5a
21664828,D5a
21670785,D5a
21677104,D5a
21680074,D5a
21684650,D5a
21684660,D5a
21688605,D5a
21703738,D5a
21721990,D5a
21727011,D5a
21733378,D5a
21733386,D5a
21734944,D5a
21741141,D5a
21752510,D5a
21757274,D5a
21757275,D5a
21757276,D5a
21764490,D5a
21767203,D5a
21771266,D5a
21778015,D5a
21779744,D5a
21781448,D5a
21782388,D5a
21783004,D5a
21783285,D5a
21784568,D5a
21785003,D5a
21787197,D5a
21789291,D5a
21789701,D5a
21789965,D5a
21793827,D5a
21798648,D5a
21802816,D5a
21807573,D5a
21813226,D5a
21815992,D5a
21815995,D5a
21820783,D5a
21821325,D5a
21821330,D5a
21822603,D5a
21824694,D5a
21826538,D5a
21837305,D5a
21837430,D5a
21839556,D5a
21840102,D5a
21842004,D5a
21843948,D5a
21846874,D5a
21847850,D5a
21855196,D5a
21861036,D5a
21862289,D5a
21864970,D5a
21865051,D5a
21865991,D5a
21871782,D5a
21875314,D5a
21880465,D5a
21880501,D5a
21885292,D5a
21885293,D5a
21888537,D5a
21889205,D5a
21890441,D5a
21905893,D5a
21907470,D5a
21907586,D5a
21914373,D5a
21914386,D5a
21939808,D5a
21947545,D5a
21958665,D5a
21959394,D5a
21959395,D5a
21959404,D5a
21959417,D5a
21959434,D5a
21959439,D5a
21965318,D5a
21977952,D5a
21982694,D5a
21986451,D5a
21986456,D5a
22000578,D5a
22003881,D5a
22004866,D5a
22007609,D5a
22007634,D5a
22014680,D5a
22018251,D5a
22022694,D5a
22024138,D5a
22036186,D5a
22047954,D5a
22047955,D5a
22048604,D5a
22051491,D5a
22067600,D5a
22067848,D5a
22067862,D5a
22071416,D5a
22073471,D5a
22078498,D5a
22078895,D5a
22078898,D5a
22078899,D5a
22079060,D5a
22079061,D5a
22079124,D5a
22089896,D5a
22092436,D5a
22092705,D5a
22097306,D5a
22099315,D5a
22099624,D5a
22099857,D5a
22104132,D5a
22105682,D5a
22107048,D5a
22109369,D5a
22112363,D5a
22113003,D5a
22115974,D5a
22115977,D5a
22117710,D5a
22125785,D5a
22128630,D5a
22129150,D5a
22129955,D5a
22129998,D5a
22129999,D5a
22131155,D5a
22134258,D5a
22134264,D5a
22134278,D5a
22141233,D5a
22146247,D5a
22150785,D5a
22152635,D5a
22153182,D5a
22154398,D5a
22154574,D5a
22155076,D5a
22157658,D5a
22157670,D5a
22167439,D5a
22177358,D5a
22177807,D5a
22177822,D5a
22182662,D5a
22186512,D5a
22186530,D5a
22196190,D5a
22197006,D5a
22209227,D5a
22209495,D5a
22213406,D5a
22220565,D5a
22220590,D5a
22229591,D5a
22234414,D5a
22251462,D5a
22254226,D5a
22260916,D5a
22260918,D5a
22265335,D5a
22269272,D5a
22276656,D5a
22277698,D5a
22284288,D5a
22284290,D5a
22285331,D5a
22285336,D5a
22292150,D5a
22299078,D5a
22299102,D5a
22299107,D5a
22299108,D5a
22308952,D5a
22313247,D5a
22313817,D5a
22316189,D5a
22320674,D5a
22322500,D5a
22322737,D5a
22324456,D5a
22326172,D5a
22326176,D5a
22332378,D5a
22333673,D5a
22335192,D5a
22336877,D5a
22337267,D5a
22338206,D5a
22338286,D5a
22340990,D5a
22340993,D5a
22364859,D5a
22364860,D5a
22365722,D5a
22374003,D5a
22376100,D5a
22376122,D5a
22379132,D5a
22389955,D5a
22390137,D5a
22398020,D5a
22404380,D5a
22406234,D5a
22408769,D5a
22408774,D5a
22414523,D5a
22416616,D5a
22418077,D5a
22420524,D5a
22421465,D5a
22421837,D5a
22421853,D5a
22421858,D5a
22421872,D5a
22423409,D5a
22429608,D5a
22430346,D5a
22440316,D5a
22446068,D5a
22449434,D5a
22449596,D5a
22449602,D5a
22449603,D5a
22452368,D5a
22476009,D5a
22482267,D5a
22483627,D5a
22497180,D5a
22497227,D5a
22497692,D5a
22500578,D5a
22503082,D5a
22503563,D5a
22507292,D5a
22510341,D5a
22515938,D5a
22516840,D5a
22518377,D5a
22520566,D5a
22520724,D5a
22521672,D5a
22525894,D5a
22526141,D5a
22537459,D5a
22537516,D5a
22537517,D5a
22538026,D5a
22554757,D5a
22560785,D5a
22567622,D5a
22577651,D5a
22577654,D5a
22578567,D5a
22578631,D5a
22583588,D5a
22607833,D5a
22608821,D5a
22611902,D5a
22614843,D5a
22616219,D5a
22624762,D5a
22627425,D5a
22627429,D5a
22627440,D5a
22640675,D5a
22653550,D5a
22658496,D5a
22667011,D5a
22668627,D5a
22675013,D5a
22676828,D5a
22676983,D5a
22677019,D5a
22677329,D5a
22682739,D5a
22691842,D5a
22695016,D5a
22695022,D5a
22695237,D5a
22705214,D5a
22705218,D5a
22709140,D5a
22718591,D5a
22726704,D5a
22727692,D5a
22740167,D5a
22743933,D5a
22748990,D5a
22748995,D5a
22771085,D5a
22771403,D5a
22777456,D5a
22780852,D5a
22784394,D5a
22784923,D5a
22788052,D5a
22789146,D5a
22793956,D5a
22800700,D5a
22801151,D5a
22803261,D5a
22819297,D5a
22819298,D5a
22819299,D5a
22819693,D5a
22822993,D5a
22831752,D5a
22835657,D5a
22849634,D5a
22853977,D5a
22855307,D5a
22866291,D5a
22866599,D5a
22866755,D5a
22871309,D5a
22873019,D5a
22873026,D5a
22878220,D5a
22882332,D5a
22882738,D5a
22883318,D5a
22884458,D5a
22886459,D5a
22893037,D5a
22907105,D5a
22907113,D5a
22909124,D5a
22925443,D5a
22932136,D5a
22933036,D5a
22934496,D5a
22939643,D5a
22940022,D5a
22944034,D5a
22945345,D5a
22948619,D5a
22948639,D5a
22948648,D5a
22968571,D5a
22968616,D5a
22976621,D5a
22976637,D5a
22976641,D5a
22976643,D5a
22976664,D5a
22976687,D5a
22976692,D5a
22976693,D5a
22984105,D5a
22990100,D5a
22990101,D5a
22999665,D5a
22999675,D5a
22999677,D5a
22999965,D5a
23000712,D5a
23010368,D5a
23010370,D5a
23010372,D5a
23010589,D5a
23021927,D5a
23022025,D5a
23023311,D5a
23024386,D5a
23043676,D5a
23057029,D5a
23057031,D5a
23057038,D5a
23057039,D5a
23057043,D5a
23058178,D5a
23059463,D5a
23064983,D5a
23068127,D5a
23072223,D5a
23072285,D5a
23078823,D5a
23078827,D5a
23083507,D5a
23083958,D5a
23090827,D5a
23092854,D5a
23094557,D5a
23096602,D5a
23097205,D5a
23099224,D5a
23102564,D5a
23103025,D5a
23106503,D5a
23106796,D5a
23107241,D5a
23110470,D5a
23122622,D5a
23123098,D5a
23126313,D5a
23127998,D5a
23141653,D5a
23147297,D5a
23147334,D5a
23154356,D5a
23154369,D5a
23156966,D5a
23159168,D5a
23164667,D5a
23165105,D5a
23167282,D5a
23172437,D5a
23172438,D5a
23172466,D5a
23172467,D5a
23172501,D5a
23172505,D5a
23173826,D5a
23176573,D5a
23177758,D5a
23177930,D5a
23182267,D5a
23182371,D5a
23189315,D5a
23189893,D5a
23194217,D5a
23195365,D5a
23196069,D5a
23200322,D5a
23200425,D5a
23201327,D5a
23214305,D5a
23218872,D5a
23219145,D5a
23219916,D5a
23228692,D5a
23230804,D5a
23245774,D5a
23248957,D5a
23250160,D5a
23250262,D5a
23253633,D5a
23254372,D5a
23257656,D5a
23259305,D5a
23260535,D5a
23260768,D5a
23260982,D5a
23265757,D5a
23265759,D5a
23267735,D5a
23268180,D5a
23268182,D5a
23269693,D5a
23273492,D5a
23273649,D5a
23280152,D5a
23289734,D5a
23294855,D5a
23296033,D5a
23304976,D5a
23305697,D5a
23311578,D5a
23311605,D5a
23312501,D5a
23312538,D5a
23312847,D5a
23312923,D5a
23312953,D5a
23313284,D5a
23313285,D5a
23317355,D5a
23327090,D5a
23332471,D5a
23333493,D5a
23335469,D5a
23348258,D5a
23348289,D5a
23348324,D5a
23351773,D5a
23356496,D5a
23356732,D5a
23358705,D5a
23377047,D5a
23377064,D5a
23377072,D5a
23380682,D5a
23385163,D5a
23385165,D5a
23395297,D5a
23397893,D5a
23402956,D5a
23403336,D5a
23406268,D5a
23418931,D5a
23421476,D5a
23426542,D5a
23430342,D5a
23434240,D5a
23442146,D5a
23452966,D5a
23453116,D5a
23455415,D5a
23458670,D5a
23463344,D5a
23465640,D5a
23465803,D5a
23473885,D5a
23484297,D5a
23484631,D5a
23490474,D5a
23507325,D5a
23509966,D5a
23513199,D5a
23513543,D5a
23517814,D5a
23520394,D5a
23520776,D5a
23522765,D5a
23522874,D5a
23524700,D5a
23524729,D5a
23524742,D5a
23524752,D5a
23527358,D5a
23527367,D5a
23528746,D5a
23529318,D5a
23529785,D5a
23538214,D5a
23540629,D5a
23540632,D5a
23541992,D5a
23551586,D5a
23551986,D5a
23560797,D5a
23562358,D5a
23566536,D5a
23566537,D5a
23566694,D5a
23593620,D5a
23594078,D5a
23601117,D5a
23607191,D5a
23615661,D5a
23619747,D5a
23620250,D5a
23621098,D5a
23625066,D5a
23631975,D5a
23639585,D5a
23646327,D5a
23646336,D5a
23648576,D5a
23648577,D5a
23651315,D5a
23656234,D5a
23656352,D5a
23660314,D5a
23664781,D5a
23666118,D5a
23676969,D5a
23680976,D5a
23682753,D5a
23684078,D5a
23684813,D5a
23690355,D5a
23701676,D5a
23702370,D5a
23706265,D5a
23706266,D5a
23706290,D5a
23710961,D5a
23711216,D5a
23714820,D5a
23714821,D5a
23714867,D5a
23714871,D5a
23714900,D5a
23714926,D5a
23714932,D5a
23714981,D5a
23714985,D5a
23714988,D5a
23714991,D5a
23715458,D5a
23726329,D5a
23726336,D5a
23748296,D5a
23748318,D5a
23748320,D5a
23752836,D5a
23754821,D5a
23755773,D5a
23763352,D5a
23763781,D5a
23768749,D5a
23769460,D5a
23786403,D5a
23789644,D5a
23791034,D5a
23794695,D5a
23795402,D5a
23796003,D5a
23800674,D5a
23809988,D5a
23810054,D5a
23810620,D5a
23811667,D5a
23811669,D5a
23815469,D5a
23816144,D5a
23820706,D5a
23820711,D5a
23820716,D5a
23830770,D5a
23834954,D5a
23835567,D5a
23835639,D5a
23837613,D5a
23838410,D5a
23838836,D5a
23839271,D5a
23839272,D5a
23850040,D5a
23851747,D5a
23851771,D5a
23851819,D5a
23852049,D5a
23866951,D5a
23867254,D5a
23867257,D5a
23867893,D5a
23870542,D5a
23870714,D5a
23871270,D5a
23871314,D5a
23875876,D5a
23879857,D5a
23886080,D5a
23886081,D5a
23890785,D5a
23891013,D5a
23902269,D5a
23906640,D5a
23907678,D5a
23911120,D5a
23914820,D5a
23926587,D5a
23931262,D5a
23932114,D5a
23941024,D5a
23944223,D5a
23945516,D5a
23949448,D5a
23953416,D5a
23953770,D5a
23953771,D5a
23961640,D5a
23968289,D5a
23968308,D5a
23973047,D5a
23985636,D5a
23988145,D5a
23991463,D5a
23992779,D5a
23992780,D5a
23992817,D5a
23992818,D5a
23992825,D5a
24003835,D5a
24004190,D5a
24009320,D5a
24010865,D5a
24011464,D5a
24011465,D5a
24013391,D5a
24013393,D5a
24024957,D5a
24025655,D5a
24035106,D5a
24035107,D5a
24035109,D5a
24036721,D5a
24036727,D5a
24036800,D5a
24036833,D5a
24037303,D5a
24040949,D5a
24042067,D5a
24044461,D5a
24045189,D5a
24045191,D5a
24047436,D5a
24047843,D5a
24055177,D5a
24066309,D5a
24066335,D5a
24067052,D5a
24071374,D5a
24071376,D5a
24076685,D5a
24076707,D5a
24080139,D5a
24084145,D5a
24091003,D5a
24095009,D5a
24095217,D5a
24097853,D5a
24099655,D5a
24100907,D5a
24102703,D5a
24103461,D5a
24103543,D5a
24112524,D5a
24120004,D5a
24120908,D5a
24121397,D5a
24135253,D5a
24139292,D5a
24144162,D5a
24147971,D5a
24150117,D5a
24158336,D5a
24159683,D5a
24163864,D5a
24164570,D5a
24168901,D5a
24168902,D5a
24172189,D5a
24182581,D5a
24182590,D5a
24182591,D5a
24189166,D5a
24210896,D5a
24219497,D5a
24220365,D5a
24220378,D5a
24220394,D5a
24220467,D5a
24220471,D5a
24220481,D5a
24225142,D5a
24225165,D5a
24235100,D5a
24237773,D5a
24237775,D5a
24237776,D5a
24245007,D5a
24246948,D5a
24261345,D5a
24268872,D5a
24268965,D5a
24271827,D5a
24274956,D5a
24278928,D5a
24278941,D5a
24278950,D5a
24278951,D5a
24278959,D5a
24280105,D5a
24280169,D5a
24280170,D5a
24289870,D5a
24292329,D5a
24293447,D5a
24297963,D5a
24308529,D5a
24309036,D5a
24314275,D5a
24325663,D5a
24325989,D5a
24326017,D5a
24326018,D5a
24331567,D5a
24331568,D5a
24331569,D5a
24331734,D5a
24332326,D5a
24332585,D5a
24337148,D5a
24341132,D5a
24342575,D5a
24352388,D5a
24352393,D5a
24352395,D5a
24352396,D5a
24354998,D5a
24357526,D5a
24367896,D5a
24370388,D5a
24374672,D5a
24378122,D5a
24378546,D5a
24386740,D5a
24386758,D5a
24388179,D5a
24388635,D5a
24396845,D5a
24406592,D5a
24411469,D5a
24416880,D5a
24417872,D5a
24418178,D5a
24424271,D5a
24437291,D5a
24437563,D5a
24438597,D5a
24445879,D5a
24448522,D5a
24448532,D5a
24448538,D5a
24451875,D5a
24451882,D5a
24456609,D5a
24457865,D5a
24462125,D5a
24469168,D5a
24480761,D5a
24480765,D5a
24480774,D5a
24485052,D5a
24486033,D5a
24494263,D5a
24498645,D5a
24498772,D5a
24502772,D5a
24503385,D5a
24503387,D5a
24503388,D5a
24503389,D5a
24507686,D5a
24521747,D5a
24525028,D5a
24528562,D5a
24528564,D5a
24531245,D5a
24534684,D5a
24556494,D5a
24559719,D5a
24561364,D5a
24568558,D5a
24570977,D5a
24570978,D5a
24572898,D5a
24572899,D5a
24576438,D5a
24576440,D5a
24577016,D5a
24577305,D5a
24582029,D5a
24589219,D5a
24593896,D5a
24597022,D5a
24598429,D5a
24600662,D5a
24600666,D5a
24601190,D5a
24601894,D5a
24608207,D5a
24608616,D5a
24616333,D5a
24618061,D5a
24621717,D5a
24621754,D5a
24621765,D5a
24621773,D5a
24622624,D5a
24629456,D5a
24629849,D5a
24630160,D5a
24630868,D5a
24631159,D5a
24631424,D5a
24635855,D5a
24636249,D5a
24637529,D5a
24643346,D5a
24652698,D5a
24654348,D5a
24654941,D5a
24665064,D5a
24670278,D5a
24671335,D5a
24673800,D5a
24673932,D5a
24679851,D5a
24679852,D5a
24680021,D5a
24683580,D5a
24683583,D5a
24685248,D5a
24685253,D5a
24685262,D5a
24685474,D5a
24697821,D5a
24697918,D5a
24703282,D5a
24703292,D5a
24704093,D5a
24709433,D5a
24709514,D5a
24713569,D5a
24717316,D5a
24720495,D5a
24735670,D5a
24739754,D5a
24742425,D5a
24742483,D5a
24742699,D5a
24746355,D5a
24746384,D5a
24746388,D5a
24746397,D5a
24752213,D5a
24767896,D5a
24769611,D5a
24773198,D5a
24773626,D5a
24774995,D5a
24776218,D5a
24776568,D5a
24777008,D5a
24777024,D5a
24780352,D5a
24781122,D5a
24783823,D5a
24783830,D5a
24785580,D5a
24785919,D5a
24785925,D5a
24785928,D5a
24785932,D5a
24787080,D5a
24787081,D5a
24793413,D5a
24794269,D5a
24802630,D5a
24813103,D5a
24813777,D5a
24818193,D5a
24818216,D5a
24819814,D5a
24820702,D5a
24820710,D5a
24820725,D5a
24820784,D5a
24825543,D5a
24825828,D5a
24828124,D5a
24831850,D5a
24835800,D5a
24836418,D5a
24837554,D5a
24839724,D5a
24841842,D5a
24842446,D5a
24842723,D5a
24844006,D5a
24844007,D5a
24844387,D5a
24850504,D5a
24856647,D5a
24858756,D5a
24864074,D5a
24874210,D5a
24874212,D5a
24874952,D5a
24880211,D5a
24889187,D5a
24892114,D5a
24893894,D5a
24905948,D5a
24909448,D5a
24911603,D5a
24913740,D5a
24914752,D5a
24923216,D5a
24923217,D5a
24930056,D5a
24930057,D5a
24933576,D5a
24935644,D5a
24938419,D5a
24946129,D5a
24951094,D5a
24951095,D5a
24954529,D5a
24957472,D5a
24958156,D5a
24962042,D5a
24964485,D5a
24968647,D5a
24968650,D5a
24969763,D5a
24969767,D5a
24971865,D5a
24979244,D5a
24985487,D5a
24990790,D5a
24993927,D5a
24997022,D5a
25001117,D5a
25003842,D5a
25006774,D5a
25006925,D5a
25010835,D5a
25014992,D5a
25023781,D5a
25025859,D5a
25025860,D5a
25027545,D5a
25028685,D5a
25032779,D5a
25033740,D5a
25039481,D5a
25041134,D5a
25043144,D5a
25043562,D5a
25046662,D5a
25046664,D5a
25047927,D5a
25048048,D5a
25049000,D5a
25051675,D5a
25052732,D5a
25064429,D5a
25068359,D5a
25069344,D5a
25081487,D5a
25081489,D5a
25088725,D5a
25090134,D5a
25102876,D5a
25108522,D5a
25109056,D5a
25109062,D5a
25109584,D5a
25116713,D5a
25123762,D5a
25126647,D5a
25129655,D5a
25132201,D5a
25134789,D5a
25138367,D5a
25138611,D5a
25148614,D5a
25148615,D5a
25148621,D5a
25150106,D5a
25150273,D5a
25153065,D5a
25158730,D5a
25158745,D5a
25158750,D5a
25162552,D5a
25172252,D5a
25172261,D5a
25175078,D5a
25179585,D5a
25186180,D5a
25190047,D5a
25191674,D5a
25191866,D5a
25192160,D5a
25193636,D5a
25198551,D5a
25199863,D5a
25203572,D5a
25203574,D5a
25209227,D5a
25209228,D5a
25216135,D5a
25216141,D5a
25216148,D5a
25218802,D5a
25220751,D5a
25220752,D5a
25220753,D5a
25220857,D5a
25225012,D5a
25232940,D5a
25234537,D5a
25236819,D5a
25237669,D5a
25239214,D5a
25241038,D5a
25246324,D5a
25255115,D5a
25259777,D5a
25259778,D5a
25260536,D5a
25263151,D5a
25265126,D5a
25266137,D5a
25271955,D5a
25275537,D5a
25275546,D5a
25279524,D5a
25287252,D5a
25296471,D5a
25297469,D5a
25303570,D5a
25303936,D5a
25304442,D5a
25304755,D5a
25305699,D5a
25308408,D5a
25315304,D5a
25315307,D5a
25315317,D5a
25319026,D5a
25335370,D5a
25339258,D5a
25341310,D5a
25346265,D5a
25347165,D5a
25364975,D5a
25370371,D5a
25372264,D5a
25377958,D5a
25382821,D5a
25387064,D5a
25411736,D5a
25415007,D5a
25415020,D5a
25418550,D5a
25418606,D5a
25422826,D5a
25432253,D5a
25432255,D5a
25432256,D5a
25432261,D5a
25432431,D5a
25434561,D5a
25436425,D5a
25438262,D5a
25439086,D5a
25439089,D5a
25439212,D5a
25439215,D5a
25439217,D5a
25441865,D5a
25441867,D5a
25443376,D5a
25443377,D5a
25443378,D5a
25443382,D5a
25443384,D5a
25443406,D5a
25444242,D5a
25444480,D5a
25444727,D5a
25444729,D5a
25445389,D5a
25454287,D5a
25455614,D5a
25457463,D5a
25457743,D5a
25458350,D5a
25467738,D5a
25468629,D5a
25469898,D5a
25475769,D5a
25475849,D5a
25477036,D5a
25483441,D5a
25483444,D5a
25483448,D5a
25488310,D5a
25488314,D5a
25488867,D5a
25489772,D5a
25491277,D5a
25496848,D5a
25499912,D5a
25511967,D5a
25531732,D5a
25531735,D5a
25531740,D5a
25532966,D5a
25532967,D5a
25533058,D5a
25533059,D5a
25533076,D5a
25533078,D5a
25534453,D5a
25535980,D5a
25536095,D5a
25542284,D5a
25544299,D5a
25547214,D5a
25549527,D5a
25550092,D5a
25557879,D5a
25565232,D5a
25565239,D5a
25575339,D5a
25576475,D5a
25581978,D5a
25583141,D5a
25592868,D5a
25595851,D5a
25597316,D5a
25600026,D5a
25600315,D5a
25600916,D5a
25603688,D5a
25611597,D5a
25619479,D5a
25621557,D5a
25621559,D5a
25622881,D5a
25622883,D5a
25626820,D5a
25628084,D5a
25631269,D5a
25631397,D5a
25631863,D5a
25636554,D5a
25636702,D5a
25637495,D5a
25644065,D5a
25647517,D5a
25649014,D5a
25665425,D5a
25665905,D5a
25669129,D5a
25670387,D5a
25670674,D5a
25671628,D5a
25686337,D5a
25686434,D5a
25692628,D5a
25692896,D5a
25697050,D5a
25703596,D5a
25706336,D5a
25707839,D5a
25710556,D5a
25712609,D5a
25714267,D5a
25726398,D5a
25735535,D5a
25735721,D5a
25745714,D5a
25752242,D5a
25754426,D5a
25759920,D5a
25766461,D5a
25767066,D5a
25767067,D5a
25770016,D5a
25773235,D5a
25777501,D5a
25779607,D5a
25785379,D5a
25794643,D5a
25795178,D5a
25795181,D5a
25795186,D5a
25795191,D5a
25804886,D5a
25808382,D5a
25810365,D5a
25811585,D5a
25825373,D5a
25831112,D5a
25835800,D5a
25836005,D5a
25837939,D5a
25840858,D5a
25840861,D5a
25841308,D5a
25842652,D5a
25843820,D5a
25843821,D5a
25851960,D5a
25863999,D5a
25864000,D5a
25864818,D5a
25869983,D5a
25871008,D5a
25871900,D5a
25879756,D5a
25883003,D5a
25886841,D5a
25886876,D5a
25887202,D5a
25887203,D5a
25887205,D5a
25887425,D5a
25887426,D5a
25887908,D5a
25891656,D5a
25891660,D5a
25898149,D5a
25900233,D5a
25900234,D5a
25904194,D5a
25908245,D5a
25909937,D5a
25912384,D5a
25913510,D5a
25913611,D5a
25915671,D5a
25919099,D5a
25925650,D5a
25936383,D5a
25955601,D5a
25957779,D5a
25959877,D5a
25964004,D5a
25964213,D5a
25965402,D5a
25971872,D5a
25974764,D5a
25974765,D5a
25974782,D5a
25974822,D5a
25974825,D5a
25974826,D5a
25975127,D5a
25975774,D5a
25976036,D5a
25976689,D5a
25976691,D5a
25981638,D5a
25989527,D5a
25997901,D5a
25998345,D5a
25998934,D5a
26004311,D5a
26018315,D5a
26025764,D5a
26025815,D5a
26026659,D5a
26026710,D5a
26027863,D5a
26027866,D5a
26027868,D5a
26035375,D5a
26035376,D5a
26037688,D5a
26038060,D5a
26038061,D5a
26038079,D5a
26043888,D5a
26044603,D5a
26044608,D5a
26044646,D5a
26047710,D5a
26051866,D5a
26069137,D5a
26071360,D5a
26071362,D5a
26073131,D5a
26076580,D5a
26080184,D5a
26080185,D5a
26080232,D5a
26090785,D5a
26101811,D5a
26101973,D5a
26111190,D5a
26114510,D5a
26117377,D5a
26119020,D5a
26119699,D5a
26119700,D5a
26120066,D5a
26130611,D5a
26133145,D5a
26139563,D5a
26140978,D5a
26147168,D5a
26152559,D5a
26154457,D5a
26156659,D5a
26160160,D5a
26161832,D5a
26163825,D5a
26166028,D5a
26169998,D5a
26178580,D5a
26188102,D5a
26204169,D5a
26206397,D5a
26209339,D5a
26212091,D5a
26215383,D5a
26216204,D5a
26218382,D5a
26219150,D5a
26219152,D5a
26221851,D5a
26232844,D5a
26250603,D5a
26252047,D5a
26259691,D5a
26265049,D5a
26265064,D5a
26267571,D5a
26272004,D5a
26275962,D5a
26277876,D5a
26280080,D5a
26292175,D5a
26293193,D5a
26297389,D5a
26297421,D5a
26302936,D5a
26303951,D5a
26304605,D5a
26315274,D5a
26315310,D5a
26316452,D5a
26319958,D5a
26321064,D5a
26321334,D5a
26321346,D5a
26321429,D5a
26323455,D5a
26325615,D5a
26330061,D5a
26337091,D5a
26337222,D5a
26338075,D5a
26343205,D5a
26346765,D5a
26347146,D5a
26349294,D5a
26355973,D5a
26355988,D5a
26358740,D5a
26359126,D5a
26359548,D5a
26363562,D5a
26364761,D5a
26373729,D5a
26374171,D5a
26384097,D5a
26394344,D5a
26394359,D5a
26395065,D5a
26398512,D5a
26400664,D5a
26408844,D5a
26410153,D5a
26421472,D5a
26423509,D5a
26425812,D5a
26426363,D5a
26427784,D5a
26429255,D5a
26431610,D5a
26432302,D5a
26432303,D5a
26432312,D5a
26433040,D5a
26434207,D5a
26443272,D5a
26457939,D5a
26458536,D5a
26460272,D5a
26460742,D5a
26468790,D5a
26468796,D5a
26468819,D5a
26468820,D5a
26468821,D5a
26468849,D5a
26468851,D5a
26470563,D5a
26474625,D5a
26474933,D5a
26478975,D5a
26482093,D5a
26482191,D5a
26482330,D5a
26495677,D5a
26501218,D5a
26501967,D5a
26505707,D5a
26506046,D5a
26516028,D5a
26518527,D5a
26521755,D5a
26522032,D5a
26522044,D5a
26522045,D5a
26529197,D5a
26546843,D5a
26548147,D5a
26560818,D5a
26569005,D5a
26573562,D5a
26573563,D5a
26573564,D5a
26573565,D5a
26574849,D5a
26574851,D5a
26575967,D5a
26579850,D5a
26584502,D5a
26594968,D5a
26594979,D5a
26594987,D5a
26594988,D5a
26595001,D5a
26595019,D5a
26598243,D5a
26603061,D5a
26603194,D5a
26608155,D5a
26608156,D5a
26609803,D5a
26616028,D5a
26620161,D5a
26630463,D5a
26630868,D5a
26638831,D5a
26648206,D5a
26650496,D5a
26655413,D5a
26655415,D5a
26657162,D5a
26659615,D5a
26669547,D5a
26672688,D5a
26672712,D5a
26673046,D5a
26674893,D5a
26674905,D5a
26676200,D5a
26679552,D5a
26687554,D5a
26688945,D5a
26699818,D5a
26701322,D5a
26703028,D5a
26703046,D5a
26703058,D5a
26707429,D5a
26710026,D5a
26718384,D5a
26718845,D5a
26723177,D5a
26723862,D5a
26725107,D5a
26729274,D5a
26731255,D5a
26737442,D5a
26742394,D5a
26742395,D5a
26745199,D5a
26749175,D5a
26749535,D5a
26752131,D5a
26757627,D5a
26757631,D5a
26759290,D5a
26759294,D5a
26774074,D5a
26774360,D5a
26778686,D5a
26782159,D5a
26787384,D5a
26794400,D5a
26800181,D5a
26825743,D5a
26827973,D5a
26827981,D5a
26846794,D5a
26847508,D5a
26847509,D5a
26847510,D5a
26847511,D5a
26847512,D5a
26847516,D5a
26850873,D5a
26852460,D5a
26854621,D5a
26856299,D5a
26865007,D5a
26868183,D5a
26876144,D5a
26880012,D5a
26886571,D5a
26887402,D5a
26890460,D5a
26897299,D5a
26897301,D5a
26901524,D5a
26911802,D5a
26914161,D5a
26916561,D5a
26917200,D5a
26917205,D5a
26917207,D5a
26919766,D5a
26923345,D5a
26923557,D5a
26932593,D5a
26935211,D5a
26935212,D5a
26935213,D5a
26935962,D5a
26936559,D5a
26947108,D5a
26947811,D5a
26948017,D5a
26948019,D5a
26953044,D5a
26953420,D5a
26960006,D5a
26967076,D5a
26974034,D5a
26976284,D5a
26976697,D5a
26980136,D5a
26982111,D5a
26994455,D5a
26994456,D5a
26994564,D5a
26999886,D5a
27002726,D5a
27004291,D5a
27007767,D5a
27012604,D5a
27012762,D5a
27017103,D5a
27018094,D5a
27018680,D5a
27021449,D5a
27025234,D5a
27026208,D5a
27029091,D5a
27035602,D5a
27040746,D5a
27040747,D5a
27041697,D5a
27046471,D5a
27052637,D5a
27055979,D5a
27058356,D5a
27060493,D5a
27062073,D5a
27068664,D5a
27068853,D5a
27070669,D5a
27070687,D5a
27077246,D5a
27077258,D5a
27080045,D5a
27080163,D5a
27083222,D5a
27083234,D5a
27083235,D5a
27083236,D5a
27083576,D5a
27092811,D5a
27102289,D5a
27102327,D5a
27104987,D5a
27104988,D5a
27107381,D5a
27107473,D5a
27129584,D5a
27131256,D5a
27138685,D5a
27140833,D5a
27148651,D5a
27154514,D5a
27156066,D5a
27156429,D5a
27157633,D5a
27171960,D5a
27177906,D5a
27181623,D5a
27183088,D5a
27185389,D5a
27185706,D5a
27189924,D5a
27191390,D5a
27192981,D5a
27193474,D5a
27220603,D5a
27222433,D5a
27235382,D5a
27237078,D5a
27238406,D5a
27240000,D5a
27240820,D5a
27251156,D5a
27256011,D5a
27256529,D5a
27256798,D5a
27258707,D5a
27263757,D5a
27266200,D5a
27266205,D5a
27267706,D5a
27269221,D5a
27269412,D5a
27283081,D5a
27283358,D5a
27283505,D5a
27284586,D5a
27285097,D5a
27295262,D5a
27296955,D5a
27312722,D5a
27316855,D5a
27317160,D5a
27318923,D5a
27319036,D5a
27325452,D5a
27329930,D5a
27333013,D5a
27334905,D5a
27339119,D5a
27341469,D5a
27356197,D5a
27357253,D5a
27364371,D5a
27371873,D5a
27373586,D5a
27374360,D5a
27375048,D5a
27378477,D5a
27380478,D5a
27388241,D5a
27391516,D5a
27391522,D5a
27397093,D5a
27400840,D5a
27401217,D5a
27402427,D5a
27403878,D5a
27418080,D5a
27423538,D5a
27425883,D5a
27427932,D5a
27428909,D5a
27432717,D5a
27436543,D5a
27438437,D5a
27438449,D5a
27441321,D5a
27442490,D5a
27444713,D5a
27447151,D5a
27448602,D5a
27465190,D5a
27466059,D5a
27468597,D5a
27469544,D5a
27474464,D5a
27481674,D5a
27490987,D5a
27496223,D5a
27498064,D5a
27501343,D5a
27513030,D5a
27515388,D5a
27517044,D5a
27517508,D5a
27519661,D5a
27524382,D5a
27524517,D5a
27527679,D5a
27529732,D5a
27529733,D5a
27531555,D5a
27536911,D5a
27538738,D5a
27540841,D5a
27542543,D5a
27542548,D5a
27542550,D5a
27545999,D5a
27548109,D5a
27548662,D5a
27549608,D5a
27557467,D5a
27560678,D5a
27567190,D5a
27571351,D5a
27571364,D5a
27575393,D5a
27577868,D5a
27582287,D5a
27608534,D5a
27609391,D5a
27613137,D5a
27614813,D5a
27618719,D5a
27622576,D5a
27632276,D5a
27633905,D5a
27634690,D5a
27639153,D5a
27649023,D5a
27663539,D5a
27665694,D5a
27669371,D5a
27673543,D5a
27677684,D5a
27677685,D5a
27682609,D5a
27683073,D5a
27683194,D5a
27688168,D5a
27692412,D5a
27694790,D5a
27712814,D5a
27717716,D5a
27717819,D5a
27722225,D5a
27723656,D5a
27726837,D5a
27733715,D5a
27745793,D5a
27746257,D5a
27748646,D5a
27749380,D5a
27756553,D5a
27756554,D5a
27759593,D5a
27766693,D5a
27769722,D5a
27769723,D5a
27783003,D5a
27789268,D5a
27791456,D5a
27806756,D5a
27815012,D5a
27816732,D5a
27819850,D5a
27825755,D5a
27832719,D5a
27832919,D5a
27856148,D5a
27856149,D5a
27858077,D5a
27861653,D5a
27862924,D5a
27879598,D5a
27887924,D5a
27888652,D5a
27889535,D5a
27891638,D5a
27892450,D5a
27893513,D5a
27893557,D5a
27894524,D5a
27898165,D5a
27901236,D5a
27906054,D5a
27911302,D5a
27912927,D5a
27915982,D5a
27922954,D5a
27930464,D5a
27931722,D5a
27938654,D5a
27939592,D5a
27941347,D5a
27956141,D5a
27958596,D5a
27965494,D5a
27977486,D5a
27977827,D5a
27990507,D5a
27997450,D5a
27998664,D5a
28003001,D5a
28005656,D5a
28005730,D5a
28005777,D5a
28005826,D5a
28011183,D5a
28024773,D5a
28027239,D5a
28027997,D5a
28032906,D5a
28034574,D5a
28043746,D5a
28045811,D5a
28045812,D5a
28045819,D5a
28049608,D5a
28049609,D5a
28057402,D5a
28060090,D5a
28062162,D5a
28065728,D5a
28067755,D5a
28081288,D5a
28087210,D5a
28089388,D5a
28089389,D5a
28096011,D5a
28101680,D5a
28114219,D5a
28118231,D5a
28121363,D5a
28125520,D5a
28129722,D5a
28140667,D5a
28142008,D5a
28142009,D5a
28153564,D5a
28153566,D5a
28157491,D5a
28166135,D5a
28168239,D5a
28168901,D5a
28174061,D5a
28189375,D5a
28193324,D5a
28195892,D5a
28196159,D5a
28206730,D5a
28207462,D5a
28207597,D5a
28207598,D5a
28207599,D5a
28212126,D5a
28212127,D5a
28215442,D5a
28215650,D5a
28218866,D5a
28219630,D5a
28223013,D5a
28232010,D5a
28234708,D5a
28234849,D5a
28234850,D5a
28235419,D5a
28236507,D5a
28237254,D5a
28237652,D5a
28238562,D5a
28241001,D5a
28245957,D5a
28247093,D5a
28248616,D5a
28249702,D5a
28253453,D5a
28254402,D5a
28256278,D5a
28257741,D5a
28258274,D5a
28259312,D5a
28280735,D5a
28281597,D5a
28288021,D5a
28293792,D5a
28293940,D5a
28301385,D5a
28302336,D5a
28302337,D5a
28317353,D5a
28318870,D5a
28318915,D5a
28318920,D5a
28318923,D5a
28323814,D5a
28326722,D5a
28328475,D5a
28330568,D5a
28330579,D5a
28332067,D5a
28336322,D5a
28337564,D5a
28341950,D5a
28343736,D5a
28344028,D5a
28349218,D5a
28350681,D5a
28351658,D5a
28355944,D5a
28363504,D5a
28367897,D5a
28370713,D5a
28381373,D5a
28382627,D5a
28385103,D5a
28385384,D5a
28387155,D5a
28390129,D5a
28391077,D5a
28391764,D5a
28392230,D5a
28393824,D5a
28398119,D5a
28399025,D5a
28399616,D5a
28402422,D5a
28406135,D5a
28411135,D5a
28412180,D5a
28419845,D5a
28421862,D5a
28425832,D5a
28427835,D5a
28431477,D5a
28431788,D5a
28432489,D5a
28433212,D5a
28433755,D5a
28433756,D5a
28438395,D5a
28438443,D5a
28438598,D5a
28442179,D5a
28446369,D5a
28457264,D5a
28457590,D5a
28462475,D5a
28462660,D5a
28463076,D5a
28466191,D5a
28468158,D5a
28476313,D5a
28482451,D5a
28488942,D5a
28489659,D5a
28495411,D5a
28499507,D5a
28499508,D5a
28500875,D5a
28500959,D5a
28502207,D5a
28514343,D5a
28515028,D5a
28521967,D5a
28528114,D5a
28528359,D5a
28530843,D5a
28538022,D5a
28539011,D5a
28549042,D5a
28550914,D5a
28550961,D5a
28552440,D5a
28554450,D5a
28566140,D5a
28570001,D5a
28570289,D5a
28570399,D5a
28570400,D5a
28570410,D5a
28576668,D5a
28579266,D5a
28580654,D5a
28581686,D5a
28582293,D5a
28582305,D5a
28582307,D5a
28584916,D5a
28587769,D5a
28593727,D5a
28595839,D5a
28597839,D5a
28598184,D5a
28601432,D5a
28602222,D5a
28604223,D5a
28604375,D5a
28605989,D5a
28606827,D5a
28608398,D5a
28611334,D5a
28619465,D5a
28623681,D5a
28624835,D5a
28633929,D5a
28633976,D5a
28643931,D5a
28644543,D5a
28644556,D5a
28645669,D5a
28646644,D5a
28648911,D5a
28650796,D5a
28652175,D5a
28660422,D5a
28663018,D5a
28664748,D5a
28665848,D5a
28669485,D5a
28669486,D5a
28672138,D5a
28680881,D5a
28681248,D5a
28684068,D5a
28684072,D5a
28684302,D5a
28684303,D5a
28689523,D5a
28692501,D5a
28696960,D5a
28708012,D5a
28708129,D5a
28719569,D5a
28727618,D5a
28728740,D5a
28732219,D5a
28732224,D5a
28735744,D5a
28735745,D5a
28736115,D5a
28737554,D5a
28739094,D5a
28743605,D5a
28745027,D5a
28746285,D5a
28749703,D5a
28751182,D5a
28751183,D5a
28752693,D5a
28754365,D5a
28760287,D5a
28760289,D5a
28774851,D5a
28786494,D5a
28800842,D5a
28800843,D5a
28802621,D5a
28803662,D5a
28817607,D5a
28818322,D5a
28822677,D5a
28822721,D5a
28822722,D5a
28822759,D5a
28826783,D5a
28826784,D5a
28834829,D5a
28834834,D5a
28838773,D5a
28840416,D5a
28841394,D5a
28842117,D5a
28843403,D5a
28843406,D5a
28843407,D5a
28843967,D5a
28845435,D5a
28853203,D5a
28857405,D5a
28857987,D5a
28859827,D5a
28866440,D5a
28869133,D5a
28870647,D5a
28870648,D5a
28872502,D5a
28872503,D5a
28872505,D5a
28885316,D5a
28885441,D5a
28891255,D5a
28891895,D5a
28894931,D5a
28904311,D5a
28906140,D5a
28906330,D5a
28906337,D5a
28906506,D5a
28921521,D5a
28922243,D5a
28927954,D5a
28927955,D5a
28932947,D5a
28937322,D5a
28938331,D5a
28939191,D5a
28939218,D5a
28944359,D5a
28946895,D5a
28947808,D5a
28950997,D5a
28951983,D5a
28952824,D5a
28953728,D5a
28953729,D5a
28958899,D5a
28962058,D5a
28962735,D5a
28962930,D5a
28966066,D5a
28966068,D5a
28968333,D5a
28980512,D5a
28980542,D5a
28988100,D5a
29016682,D5a
29022844,D5a
29023297,D5a
29023619,D5a
29024621,D5a
29029997,D5a
29030276,D5a
29031529,D5a
29040144,D5a
29042168,D5a
29042176,D5a
29046240,D5a
29053486,D5a
29053658,D5a
29055570,D5a
29057266,D5a
29061471,D5a
29066039,D5a
29066041,D5a
29068927,D5a
29068935,D5a
29074063,D5a
29077680,D5a
29078737,D5a
29084117,D5a
29088690,D5a
29089201,D5a
29091020,D5a
29095785,D5a
29095791,D5a
29100598,D5a
29102021,D5a
29102023,D5a
29103441,D5a
29103825,D5a
29103834,D5a
29104028,D5a
29104029,D5a
29104030,D5a
29108917,D5a
29112826,D5a
29116013,D5a
29116888,D5a
29117044,D5a
29135724,D5a
29140101,D5a
29140376,D5a
29140903,D5a
29146395,D5a
29153275,D5a
29164788,D5a
29173848,D5a
29183648,D5a
29183699,D5a
29188642,D5a
29193558,D5a
29194267,D5a
29194927,D5a
29196228,D5a
29200375,D5a
29202264,D5a
29202573,D5a
29205768,D5a
29210825,D5a
29215195,D5a
29216475,D5a
29217065,D5a
29221612,D5a
29223700,D5a
29232560,D5a
29240209,D5a
29240210,D5a
29241643,D5a
29243682,D5a
29245004,D5a
29246423,D5a
29248711,D5a
29249412,D5a
29260271,D5a
29269715,D5a
29275075,D5a
29279236,D5a
29280323,D5a
29280875,D5a
29283940,D5a
29286996,D5a
29287638,D5a
29287649,D5a
29288649,D5a
29295797,D5a
29297561,D5a
29301675,D5a
29303412,D5a
29303850,D5a
29303856,D5a
29315067,D5a
29328386,D5a
29336415,D5a
29336932,D5a
29339669,D5a
29345318,D5a
29351022,D5a
29351037,D5a
29351042,D5a
29351046,D5a
29351180,D5a
29351181,D5a
29351184,D5a
29353372,D5a
29369984,D5a
29373102,D5a
29373200,D5a
29378176,D5a
29379019,D5a
29381624,D5a
29381630,D5a
29384973,D5a
29385159,D5a
29388788,D5a
29390018,D5a
29398097,D5a
29398172,D5a
29399797,D5a
29402514,D5a
29402731,D5a
29406253,D5a
29406258,D5a
29406261,D5a
29406262,D5a
29406778,D5a
29407499,D5a
29408322,D5a
29409690,D5a
29411717,D5a
29412368,D5a
29425750,D5a
29426739,D5a
29429236,D5a
29437505,D5a
29437516,D5a
29442244,D5a
29446987,D5a
29447829,D5a
29457596,D5a
29461544,D5a
29461999,D5a
29465075,D5a
29475081,D5a
29476926,D5a
29477491,D5a
29481513,D5a
29481518,D5a
29483534,D5a
29489414,D5a
29489573,D5a
29493904,D5a
29496371,D5a
29496443,D5a
29497867,D5a
29501116,D5a
29502939,D5a
29507911,D5a
29511365,D5a
29521747,D5a
29521759,D5a
29525926,D5a
29533695,D5a
29534912,D5a
29544755,D5a
29545032,D5a
29549017,D5a
29550260,D5a
29553095,D5a
29554403,D5a
29557405,D5a
29560545,D5a
29561396,D5a
29563357,D5a
29569763,D5a
29570115,D5a
29572134,D5a
29580844,D5a
29594998,D5a
29595476,D5a
29602352,D5a
29606563,D5a
29608401,D5a
29613862,D5a
29623598,D5a
29625030,D5a
29626447,D5a
29628302,D5a
29631986,D5a
29636238,D5a
29636276,D5a
29636515,D5a
29638012,D5a
29638192,D5a
29641635,D5a
29642059,D5a
29644541,D5a
29651096,D5a
29652768,D5a
29654774,D5a
29654777,D5a
29655818,D5a
29657072,D5a
29658666,D5a
29662972,D5a
29667467,D5a
29672335,D5a
29676256,D5a
29677226,D5a
29678373,D5a
29678489,D5a
29691558,D5a
29691560,D5a
29691967,D5a
29694423,D5a
29697617,D5a
29697619,D5a
29700502,D5a
29703061,D5a
29703666,D5a
29709333,D5a
29709382,D5a
29723339,D5a
29724535,D5a
29724746,D5a
29725846,D5a
29728158,D5a
29728860,D5a
29742253,D5a
29746304,D5a
29747191,D5a
29752483,D5a
29753777,D5a
29773499,D5a
29775466,D5a
29776719,D5a
29776762,D5a
29778439,D5a
29782714,D5a
29787702,D5a
29792834,D5a
29794508,D5a
29794714,D5a
29794717,D5a
29795489,D5a
29797107,D5a
29798779,D5a
29799273,D5a
29800532,D5a
29803368,D5a
29805066,D5a
29806352,D5a
29806657,D5a
29843949,D5a
29846086,D5a
29848516,D5a
29853236,D5a
29857340,D5a
29857982,D5a
29857985,D5a
29859817,D5a
29859819,D5a
29861496,D5a
29863564,D5a
29866451,D5a
29876969,D5a
29877980,D5a
29877984,D5a
29880431,D5a
29884315,D5a
29886637,D5a
29887198,D5a
29894551,D5a
29895393,D5a
29902418,D5a
29909943,D5a
29914159,D5a
29916970,D5a
29916974,D5a
29916984,D5a
29924045,D5a
29926502,D5a
29926950,D5a
29927839,D5a
29933911,D5a
29935179,D5a
29935790,D5a
29943946,D5a
29949386,D5a
29951976,D5a
29952650,D5a
29952652,D5a
29952900,D5a
29953634,D5a
29954025,D5a
29957237,D5a
29957242,D5a
29957310,D5a
29960815,D5a
29970262,D5a
29978617,D5a
29980321,D5a
29980356,D5a
29983099,D5a
29990404,D5a
29992594,D5a
30006218,D5a
30007835,D5a
30011240,D5a
30015735,D5a
30017159,D5a
30017569,D5a
30020234,D5a
30031593,D5a
30035119,D5a
30040612,D5a
30040619,D5a
30041994,D5a
30048954,D5a
30049607,D5a
30055164,D5a
30055854,D5a
30055891,D5a
30067766,D5a
30069814,D5a
30074010,D5a
30076359,D5a
30082193,D5a
30085426,D5a
30086197,D5a
30088563,D5a
30088569,D5a
30093086,D5a
30097411,D5a
30099956,D5a
30100383,D5a
30103102,D5a
30106258,D5a
30112634,D5a
30113608,D5a
30113609,D5a
30116022,D5a
30118665,D5a
30143350,D5a
30144262,D5a
30144303,D5a
30145191,D5a
30146432,D5a
30148779,D5a
30150492,D5a
30155572,D5a
30157138,D5a
30168884,D5a
30170959,D5a
30172730,D5a
30173828,D5a
30173829,D5a
30174205,D5a
30181009,D5a
30186864,D5a
30188145,D5a
30188468,D5a
30192290,D5a
30193117,D5a
30193119,D5a
30196082,D5a
30196616,D5a
30196854,D5a
30196855,D5a
30196856,D5a
30196860,D5a
30197234,D5a
30198388,D5a
30201268,D5a
30208105,D5a
30212935,D5a
30220486,D5a
30228074,D5a
30231102,D5a
30231105,D5a
30231176,D5a
30243705,D5a
30243828,D5a
30255320,D5a
30261320,D5a
30264057,D5a
30269767,D5a
30270757,D5a
30272874,D5a
30277950,D5a
30277955,D5a
30280325,D5a
30287706,D5a
30290762,D5a
30291005,D5a
30293802,D5a
30296407,D5a
30296784,D5a
30301651,D5a
30306683,D5a
30306686,D5a
30314707,D5a
30318326,D5a
30320686,D5a
30320697,D5a
30320998,D5a
30321518,D5a
30322777,D5a
30325698,D5a
30333371,D5a
30341261,D5a
30341266,D5a
30341961,D5a
30343947,D5a
30346423,D5a
30346930,D5a
30352213,D5a
30358743,D5a
30358749,D5a
30362655,D5a
30369250,D5a
30373219,D5a
30376504,D5a
30377029,D5a
30384936,D5a
30391085,D5a
30391090,D5a
30395821,D5a
30411124,D5a
30412316,D5a
30414945,D5a
30416034,D5a
30420148,D5a
30420150,D5a
30424986,D5a
30427961,D5a
30430654,D5a
30439330,D5a
30443778,D5a
30446327,D5a
30447987,D5a
30462618,D5a
30463741,D5a
30465340,D5a
30467890,D5a
30470390,D5a
30475442,D5a
30480632,D5a
30481854,D5a
30482600,D5a
30483718,D5a
30488405,D5a
30497282,D5a
30497948,D5a
30500916,D5a
30502870,D5a
30503635,D5a
30507651,D5a
30507877,D5a
30507879,D5a
30511984,D5a
30521653,D5a
30522205,D5a
30522211,D5a
30522214,D5a
30526006,D5a
30528366,D5a
30531274,D5a
30531276,D5a
30531628,D5a
30537184,D5a
30543128,D5a
30550774,D5a
30556642,D5a
30560836,D5a
30562623,D5a
30570138,D5a
30570562,D5a
30570584,D5a
30576675,D5a
30578013,D5a
30579742,D5a
30581082,D5a
30581085,D5a
30583951,D5a
30586540,D5a
30590186,D5a
30591154,D5a
30591164,D5a
30597134,D5a
30598335,D5a
30599884,D5a
30599885,D5a
30599886,D5a
30609385,D5a
30612839,D5a
30614997,D5a
30622961,D5a
30624789,D5a
30630700,D5a
30638741,D5a
30638743,D5a
30639154,D5a
30640311,D5a
30640846,D5a
30643961,D5a
30644766,D5a
30646896,D5a
30647474,D5a
30661925,D5a
30664865,D5a
30665665,D5a
30665666,D5a
30676452,D5a
30680393,D5a
30685226,D5a
30688812,D5a
30688896,D5a
30691943,D5a
30693400,D5a
30698453,D5a
30699482,D5a
30702066,D5a
30704836,D5a
30707161,D5a
30707984,D5a
30707985,D5a
30716145,D5a
30717922,D5a
30717926,D5a
30718216,D5a
30724663,D5a
30733132,D5a
30737321,D5a
30737619,D5a
30737917,D5a
30738062,D5a
30740615,D5a
30745812,D5a
30746530,D5a
30755359,D5a
30759221,D5a
30763776,D5a
30765138,D5a
30768660,D5a
30769108,D5a
30769110,D5a
30772352,D5a
30773332,D5a
30773336,D5a
30773550,D5a
30777711,D5a
30778128,D5a
30792084,D5a
30794882,D5a
30796079,D5a
30803035,D5a
30807469,D5a
30807474,D5a
30807622,D5a
30809862,D5a
30816184,D5a
30817507,D5a
30817509,D5a
30817521,D5a
30817538,D5a
30818277,D5a
30818312,D5a
30818318,D5a
30825435,D5a
30836192,D5a
30836196,D5a
30839457,D5a
30845301,D5a
30851250,D5a
30851253,D5a
30851754,D5a
30851998,D5a
30853422,D5a
30856702,D5a
30860677,D5a
30869174,D5a
30871846,D5a
30874939,D5a
30875852,D5a
30878396,D5a
30884115,D5a
30884123,D5a
30892769,D5a
30894302,D5a
30896249,D5a
30898500,D5a
30902549,D5a
30903207,D5a
30904551,D5a
30905511,D5a
30910409,D5a
30910414,D5a
30910761,D5a
30914227,D5a
30919557,D5a
30919646,D5a
30921167,D5a
30926299,D5a
30926544,D5a
30929993,D5a
30933955,D5a
30935603,D5a
30935613,D5a
30935853,D5a
30935854,D5a
30939554,D5a
30939558,D5a
30954148,D5a
30954205,D5a
30954332,D5a
30959009,D5a
30962030,D5a
30963186,D5a
30967295,D5a
30975562,D5a
30980703,D5a
30986289,D5a
30992225,D5a
30994448,D5a
30994451,D5a
30998587,D5a
30998594,D5a
31000205,D5a
31002787,D5a
31003919,D5a
31004589,D5a
31005620,D5a
31008106,D5a
31014060,D5a
31016333,D5a
31016403,D5a
31022143,D5a
31023388,D5a
31029533,D5a
31033678,D5a
31033828,D5a
31033831,D5a
31034634,D5a
31034793,D5a
31044510,D5a
31046965,D5a
31047720,D5a
31053286,D5a
31056025,D5a
31059148,D5a
31061179,D5a
31068319,D5a
31074136,D5a
31074137,D5a
31078333,D5a
31080051,D5a
31081004,D5a
31085018,D5a
31085061,D5a
31089896,D5a
31090751,D5a
31091560,D5a
31093791,D5a
31095627,D5a
31104918,D5a
31105281,D5a
31108059,D5a
31113651,D5a
31117867,D5a
31122800,D5a
31124818,D5a
31124829,D5a
31130356,D5a
31136492,D5a
31141986,D5a
31144998,D5a
31145325,D5a
31147568,D5a
31148293,D5a
31150839,D5a
31153452,D5a
31153940,D5a
31153941,D5a
31155397,D5a
31166256,D5a
31172673,D5a
31173045,D5a
31177525,D5a
31178267,D5a
31184633,D5a
31187103,D5a
31205271,D5a
31208787,D5a
31217382,D5a
31219944,D5a
31221473,D5a
31221614,D5a
31226194,D5a
31227453,D5a
31228428,D5a
31229252,D5a
31230769,D5a
31232991,D5a
31233005,D5a
31235390,D5a
31239083,D5a
31240743,D5a
31246828,D5a
31254637,D5a
31255372,D5a
31256831,D5a
31256838,D5a
31256987,D5a
31257550,D5a
31261319,D5a
31261325,D5a
31261330,D5a
31262680,D5a
31266562,D5a
31266680,D5a
31270054,D5a
31274569,D5a
31274666,D5a
31276653,D5a
31276658,D5a
31278306,D5a
31278343,D5a
31283640,D5a
31286944,D5a
31293251,D5a
31296246,D5a
31299342,D5a
31299761,D5a
31299762,D5a
31300933,D5a
31306383,D5a
31306519,D5a
31308285,D5a
31327806,D5a
31330302,D5a
31331851,D5a
31332567,D5a
31335577,D5a
31337568,D5a
31345578,D5a
31348201,D5a
31348202,D5a
31348355,D5a
31350789,D5a
31352516,D5a
31353139,D5a
31356692,D5a
31357848,D5a
31358850,D5a
31365130,D5a
31369666,D5a
31370693,D5a
31370921,D5a
31372997,D5a
31378027,D5a
31384901,D5a
31388763,D5a
31391415,D5a
31392828,D5a
31397412,D5a
31399294,D5a
31402205,D5a
31404678,D5a
31407430,D5a
31420120,D5a
31427167,D5a
31448384,D5a
31449211,D5a
31449227,D5a
31449571,D5a
31451303,D5a
31455575,D5a
31456002,D5a
31461059,D5a
31461060,D5a
31464921,D5a
31465726,D5a
31469743,D5a
31470467,D5a
31474261,D5a
31474271,D5a
31479765,D5a
31488380,D5a
31490437,D5a
31494307,D5a
31495722,D5a
31495753,D5a
31495755,D5a
31495757,D5a
31506186,D5a
31519983,D5a
31527720,D5a
31532225,D5a
31532857,D5a
31535100,D5a
31537079,D5a
31537815,D5a
31541271,D5a
31548456,D5a
31551129,D5a
31560868,D5a
31562034,D5a
31568756,D5a
31574260,D5a
31574782,D5a
31582125,D5a
31587823,D5a
31592947,D5a
31594714,D5a
31595815,D5a
31601471,D5a
31606999,D5a
31607005,D5a
31609942,D5a
31609949,D5a
31623933,D5a
31624400,D5a
31631672,D5a
31645264,D5a
31648962,D5a
31650685,D5a
31652212,D5a
31653575,D5a
31657529,D5a
31662363,D5a
31663419,D5a
31664470,D5a
31668665,D5a
31669455,D5a
31673817,D5a
31677676,D5a
31678060,D5a
31685342,D5a
31685343,D5a
31685345,D5a
31685347,D5a
31685348,D5a
31685406,D5a
31686132,D5a
31686250,D5a
31687951,D5a
31689731,D5a
31699580,D5a
31699581,D5a
31699582,D5a
31699583,D5a
31706714,D5a
31707628,D5a
31712010,D5a
31718918,D5a
31721489,D5a
31728734,D5a
31729576,D5a
31730759,D5a
31734091,D5a
31740866,D5a
31743571,D5a
31744601,D5a
31753462,D5a
31755732,D5a
31761481,D5a
31764642,D5a
31764643,D5a
31764693,D5a
31764694,D5a
31778641,D5a
31779766,D5a
31784585,D5a
31784741,D5a
31788737,D5a
31793337,D5a
31796445,D5a
31810563,D5a
31810619,D5a
31810851,D5a
31812305,D5a
31812310,D5a
31813754,D5a
31820092,D5a
31833889,D5a
31842859,D5a
31843180,D5a
31849199,D5a
31851019,D5a
31856136,D5a
31859654,D5a
31862117,D5a
31864336,D5a
31864858,D5a
31870722,D5a
31881172,D5a
31882726,D5a
31883259,D5a
31883853,D5a
31887295,D5a
31889580,D5a
31895847,D5a
31902605,D5a
31905053,D5a
31918988,D5a
31925879,D5a
31931183,D5a
31934972,D5a
31934978,D5a
31934979,D5a
31948607,D5a
31960710,D5a
31977682,D5a
31977686,D5a
31981439,D5a
31985650,D5a
31987591,D5a
31991010,D5a
31992048,D5a
31992457,D5a
31996512,D5a
32002693,D5a
32005478,D5a
32005513,D5a
32006486,D5a
32008874,D5a
32031100,D5a
32035836,D5a
32037758,D5a
32037772,D5a
32040465,D5a
32047228,D5a
32049917,D5a
32056328,D5a
32057693,D5a
32061430,D5a
32064774,D5a
32065734,D5a
32068168,D5a
32068723,D5a
32068727,D5a
32068728,D5a
32069362,D5a
32069970,D5a
32071469,D5a
32083127,D5a
32091649,D5a
32097323,D5a
32098718,D5a
32100114,D5a
32100178,D5a
32102761,D5a
32105233,D5a
32112187,D5a
32113474,D5a
32114874,D5a
32115300,D5a
32115348,D5a
32116083,D5a
32118665,D5a
32122703,D5a
32123263,D5a
32126863,D5a
32127303,D5a
32127304,D5a
32131990,D5a
32134023,D5a
32139147,D5a
32142572,D5a
32142579,D5a
32144392,D5a
32145083,D5a
32145205,D5a
32156446,D5a
32156496,D5a
32171655,D5a
32173246,D5a
32181610,D5a
32183265,D5a
32183498,D5a
32185199,D5a
32195834,D5a
32195835,D5a
32197886,D5a
32220608,D5a
32221228,D5a
32221230,D5a
32222578,D5a
32224576,D5a
32224781,D5a
32229178,D5a
32229181,D5a
32233183,D5a
32233185,D5a
32233190,D5a
32245731,D5a
32245996,D5a
32246909,D5a
32247439,D5a
32274484,D5a
32277256,D5a
32282480,D5a
32282664,D5a
32282669,D5a
32282685,D5a
32302214,D5a
32310867,D5a
32310874,D5a
32312935,D5a
32315428,D5a
32330431,D5a
32332545,D5a
32332550,D5a
32336398,D5a
32339481,D5a
32343277,D5a
32344891,D5a
32354436,D5a
32354439,D5a
32354440,D5a
32369385,D5a
32371687,D5a
32371693,D5a
32376076,D5a
32380003,D5a
32381464,D5a
32392438,D5a
32395819,D5a
32401996,D5a
32402496,D5a
32406658,D5a
32406663,D5a
32409131,D5a
32416285,D5a
32417318,D5a
32424379,D5a
32425025,D5a
32425033,D5a
32428460,D5a
32428461,D5a
32433133,D5a
32436459,D5a
32439368,D5a
32442634,D5a
32446569,D5a
32446591,D5a
32448566,D5a
32449060,D5a
32459733,D5a
32459778,D5a
32464019,D5a
32464022,D5a
32464103,D5a
32471026,D5a
32471559,D5a
32472873,D5a
32473802,D5a
32475127,D5a
32479810,D5a
32486566,D5a
32487309,D5a
32487312,D5a
32487834,D5a
32487837,D5a
32497489,D5a
32500865,D5a
32505338,D5a
32505528,D5a
32506335,D5a
32507354,D5a
32507405,D5a
32507897,D5a
32513016,D5a
32513223,D5a
32527566,D5a
32531267,D5a
32531831,D5a
32533749,D5a
32535762,D5a
32546427,D5a
32562420,D5a
32569038,D5a
32569057,D5a
32574606,D5a
32574867,D5a
32588341,D5a
32588700,D5a
32591262,D5a
32600745,D5a
32604283,D5a
32604301,D5a
32610047,D5a
32615098,D5a
32616752,D5a
32618100,D5a
32618748,D5a
32620453,D5a
32621806,D5a
32622000,D5a
32624265,D5a
32624266,D5a
32626762,D5a
32627109,D5a
32628933,D5a
32636086,D5a
32636087,D5a
32638484,D5a
32645285,D5a
32646503,D5a
32646786,D5a
32646790,D5a
32646817,D5a
32649545,D5a
32649568,D5a
32649603,D5a
32649889,D5a
32649898,D5a
32651646,D5a
32652610,D5a
32653996,D5a
32654935,D5a
32661575,D5a
32662834,D5a
32663275,D5a
32663302,D5a
32667403,D5a
32675028,D5a
32675030,D5a
32680812,D5a
32682645,D5a
32682646,D5a
32685538,D5a
32692525,D5a
32694715,D5a
32696672,D5a
32706400,D5a
32724933,D5a
32726330,D5a
32728040,D5a
32736835,D5a
32738002,D5a
32741515,D5a
32741516,D5a
32741517,D5a
32741518,D5a
32747146,D5a
32753121,D5a
32753286,D5a
32763149,D5a
32768402,D5a
32769282,D5a
32779969,D5a
32781256,D5a
32788487,D5a
32798160,D5a
32798163,D5a
32803441,D5a
32804812,D5a
32807597,D5a
32807630,D5a
32807713,D5a
32809057,D5a
32810362,D5a
32810443,D5a
32810600,D5a
32813169,D5a
32815374,D5a
32815390,D5a
32826735,D5a
32831187,D5a
32833840,D5a
32843377,D5a
32852656,D5a
32856183,D5a
32858611,D5a
32858617,D5a
32860159,D5a
32863089,D5a
32868720,D5a
32871855,D5a
32872765,D5a
32873467,D5a
32873841,D5a
32878152,D5a
32879928,D5a
32881823,D5a
32883153,D5a
32886686,D5a
32888335,D5a
32891508,D5a
32901268,D5a
32902075,D5a
32910746,D5a
32919821,D5a
32921555,D5a
32929768,D5a
32937837,D5a
32940142,D5a
32940776,D5a
32948342,D5a
32950337,D5a
32951871,D5a
32964339,D5a
32965391,D5a
32966767,D5a
32969290,D5a
32970168,D5a
32971764,D5a
32977041,D5a
32978114,D5a
32985539,D5a
32988276,D5a
32991652,D5a
32994035,D5a
33002610,D5a
33004872,D5a
33008698,D5a
33008712,D5a
33009328,D5a
33009329,D5a
33012051,D5a
33019711,D5a
33023295,D5a
33025942,D5a
33027171,D5a
33027175,D5a
33028292,D5a
33031773,D5a
33034175,D5a
33034186,D5a
33038301,D5a
33041190,D5a
33041238,D5a
33045265,D5a
33047709,D5a
33048849,D5a
33051118,D5a
33059516,D5a
33059561,D5a
33059895,D5a
33067757,D5a
33085235,D5a
33097889,D5a
33106901,D5a
33107598,D5a
33110654,D5a
33130581,D5a
33131986,D5a
33136786,D5a
33136787,D5a
33136850,D5a
33136853,D5a
33136855,D5a
33136858,D5a
33136875,D5a
33136881,D5a
33136882,D5a
33136957,D5a
33136961,D5a
33143439,D5a
33155066,D5a
33156169,D5a
33158695,D5a
33161500,D5a
33162297,D5a
33165116,D5a
33167709,D5a
33168369,D5a
33171114,D5a
33171561,D5a
33171565,D5a
33174395,D5a
33177274,D5a
33201070,D5a
33203335,D5a
33213706,D5a
33214025,D5a
33217192,D5a
33220090,D5a
33229066,D5a
33229067,D5a
33232660,D5a
33235043,D5a
33235045,D5a
33235169,D5a
33246354,D5a
33256789,D5a
33267554,D5a
33270059,D5a
33270061,D5a
33270880,D5a
33270884,D5a
33272289,D5a
33277160,D5a
33285107,D5a
33288374,D5a
33289782,D5a
33291272,D5a
33293148,D5a
33305502,D5a
33306643,D5a
33307209,D5a
33314004,D5a
33314302,D5a
33334638,D5a
33339970,D5a
33346183,D5a
33346531,D5a
33346553,D5a
33357968,D5a
33358030,D5a
33358117,D5a
33358521,D5a
33358708,D5a
33359102,D5a
33370062,D5a
33372024,D5a
33373430,D5a
33376041,D5a
33377342,D5a
33377345,D5a
33378482,D5a
33378483,D5a
33378484,D5a
33378504,D5a
33382392,D5a
33390311,D5a
33395359,D5a
33405441,D5a
33405452,D5a
33415380,D5a
33423587,D5a
33423893,D5a
33427022,D5a
33431227,D5a
33438956,D5a
33439604,D5a
33441281,D5a
33441283,D5a
33443885,D5a
33446444,D5a
33451811,D5a
33451941,D5a
33452746,D5a
33459032,D5a
33465775,D5a
33465777,D5a
33468331,D5a
33472243,D5a
33476460,D5a
33481470,D5a
33481476,D5a
33485074,D5a
33487498,D5a
33491369,D5a
33491933,D5a
33496521,D5a
33497345,D5a
33503382,D5a
33508238,D5a
33509257,D5a
33518395,D5a
33534324,D5a
33538444,D5a
33539812,D5a
33543224,D5a
33546846,D5a
33549539,D5a
33563004,D5a
33566066,D5a
33570787,D5a
33573882,D5a
33579540,D5a
33579617,D5a
33581956,D5a
33586114,D5a
33595906,D5a
33600524,D5a
33600535,D5a
33602598,D5a
33602648,D5a
33605357,D5a
33607785,D5a
33616716,D5a
33620600,D5a
33622061,D5a
33627752,D5a
33628100,D5a
33632574,D5a
33633247,D5a
33637392,D5a
33638129,D5a
33641063,D5a
33641821,D5a
33641822,D5a
33642150,D5a
33648817,D5a
33649993,D5a
33658151,D5a
33674933,D5a
33677785,D5a
33678490,D5a
33678492,D5a
33685740,D5a
33690855,D5a
33694027,D5a
33704982,D5a
33705012,D5a
33705056,D5a
33705057,D5a
33705068,D5a
33706369,D5a
33706386,D5a
33710053,D5a
33712310,D5a
33712317,D5a
33713101,D5a
33714624,D5a
33714626,D5a
33722284,D5a
33736627,D5a
33737017,D5a
33741253,D5a
33741872,D5a
33748923,D5a
33750094,D5a
33753663,D5a
33757328,D5a
33757746,D5a
33763742,D5a
33764911,D5a
33764927,D5a
33765156,D5a
33765157,D5a
33768356,D5a
33771377,D5a
33772316,D5a
33775535,D5a
33791365,D5a
33795178,D5a
33795190,D5a
33822036,D5a
33822762,D5a
33835066,D5a
33836070,D5a
33845644,D5a
33846049,D5a
33848666,D5a
33849784,D5a
33852519,D5a
33853633,D5a
33863590,D5a
33863621,D5a
33864896,D5a
33867509,D5a
33871372,D5a
33876318,D5a
33881549,D5a
33882343,D5a
33888384,D5a
33897619,D5a
33906775,D5a
33906812,D5a
33917587,D5a
33934974,D5a
33941437,D5a
33952406,D5a
33959816,D5a
33961611,D5a
33965325,D5a
33966966,D5a
33985866,D5a
33988332,D5a
33992513,D5a
33992517,D5a
33993405,D5a
33994110,D5a
33994290,D5a
33994293,D5a
33994296,D5a
33994298,D5a
34000438,D5a
34006073,D5a
34006075,D5a
34009213,D5a
34010318,D5a
34013452,D5a
34016501,D5a
34023288,D5a
34027746,D5a
34040126,D5a
34041872,D5a
34051933,D5a
34077799,D5a
34080282,D5a
34083086,D5a
34091502,D5a
34092467,D5a
34101342,D5a
34109366,D5a
34109367,D5a
34115071,D5a
34115076,D5a
34118465,D5a
34120792,D5a
34121723,D5a
34131790,D5a
34132509,D5a
34144940,D5a
34153247,D5a
34153258,D5a
34157445,D5a
34159205,D5a
34172680,D5a
34172683,D5a
34185180,D5a
34185671,D5a
34185852,D5a
34189643,D5a
34191768,D5a
34193780,D5a
34215417,D5a
34224457,D5a
34224792,D5a
34233852,D5a
34237437,D5a
34238876,D5a
34239931,D5a
34245492,D5a
34245697,D5a
34250560,D5a
34255881,D5a
34256775,D5a
34260455,D5a
34260458,D5a
34260465,D5a
34260467,D5a
34260469,D5a
34268630,D5a
34269239,D5a
34270273,D5a
34272110,D5a
34274200,D5a
34274246,D5a
34274287,D5a
34279232,D5a
34281308,D5a
34284763,D5a
34284889,D5a
34285911,D5a
34287054,D5a
34289673,D5a
34292444,D5a
34301272,D5a
34302576,D5a
34309844,D5a
34311998,D5a
34312068,D5a
34319266,D5a
34319283,D5a
34319284,D5a
34319286,D5a
34325976,D5a
34327588,D5a
34328479,D5a
34332833,D5a
34337064,D5a
34339878,D5a
34353687,D5a
34373185,D5a
34378072,D5a
34378669,D5a
34379704,D5a
34383373,D5a
34387266,D5a
34387267,D5a
34393141,D5a
34405532,D5a
34407912,D5a
34409098,D5a
34409808,D5a
34411213,D5a
34418017,D5a
34420085,D5a
34420783,D5a
34426056,D5a
34435043,D5a
34446294,D5a
34449038,D5a
34453904,D5a
34454599,D5a
34456077,D5a
34456080,D5a
34456281,D5a
34462161,D5a
34463788,D5a
34464343,D5a
34465477,D5a
34468850,D5a
34479669,D5a
34494125,D5a
34503857,D5a
34507005,D5a
34510068,D5a
34511359,D5a
34514855,D5a
34514859,D5a
34516059,D5a
34516068,D5a
34517155,D5a
34524377,D5a
34524381,D5a
34528155,D5a
34529592,D5a
34530468,D5a
34531351,D5a
34533757,D5a
34535348,D5a
34538794,D5a
34542811,D5a
34546287,D5a
34547267,D5a
34550844,D5a
34560745,D5a
34562076,D5a
34564681,D5a
34571439,D5a
34579837,D5a
34587249,D5a
34587485,D5a
34587642,D5a
34598864,D5a
34605062,D5a
34619733,D5a
34620517,D5a
34622330,D5a
34624669,D5a
34627665,D5a
34628097,D5a
34628099,D5a
34628100,D5a
34629384,D5a
34636206,D5a
34636754,D5a
34639277,D5a
34642060,D5a
34654418,D5a
34656408,D5a
34661774,D5a
34663511,D5a
34663525,D5a
34665489,D5a
34669826,D5a
34670047,D5a
34670968,D5a
34674092,D5a
34678495,D5a
34690316,D5a
34693433,D5a
34698641,D5a
34698726,D5a
34705783,D5a
34705785,D5a
34713737,D5a
34714923,D5a
34715408,D5a
34715410,D5a
34716071,D5a
34728105,D5a
34732672,D5a
34740472,D5a
34740571,D5a
34742634,D5a
34750940,D5a
34755611,D5a
34758348,D5a
34762775,D5a
34763403,D5a
34763410,D5a
34769770,D5a
34775446,D5a
34776475,D5a
34794919,D5a
34802886,D5a
34802887,D5a
34809887,D5a
34812063,D5a
34816816,D5a
34817686,D5a
34817927,D5a
34818393,D5a
34818399,D5a
34826028,D5a
34830451,D5a
34838488,D5a
34847125,D5a
34854989,D5a
34855081,D5a
34862066,D5a
34863696,D5a
34866250,D5a
34871583,D5a
34873962,D5a
34876326,D5a
34879015,D5a
34879811,D5a
34886834,D5a
34887170,D5a
34888612,D5a
34888614,D5a
34897931,D5a
34904458,D5a
34907947,D5a
34907951,D5a
34907954,D5a
34907955,D5a
34910693,D5a
34911676,D5a
34919469,D5a
34919604,D5a
34919624,D5a
34923189,D5a
34924271,D5a
34936007,D5a
34936621,D5a
34936622,D5a
34936991,D5a
34952772,D5a
34953646,D5a
34964257,D5a
34965298,D5a
34968816,D5a
34974929,D5a
34978096,D5a
34980822,D5a
34980838,D5a
34982453,D5a
34984494,D5a
34986216,D5a
34990600,D5a
34991113,D5a
34991905,D5a
34996662,D5a
34999612,D5a
35000951,D5a
35005022,D5a
35013782,D5a
35022847,D5a
35031193,D5a
35032439,D5a
35034798,D5a
35042361,D5a
35042647,D5a
35058100,D5a
35059461,D5a
35060969,D5a
35065834,D5a
35065835,D5a
35072416,D5a
35072418,D5a
35077189,D5a
35085684,D5a
35090932,D5a
35099307,D5a
35101320,D5a
35103321,D5a
35119401,D5a
35119412,D5a
35119414,D5a
35119517,D5a
35120785,D5a
35125246,D5a
35126790,D5a
35132764,D5a
35134374,D5a
35142731,D5a
35148528,D5a
35148911,D5a
35151639,D5a
35157029,D5a
35164983,D5a
35164985,D5a
35165005,D5a
35167179,D5a
35171057,D5a
35175981,D5a
35176885,D5a
35179747,D5a
35183403,D5a
35184108,D5a
35184535,D5a
35189086,D5a
35191405,D5a
35194682,D5a
35195022,D5a
35206128,D5a
35219636,D5a
35220265,D5a
35221139,D5a
35221148,D5a
35226131,D5a
35232623,D5a
35234078,D5a
35235636,D5a
35240666,D5a
35240673,D5a
35246368,D5a
35249773,D5a
35258010,D5a
35260329,D5a
35261360,D5a
35261362,D5a
35263683,D5a
35263684,D5a
35275856,D5a
35275864,D5a
35288080,D5a
35292268,D5a
35293981,D5a
35303119,D5a
35305890,D5a
35306610,D5a
35313356,D5a
35317950,D5a
35320382,D5a
35322115,D5a
35323076,D5a
35325014,D5a
35331564,D5a
35344096,D5a
35346522,D5a
35347853,D5a
35351347,D5a
35353085,D5a
35359186,D5a
35362710,D5a
35362849,D5a
35367091,D5a
35380118,D5a
35380855,D5a
35385240,D5a
35385799,D5a
35413855,D5a
35428602,D5a
35428947,D5a
35429315,D5a
35434758,D5a
35437194,D5a
35440012,D5a
35441961,D5a
35446949,D5a
35461972,D5a
35472106,D5a
35476866,D5a
35477011,D5a
35485479,D5a
35488479,D5a
35506653,D5a
35508035,D5a
35526579,D5a
35527147,D5a
35537896,D5a
35557025,D5a
35568120,D5a
35568121,D5a
35568577,D5a
35575244,D5a
35575641,D5a
35578774,D5a
35587671,D5a
35593928,D5a
35594908,D5a
35595867,D5a
35595944,D5a
35606209,D5a
35609172,D5a
35613289,D5a
35614431,D5a
35627810,D5a
35636471,D5a
35643566,D5a
35652876,D5a
35655203,D5a
35657829,D5a
35667995,D5a
35691888,D5a
35695628,D5a
35705970,D5a
35713366,D5a
35727667,D5a
35733126,D5a
35737145,D5a
35737681,D5a
35738731,D5a
35750571,D5a
35752492,D5a
35753942,D5a
35760309,D5a
35760659,D5a
35761444,D5a
35765131,D5a
35765141,D5a
35769036,D5a
35773730,D5a
35776922,D5a
35778359,D5a
35787829,D5a
35788289,D5a
35803558,D5a
35809648,D5a
35810073,D5a
35817129,D5a
35817318,D5a
35821009,D5a
35821090,D5a
35821135,D5a
35830308,D5a
35830319,D5a
35831722,D5a
35831753,D5a
35835610,D5a
35835701,D5a
35835925,D5a
35837697,D5a
35841608,D5a
35843789,D5a
35851357,D5a
35864585,D5a
35867239,D5a
35870422,D5a
35871879,D5a
35871880,D5a
35871977,D5a
35872961,D5a
35876372,D5a
35881820,D5a
35882014,D5a
35894423,D5a
35904828,D5a
35905386,D5a
35907134,D5a
35909182,D5a
35924476,D5a
35934567,D5a
35941575,D5a
35953564,D5a
35954926,D5a
35959577,D5a
35963806,D5a
35963807,D5a
35968969,D5a
35970956,D5a
35973117,D5a
35976752,D5a
35978222,D5a
35984047,D5a
35984326,D5a
35987801,D5a
35994744,D5a
36000751,D5a
36007001,D5a
36011805,D5a
36013510,D5a
36018345,D5a
36030091,D5a
36031147,D5a
36036281,D5a
36036500,D5a
36041093,D5a
36044286,D5a
36044300,D5a
36047687,D5a
36049864,D5a
36054615,D5a
36055864,D5a
36055865,D5a
36058822,D5a
36058835,D5a
36067932,D5a
36070150,D5a
36075836,D5a
36076358,D5a
36076359,D5a
36084226,D5a
36089584,D5a
36097080,D5a
36098813,D5a
36100528,D5a
36100975,D5a
36100976,D5a
36101940,D5a
36104604,D5a
36104836,D5a
36107287,D5a
36109268,D5a
36115778,D5a
36115779,D5a
36116544,D5a
36121522,D5a
36122841,D5a
36143920,D5a
36151404,D5a
36161529,D5a
36163310,D5a
36166659,D5a
36170301,D5a
36170304,D5a
36170305,D5a
36170306,D5a
36173692,D5a
36173724,D5a
36179452,D5a
36184071,D5a
36184761,D5a
36184762,D5a
36189567,D5a
36196513,D5a
36197540,D5a
36201697,D5a
36201701,D5a
36201703,D5a
36208820,D5a
36216032,D5a
36217227,D5a
36217583,D5a
36220954,D5a
36228143,D5a
36239295,D5a
36244953,D5a
36249910,D5a
36251858,D5a
36253918,D5a
36254944,D5a
36268926,D5a
36272940,D5a
36279049,D5a
36301158,D5a
36322249,D5a
36336591,D5a
36336592,D5a
36336593,D5a
36336594,D5a
36336596,D5a
36336597,D5a
36336598,D5a
36336599,D5a
36336600,D5a
36336601,D5a
36336602,D5a
36336603,D5a
36336985,D5a
36346662,D5a
36376159,D5a
36376174,D5a
36379819,D5a
36394734,D5a
36396264,D5a
36400644,D5a
36401069,D5a
36409847,D5a
36409868,D5a
36410398,D5a
36411171,D5a
36428154,D5a
36441419,D5a
36443143,D5a
36460573,D5a
36473761,D5a
36481123,D5a
36481124,D5a
36494655,D5a
36498101,D5a
36503861,D5a
36511050,D5a
36517840,D5a
36520124,D5a
36529571,D5a
36534312,D5a
36539789,D5a
36542329,D5a
36563638,D5a
36566102,D5a
36574044,D5a
36578061,D5a
36581697,D5a
36587844,D5a
36592362,D5a
36608101,D5a
36621385,D5a
36629885,D5a
36631872,D5a
36639342,D5a
36642633,D5a
36642685,D5a
36648584,D5a
36657407,D5a
36658055,D5a
36660981,D5a
36661876,D5a
36681095,D5a
36683425,D5a
36685503,D5a
36692966,D5a
36702352,D5a
36704953,D5a
36705515,D5a
36707311,D5a
36718690,D5a
36721338,D5a
36723783,D5a
36728461,D5a
36729621,D5a
36735814,D5a
36736421,D5a
36745135,D5a
36748281,D5a
36748327,D5a
36748778,D5a
36749652,D5a
36752416,D5a
36752492,D5a
36764580,D5a
36767291,D5a
36767949,D5a
36793033,D5a
36794525,D5a
36796824,D5a
36802748,D5a
36803856,D5a
36804362,D5a
36804875,D5a
36806300,D5a
36826515,D5a
36828126,D5a
36834244,D5a
36847706,D5a
36862692,D5a
36867218,D5a
36872524,D5a
36881158,D5a
36912681,D5a
36913552,D5a
36922388,D5a
36923624,D5a
36934241,D5a
36937478,D5a
36940142,D5a
36940157,D5a
36946892,D5a
36959345,D5a
36965515,D5a
36970806,D5a
36996531,D5a
37003414,D5a
37010321,D5a
37010635,D5a
37011882,D5a
37017754,D5a
37019738,D5a
37022352,D5a
37022528,D5a
37024362,D5a
37036313,D5a
37042239,D5a
37047982,D5a
37055311,D5a
37066933,D5a
37077142,D5a
37077147,D5a
37083904,D5a
37083986,D5a
37086750,D5a
37087313,D5a
37095513,D5a
37097837,D5a
37104501,D5a
37105492,D5a
37114810,D5a
37122161,D5a
37133426,D5a
37138237,D5a
37145152,D5a
37148907,D5a
37159108,D5a
37160755,D5a
37169339,D5a
37187242,D5a
37189006,D5a
37198345,D5a
37198590,D5a
37226843,D5a
37227469,D5a
37230836,D5a
37232685,D5a
37246292,D5a
37246294,D5a
37253149,D5a
37253250,D5a
37256431,D5a
37257129,D5a
37257138,D5a
37257149,D5a
37262412,D5a
37264511,D5a
37266797,D5a
37271935,D5a
37271986,D5a
37276330,D5a
37278016,D5a
37288709,D5a
37291710,D5a
37301655,D5a
37302245,D5a
37303113,D5a
37309105,D5a
37314643,D5a
37316983,D5a
37318152,D5a
37318579,D5a
37336487,D5a
37345386,D5a
37345578,D5a
37350693,D5a
37352383,D5a
37352620,D5a
37355368,D5a
37355370,D5a
37355372,D5a
37369817,D5a
37372690,D5a
37374336,D5a
37382718,D5a
37401211,D5a
37403596,D5a
37405628,D5a
37406372,D5a
37409989,D5a
37415046,D5a
37417021,D5a
37418469,D5a
37422263,D5a
37422645,D5a
37423790,D5a
37433766,D5a
37437194,D5a
37438927,D5a
37439192,D5a
37442813,D5a
37448151,D5a
37452886,D5a
37460349,D5a
37463306,D5a
37467104,D5a
37468515,D5a
37474448,D5a
37474468,D5a
37474831,D5a
37478059,D5a
37478897,D5a
37486029,D5a
37486423,D5a
37495645,D5a
37496461,D5a
37498563,D5a
37499444,D5a
37500060,D5a
37507103,D5a
37516951,D5a
37525955,D5a
37527504,D5a
37534660,D5a
37544786,D5a
37548090,D5a
37550117,D5a
37553888,D5a
37561212,D5a
37573402,D5a
37573966,D5a
37580561,D5a
37582287,D5a
37582462,D5a
37589962,D5a
37594045,D5a
37595085,D5a
37602457,D5a
37607256,D5a
37610457,D5a
37612163,D5a
37622298,D5a
37622543,D5a
37635585,D5a
37640238,D5a
37640562,D5a
37643112,D5a
37643130,D5a
37646346,D5a
37646360,D5a
37652849,D5a
37669515,D5a
37669518,D5a
37669523,D5a
37678809,D5a
37678811,D5a
37689442,D5a
37698289,D5a
37699446,D5a
37706652,D5a
37708930,D5a
37709580,D5a
37714889,D5a
37715652,D5a
37729964,D5a
37739222,D5a
37740127,D5a
37743044,D5a
37746960,D5a
37747239,D5a
37750030,D5a
37758853,D5a
37772513,D5a
37792221,D5a
37797811,D5a
37801718,D5a
37801719,D5a
37803988,D5a
37805673,D5a
37813771,D5a
37813915,D5a
37816658,D5a
37816659,D5a
37818533,D5a
37819853,D5a
37819859,D5a
37823299,D5a
37830529,D5a
37830815,D5a
37832828,D5a
37845802,D5a
37847424,D5a
37847842,D5a
37857025,D5a
37858599,D5a
37861304,D5a
37863724,D5a
37863725,D5a
37863726,D5a
37870470,D5a
37872730,D5a
37880466,D5a
37884435,D5a
37885216,D5a
37889045,D5a
37893468,D5a
37904274,D5a
37910238,D5a
37926189,D5a
37934972,D5a
37936216,D5a
37941089,D5a
37943066,D5a
37955514,D5a
37964229,D5a
37970774,D5a
37970912,D5a
37981623,D5a
37981624,D5a
37983115,D5a
37985562,D5a
37987199,D5a
37989495,D5a
37990511,D5a
37992759,D5a
37993857,D5a
37996304,D5a
37996564,D5a
38008679,D5a
38010236,D5a
38011187,D5a
38018261,D5a
38024831,D5a
38037271,D5a
38043584,D5a
38044731,D5a
38050605,D5a
38055333,D5a
38057176,D5a
38078924,D5a
38085742,D5a
38085743,D5a
38085976,D5a
38092567,D5a
38092683,D5a
38096391,D5a
38097015,D5a
38105594,D5a
38108637,D5a
38111270,D5a
38117445,D5a
38128908,D5a
38129187,D5a
38138203,D5a
38141825,D5a
38147171,D5a
38150603,D5a
38155012,D5a
38157937,D5a
38157938,D5a
38158456,D5a
38163483,D5a
38171517,D5a
38184402,D5a
38191831,D5a
38196107,D5a
38200085,D5a
38227634,D5a
38231209,D5a
38238233,D5a
38242724,D5a
38243920,D5a
38244088,D5a
38246586,D5a
38256400,D5a
38258572,D5a
38260959,D5a
38289013,D5a
38289904,D5a
38291074,D5a
38296249,D5a
38297403,D5a
38299981,D5a
38302057,D5a
38305647,D5a
38315743,D5a
38318897,D5a
38318899,D5a
38318902,D5a
38326500,D5a
38329586,D5a
38336577,D5a
38336578,D5a
38340152,D5a
38340958,D5a
38350112,D5a
38350796,D5a
38350895,D5a
38353317,D5a
38354777,D5a
38359269,D5a
38360434,D5a
38363055,D5a
38363181,D5a
38366692,D5a
38369395,D5a
38372604,D5a
38372934,D5a
38376494,D5a
38378366,D5a
38383213,D5a
38383249,D5a
38383912,D5a
38402715,D5a
38416002,D5a
38419015,D5a
38424318,D5a
38429199,D5a
38436060,D5a
38438716,D5a
38441705,D5a
38448337,D5a
38448352,D5a
38451107,D5a
38458845,D5a
38459578,D5a
38462798,D5a
38465718,D5a
38466248,D5a
38466249,D5a
38472687,D5a
38475939,D5a
38480068,D5a
38484842,D5a
38485626,D5a
38501401,D5a
38509315,D5a
38513792,D5a
38514280,D5a
38521741,D5a
38527039,D5a
38528193,D5a
38534174,D5a
38538299,D5a
38546729,D5a
38554405,D5a
38554733,D5a
38556164,D5a
38557475,D5a
38558265,D5a
38562106,D5a
38565482,D5a
38569254,D5a
38576319,D5a
38578104,D5a
38580559,D5a
38582674,D5a
38583027,D5a
38587371,D5a
38589997,D5a
38602585,D5a
38615248,D5a
38621183,D5a
38621184,D5a
38622272,D5a
38627178,D5a
38627189,D5a
38640008,D5a
38643964,D5a
38644090,D5a
38653626,D5a
38656374,D5a
38661057,D5a
38677326,D5a
38678231,D5a
38682924,D5a
38684030,D5a
38691047,D5a
38696751,D5a
38697776,D5a
38698248,D5a
38699912,D5a
38702201,D5a
38703053,D5a
38704542,D5a
38709043,D5a
38715428,D5a
38716588,D5a
38717064,D5a
38720195,D5a
38722365,D5a
38728899,D5a
38729217,D5a
38729289,D5a
38729845,D5a
38734489,D5a
38736343,D5a
38738550,D5a
38738880,D5a
38749877,D5a
38750659,D5a
38767364,D5a
38775492,D5a
38775989,D5a
38778553,D5a
38780816,D5a
38781146,D5a
38782663,D5a
38788135,D5a
38793021,D5a
38794940,D5a
38797838,D5a
38800834,D5a
38808566,D5a
38810161,D5a
38814505,D5a
38817081,D5a
38819128,D5a
38821731,D5a
38825238,D5a
38825321,D5a
38828551,D5a
38834408,D5a
38836361,D5a
38837429,D5a
38839533,D5a
38840317,D5a
38842694,D5a
38845172,D5a
38852620,D5a
38869779,D5a
38871616,D5a
38871741,D5a
38872448,D5a
38879391,D5a
38880838,D5a
38889883,D5a
38890025,D5a
38901470,D5a
38902369,D5a
38905116,D5a
38906569,D5a
38907646,D5a
38918762,D5a
38923927,D5a
38936984,D5a
38940200,D5a
38949142,D5a
38955635,D5a
38961753,D5a
38980241,D5a
38981305,D5a
38981579,D5a
38987030,D5a
38991117,D5a
38992157,D5a
39004545,D5a
39010805,D5a
39013735,D5a
39024812,D5a
39031555,D5a
39034196,D5a
39038690,D5a
39041851,D5a
39042068,D5a
39046832,D5a
39054469,D5a
39059874,D5a
39068990,D5a
39068992,D5a
39069952,D5a
39084560,D5a
39101395,D5a
39103151,D5a
39103152,D5a
39113390,D5a
39116075,D5a
39117297,D5a
39118095,D5a
39127557,D5a
39127558,D5a
39127572,D5a
39133130,D5a
39135456,D5a
39138102,D5a
39141820,D5a
39150018,D5a
39153888,D5a
39158334,D5a
39158342,D5a
39165113,D5a
39172322,D5a
39181744,D5a
39181745,D5a
39183122,D5a
39183123,D5a
39183415,D5a
39183428,D5a
39187444,D5a
39187590,D5a
39187918,D5a
39190774,D5a
39191519,D5a
39196436,D5a
39202537,D5a
39205465,D5a
39209596,D5a
39215296,D5a
39216185,D5a
39219251,D5a
39222912,D5a
39225893,D5a
39227487,D5a
39229949,D5a
39229952,D5a
39229954,D5a
39230016,D5a
39230019,D5a
39230113,D5a
39232861,D5a
39232862,D5a
39244025,D5a
39244028,D5a
39244388,D5a
39246230,D5a
39250345,D5a
39251068,D5a
39260420,D5a
39260569,D5a
39261243,D5a
39261246,D5a
39266127,D5a
39266133,D5a
39266337,D5a
39267298,D5a
39277137,D5a
39287411,D5a
39289041,D5a
39295312,D5a
39304505,D5a
39304514,D5a
39306569,D5a
39307456,D5a
39311560,D5a
39314059,D5a
39314102,D5a
39316205,D5a
39324441,D5a
39327542,D5a
39332232,D5a
39340490,D5a
39342085,D5a
39345154,D5a
39347704,D5a
39350529,D5a
39350694,D5a
39353834,D5a
39357809,D5a
39357810,D5a
39358460,D5a
39360465,D5a
39360968,D5a
39362633,D5a
39363273,D5a
39363432,D5a
39366876,D5a
39369545,D5a
39370104,D5a
39374411,D5a
39374422,D5a
39374424,D5a
39374505,D5a
39374506,D5a
39374507,D5a
39374508,D5a
39379340,D5a
39384385,D5a
39390241,D5a
39394003,D5a
39394541,D5a
39396134,D5a
39406638,D5a
39412268,D5a
39412282,D5a
39418508,D5a
39418509,D5a
39419651,D5a
39426314,D5a
39426599,D5a
39444103,D5a
39445868,D5a
39447495,D5a
39453769,D5a
39454872,D5a
39459470,D5a
39462705,D5a
39466192,D5a
39470487,D5a
39471304,D5a
39474831,D5a
39481714,D5a
39490347,D5a
39490358,D5a
39495313,D5a
39495552,D5a
39496988,D5a
39497332,D5a
39497347,D5a
39500663,D5a
39503121,D5a
39503122,D5a
39505066,D5a
39505618,D5a
39505741,D5a
39506785,D5a
39509465,D5a
39509729,D5a
39529183,D5a
39532571,D5a
39537010,D5a
39539131,D5a
39550002,D5a
39550003,D5a
39552322,D5a
39552328,D5a
39563170,D5a
39565427,D5a
39572300,D5a
39584372,D5a
39585655,D5a
39587850,D5a
39589604,D5a
39592372,D5a
39597019,D5a
39602083,D5a
39603881,D5a
39603898,D5a
39607249,D5a
39610082,D5a
39616039,D5a
39625297,D5a
39626826,D5a
39627063,D5a
39633363,D5a
39637842,D5a
39638292,D5a
39641294,D5a
39641907,D5a
39657595,D5a
39660869,D5a
39668020,D5a
39671152,D5a
39671823,D5a
39674785,D5a
39693009,D5a
39693624,D5a
39699580,D5a
39701860,D5a
39701862,D5a
39705820,D5a
39709298,D5a
39710365,D5a
39715529,D5a
39718370,D5a
39721858,D5a
39723658,D5a
39724594,D5a
39724595,D5a
39730129,D5a
39741088,D5a
39741292,D5a
39746447,D5a
39753589,D5a
39754473,D5a
39755153,D5a
39760454,D5a
39761852,D5a
39768880,D5a
39779383,D5a
39782701,D5a
39785841,D5a
39788840,D5a
39791407,D5a
39791904,D5a
39794777,D5a
39799969,D5a
39801342,D5a
39804057,D5a
39818500,D5a
39819091,D5a
39819590,D5a
39821295,D5a
39824505,D5a
39825995,D5a
39833770,D5a
39836008,D5a
39840626,D5a
39841256,D5a
39846745,D5a
39848800,D5a
39848893,D5a
39855982,D5a
39856517,D5a
39861956,D5a
39864080,D5a
39875023,D5a
39875225,D5a
39880020,D5a
39880716,D5a
39884908,D5a
39884940,D5a
39888417,D5a
39894934,D5a
39900115,D5a
39903298,D5a
39905887,D5a
39907447,D5a
39909776,D5a
39912961,D5a
39915153,D5a
39915215,D5a
39919215,D5a
39919959,D5a
39919988,D5a
39928805,D5a
39932816,D5a
39932846,D5a
39933970,D5a
39945678,D5a
39952284,D5a
39955161,D5a
39955221,D5a
39956747,D5a
39960188,D5a
39963654,D5a
39965163,D5a
39966055,D5a
39979405,D5a
39979951,D5a
39980127,D5a
39982853,D5a
39985707,D5a
39988534,D5a
39988685,D5a
39994060,D5a
39994223,D5a
39994763,D5a
40000302,D5a
40011258,D5a
40011958,D5a
40025807,D5a
40029410,D5a
40043440,D5a
40045639,D5a
40047363,D5a
40055069,D5a
40062553,D5a
40064645,D5a
40071938,D5a
40087502,D5a
40088371,D5a
40091067,D5a
40100648,D5a
40102081,D5a
40105346,D5a
40113459,D5a
40113927,D5a
40116520,D5a
40121134,D5a
40127688,D5a
40130533,D5a
40130663,D5a
40132975,D5a
40133124,D5a
40135752,D5a
40138593,D5a
40140966,D5a
40142214,D5a
40146238,D5a
40146297,D5a
40147493,D5a
40157845,D5a
40163750,D5a
40170154,D5a
40173048,D5a
40181381,D5a
40183254,D5a
40187935,D5a
40189948,D5a
40192108,D5a
40192110,D5a
40193559,D5a
40194551,D5a
40197815,D5a
40197860,D5a
40197945,D5a
40198090,D5a
40198091,D5a
40198466,D5a
40199670,D5a
40204997,D5a
40213885,D5a
40214970,D5a
40217277,D5a
40222197,D5a
40229413,D5a
40234147,D5a
40237387,D5a
40245344,D5a
40245345,D5a
40246667,D5a
40249594,D5a
40251082,D5a
40254473,D5a
40258444,D5a
40259327,D5a
40260992,D5a
40267283,D5a
40268138,D5a
40268649,D5a
40273012,D5a
40275659,D5a
40278501,D5a
40278940,D5a
40286420,D5a
40287325,D5a
40302530,D5a
40304433,D5a
40307074,D5a
40307262,D5a
40312162,D5a
40320286,D5a
40323383,D5a
40323583,D5a
40328532,D5a
40328533,D5a
40328982,D5a
40335418,D5a
40335419,D5a
40344320,D5a
40345943,D5a
40349082,D5a
40350426,D5a
40353447,D5a
40358435,D5a
40358754,D5a
40360332,D5a
40369964,D5a
40380958,D5a
40381068,D5a
40383296,D5a
40386052,D5a
40387847,D5a
40388645,D5a
40389149,D5a
40389330,D5a
40389796,D5a
40393842,D5a
40397231,D5a
40397253,D5a
40399181,D5a
40410799,D5a
40421986,D5a
40423605,D5a
40426151,D5a
40439633,D5a
40440807,D5a
40443318,D5a
40445045,D5a
40445046,D5a
40445049,D5a
40446608,D5a
40449828,D5a
40450491,D5a
40451250,D5a
40451663,D5a
40461343,D5a
40467348,D5a
40467359,D5a
40467360,D5a
40468869,D5a
40481156,D5a
40484225,D5a
40491113,D5a
40505289,D5a
40505687,D5a
40514016,D5a
40514555,D5a
40519024,D5a
40523810,D5a
40525563,D5a
40525957,D5a
40528642,D5a
40532212,D5a
40537378,D5a
40537568,D5a
40538834,D5a
40541510,D5a
40544101,D5a
40549211,D5a
40550395,D5a
40555395,D5a
40560249,D5a
40562620,D5a
40562621,D5a
40569677,D5a
40571462,D5a
40581309,D5a
40581541,D5a
40590440,D5a
40592638,D5a
40592669,D5a
40596510,D5a
40603147,D5a
40603152,D5a
40605650,D5a
40608792,D5a
40617767,D5a
40618147,D5a
40618986,D5a
40619142,D5a
40624159,D5a
40631548,D5a
40639420,D5a
40640007,D5a
40657837,D5a
40657839,D5a
40663189,D5a
40668881,D5a
40673961,D5a
40675334,D5a
40677129,D5a
40679033,D5a
40689722,D5a
40694175,D5a
40694808,D5a
40695630,D5a
40701913,D5a
40701914,D5a
40702787,D5a
40707312,D5a
40713300,D5a
40720615,D5a
40740107,D5a
40750445,D5a
40753033,D5a
40753035,D5a
40754507,D5a
40763287,D5a
40773356,D5a
40773357,D5a
40774857,D5a
40775506,D5a
40778951,D5a
40782826,D5a
40795484,D5a
40796187,D5a
40804116,D5a
40804594,D5a
40812378,D5a
40816938,D5a
40818122,D5a
40818130,D5a
40818515,D5a
40830001,D5a
40835491,D5a
40842176,D5a
40845022,D5a
40849281,D5a
40853340,D5a
40856870,D5a
40858241,D5a
40858401,D5a
40866135,D5a
40878495,D5a
40885545,D5a
40892058,D5a
40899288,D5a
40899295,D5a
40910636,D5a
40912978,D5a
40915881,D5a
40932132,D5a
40936625,D5a
40937906,D5a
40946085,D5a
40947387,D5a
40953148,D5a
40966038,D5a
40968075,D5a
40970951,D5a
40973596,D5a
40973834,D5a
40975121,D5a
40977147,D5a
40983107,D5a
40983109,D5a
40983111,D5a
40996276,D5a
41005666,D5a
41010988,D5a
41015411,D5a
41016933,D5a
41029135,D5a
41036644,D5a
41038756,D5a
41039687,D5a
41043492,D5a
41044599,D5a
41045953,D5a
41053764,D5a
41055506,D5a
41063408,D5a
41063485,D5a
41066652,D5a
41066761,D5a
41067415,D5a
41067943,D5a
41074385,D5a
41077306,D5a
41084348,D5a
41085782,D5a
41091289,D5a
41091913,D5a
41101812,D5a
41102121,D5a
41102122,D5a
41105733,D5a
41107070,D5a
41107071,D5a
41109210,D5a
41109761,D5a
41114907,D5a
41116030,D5a
41117309,D5a
41118493,D5a
41118494,D5a
41118508,D5a
41118516,D5a
41120052,D5a
41128919,D5a
41128969,D5a
41130858,D5a
41131772,D5a
41152065,D5a
41152752,D5a
41157815,D5a
41162759,D5a
41174844,D5a
41174853,D5a
41177719,D5a
41191725,D5a
41193275,D5a
41198463,D5a
41200809,D5a
41206000,D5a
41212732,D5a
41213422,D5a
41217364,D5a
41222801,D5a
41223068,D5a
41224568,D5a
41231609,D5a
41239773,D5a
41241640,D5a
41248017,D5a
41248439,D5a
41248445,D5a
41259606,D5a
41260968,D5a
41265837,D5a
41266231,D5a
41272685,D5a
41285248,D5a
41286793,D5a
41287093,D5a
41291591,D5a
41291670,D5a
41305854,D5a
41309405,D5a
41316178,D5a
41317051,D5a
41318522,D5a
41330823,D5a
41337566,D5a
41338471,D5a
41339859,D5a
41339970,D5a
41342575,D5a
41354585,D5a
41360151,D5a
41363851,D5a
41372025,D5a
41372860,D5a
41379410,D5a
41379416,D5a
41387833,D5a
41390267,D5a
41395833,D5a
41396173,D5a
41398681,D5a
41405588,D5a
41407645,D5a
41407646,D5a
41412272,D5a
41413511,D5a
41417541,D5a
41418412,D5a
41421599,D5a
41421854,D5a
41423378,D5a
41423379,D5a
41427657,D5a
41428582,D5a
41429186,D5a
41447876,D5a
41449023,D5a
41452800,D5a
41453573,D5a
41462447,D5a
41467339,D5a
41468291,D5a
41468300,D5a
41468737,D5a
41474271,D5a
41477729,D5a
41549024,D5a
41549757,D5a
41597350,D5a
41605775,D5a
41618522,D5a
41697858,D5a
41773840,D5a
41832654,D5a
41905386,D5a
10626967,D5b
10626986,D5b
10627023,D5b
10632165,D5b
10651363,D5b
10662912,D5b
10662922,D5b
10667410,D5b
10668025,D5b
10670596,D5b
10670885,D5b
10670890,D5b
10670897,D5b
10672215,D5b
10697176,D5b
10697939,D5b
10697943,D5b
10697947,D5b
10703655,D5b
10709342,D5b
10710448,D5b
10710451,D5b
10711475,D5b
10722000,D5b
10724245,D5b
10724246,D5b
10724247,D5b
10730706,D5b
10744214,D5b
10744219,D5b
10749059,D5b
10756261,D5b
10756262,D5b
10756575,D5b
10758685,D5b
10759128,D5b
10759129,D5b
10767094,D5b
10783441,D5b
10789779,D5b
10800906,D5b
10809099,D5b
10809130,D5b
10809131,D5b
10822921,D5b
10830800,D5b
10832997,D5b
10833006,D5b
10833007,D5b
10833141,D5b
10839399,D5b
10845284,D5b
10845305,D5b
10846120,D5b
10846822,D5b
10849541,D5b
10851666,D5b
10851667,D5b
10851668,D5b
10851669,D5b
10864710,D5b
10874807,D5b
10879658,D5b
10883687,D5b
10884632,D5b
10900629,D5b
10900962,D5b
10912717,D5b
10912723,D5b
10914806,D5b
10929455,D5b
10929456,D5b
10938663,D5b
10946328,D5b
10958424,D5b
10960017,D5b
10960029,D5b
10960987,D5b
10960991,D5b
10960993,D5b
10961111,D5b
10972640,D5b
10972652,D5b
10972653,D5b
10980513,D5b
10980515,D5b
10981976,D5b
10981978,D5b
10981988,D5b
10982996,D5b
10983596,D5b
11010779,D5b
11020175,D5b
11021722,D5b
11027377,D5b
11030392,D5b
11030400,D5b
11034036,D5b
11037159,D5b
11044851,D5b
11055129,D5b
11055137,D5b
11055139,D5b
11062965,D5b
11077348,D5b
11078131,D5b
11078135,D5b
11078139,D5b
11083546,D5b
11092186,D5b
11092781,D5b
11094362,D5b
11094509,D5b
11094510,D5b
11094511,D5b
11094514,D5b
11094523,D5b
11103674,D5b
11111328,D5b
11117695,D5b
11117696,D5b
11117697,D5b
11128913,D5b
11128915,D5b
11128926,D5b
11128929,D5b
11129205,D5b
11131855,D5b
11135486,D5b
11141922,D5b
11142670,D5b
11151343,D5b
11151347,D5b
11151581,D5b
11151584,D5b
11151588,D5b
11156042,D5b
11156052,D5b
11168196,D5b
11168212,D5b
11168217,D5b
11168226,D5b
11168234,D5b
11168243,D5b
11168251,D5b
11168252,D5b
11168269,D5b
11169880,D5b
11174557,D5b
11174568,D5b
11176641,D5b
11178848,D5b
11178849,D5b
11178850,D5b
11178851,D5b
11195135,D5b
11196138,D5b
11196139,D5b
11196140,D5b
11196234,D5b
11199662,D5b
11199664,D5b
11199668,D5b
11199672,D5b
11199673,D5b
11199688,D5b
11202319,D5b
11202320,D5b
11202871,D5b
11203545,D5b
11203550,D5b
11203561,D5b
11203565,D5b
11203570,D5b
11203578,D5b
11203580,D5b
11203586,D5b
11203588,D5b
11203596,D5b
11203890,D5b
11203945,D5b
11203970,D5b
11204675,D5b
11204677,D5b
11204678,D5b
11204680,D5b
11208196,D5b
11208198,D5b
11212411,D5b
11213981,D5b
11213993,D5b
11214060,D5b
11218510,D5b
11218594,D5b
11233729,D5b
11234688,D5b
11242768,D5b
11242769,D5b
11251660,D5b
11268936,D5b
11276512,D5b
11276513,D5b
11276519,D5b
11280359,D5b
11280361,D5b
11280365,D5b
11280367,D5b
11284882,D5b
11288800,D5b
11291348,D5b
11294543,D5b
11294546,D5b
11299840,D5b
11307185,D5b
11307228,D5b
11307238,D5b
11307392,D5b
11307406,D5b
11307414,D5b
11307551,D5b
11307555,D5b
11312456,D5b
11314135,D5b
11314182,D5b
11314184,D5b
11314191,D5b
11314383,D5b
11314384,D5b
11314596,D5b
11314629,D5b
11325155,D5b
11326380,D5b
11326540,D5b
11326541,D5b
11327056,D5b
11338308,D5b
11355238,D5b
11355982,D5b
11358100,D5b
11358102,D5b
11359276,D5b
11359476,D5b
11359484,D5b
11359485,D5b
11359486,D5b
11377234,D5b
11381397,D5b
11384020,D5b
11385815,D5b
11385819,D5b
11386427,D5b
11391207,D5b
11392230,D5b
11395524,D5b
11400821,D5b
11400833,D5b
11402458,D5b
11405021,D5b
11405458,D5b
11420023,D5b
11420627,D5b
11420628,D5b
11420905,D5b
11420906,D5b
11420907,D5b
11429756,D5b
11432335,D5b
11432654,D5b
11432657,D5b
11432663,D5b
11445914,D5b
11448363,D5b
11448364,D5b
11450411,D5b
11450414,D5b
11450419,D5b
11453248,D5b
11458242,D5b
11467387,D5b
11480239,D5b
11482618,D5b
11482619,D5b
11482622,D5b
11484300,D5b
11488134,D5b
11490402,D5b
11490405,D5b
11494378,D5b
11496167,D5b
11500656,D5b
11505258,D5b
11508055,D5b
11508116,D5b
11508120,D5b
11508123,D5b
11516003,D5b
11516005,D5b
11518359,D5b
11518364,D5b
11519704,D5b
11519708,D5b
11522164,D5b
11522169,D5b
11526562,D5b
11526575,D5b
11526589,D5b
11526918,D5b
11529193,D5b
11531066,D5b
11534440,D5b
11534441,D5b
11534442,D5b
11534444,D5b
11534445,D5b
11534446,D5b
11534447,D5b
11535973,D5b
11544821,D5b
11551306,D5b
11556459,D5b
11562091,D5b
11563396,D5b
11564108,D5b
11564110,D5b
11564112,D5b
11568533,D5b
11571973,D5b
11572251,D5b
11572253,D5b
11572258,D5b
11572260,D5b
11577475,D5b
11583495,D5b
11588819,D5b
11590078,D5b
11601816,D5b
11605877,D5b
11606970,D5b
11665367,D5b
11669246,D5b
11669249,D5b
11669251,D5b
11673918,D5b
11673919,D5b
11673923,D5b
11675901,D5b
11677528,D5b
11680074,D5b
11680355,D5b
11681987,D5b
11688036,D5b
11688038,D5b
11688039,D5b
11688043,D5b
11693002,D5b
11693019,D5b
11693237,D5b
11693239,D5b
11693243,D5b
11693244,D5b
11699485,D5b
11699487,D5b
11709668,D5b
11709955,D5b
11709979,D5b
11711831,D5b
11711921,D5b
11711927,D5b
11711944,D5b
11718081,D5b
11720037,D5b
11727856,D5b
11728116,D5b
11732024,D5b
11732033,D5b
11732043,D5b
11735139,D5b
11738690,D5b
11756997,D5b
11757002,D5b
11759861,D5b
11759870,D5b
11769836,D5b
11769837,D5b
11769839,D5b
11772165,D5b
11772166,D5b
11777349,D5b
11777350,D5b
11777351,D5b
11780215,D5b
11780247,D5b
11786809,D5b
11793299,D5b
11798882,D5b
11800433,D5b
11802346,D5b
11802365,D5b
11806047,D5b
11806059,D5b
11811513,D5b
11811515,D5b
11813954,D5b
11815910,D5b
11815917,D5b
11815918,D5b
11818871,D5b
11819950,D5b
11824312,D5b
11829041,D5b
11829227,D5b
11829235,D5b
11829236,D5b
11829385,D5b
11829388,D5b
11831229,D5b
11831237,D5b
11831299,D5b
11831301,D5b
11831316,D5b
11831325,D5b
11831336,D5b
11831952,D5b
11840130,D5b
11846205,D5b
11854668,D5b
11858568,D5b
11858575,D5b
11858576,D5b
11862901,D5b
11862923,D5b
11884804,D5b
11885175,D5b
11885184,D5b
11886999,D5b
11887003,D5b
11887078,D5b
11887139,D5b
11887145,D5b
11895280,D5b
11902009,D5b
11905335,D5b
11913261,D5b
11913300,D5b
11915193,D5b
11915632,D5b
11922256,D5b
11932605,D5b
11944526,D5b
11949574,D5b
11952738,D5b
11952739,D5b
11952740,D5b
11952741,D5b
11955350,D5b
11955363,D5b
11957241,D5b
11958407,D5b
11974547,D5b
11988938,D5b
11988946,D5b
11988947,D5b
11992979,D5b
11993379,D5b
11994577,D5b
11994578,D5b
11994601,D5b
11997763,D5b
11997765,D5b
12000874,D5b
12000878,D5b
12000882,D5b
12000889,D5b
12000900,D5b
12004677,D5b
12004707,D5b
12005140,D5b
12005141,D5b
12010157,D5b
12013558,D5b
12019000,D5b
12019008,D5b
12019015,D5b
12019706,D5b
12019707,D5b
12019743,D5b
12022097,D5b
12022106,D5b
12029221,D5b
12029282,D5b
12040204,D5b
12040205,D5b
12040215,D5b
12040216,D5b
12045565,D5b
12049571,D5b
12054706,D5b
12054720,D5b
12055708,D5b
12061066,D5b
12064876,D5b
12064877,D5b
12064883,D5b
12070510,D5b
12071792,D5b
12074448,D5b
12074459,D5b
12074460,D5b
12078121,D5b
12080316,D5b
12087243,D5b
12102408,D5b
12102413,D5b
12102416,D5b
12102419,D5b
12114460,D5b
12121605,D5b
12133471,D5b
12139281,D5b
12140417,D5b
12142974,D5b
12143123,D5b
12143133,D5b
12146535,D5b
12149669,D5b
12149731,D5b
12149750,D5b
12160219,D5b
12166342,D5b
12169036,D5b
12169038,D5b
12175375,D5b
12175376,D5b
12175377,D5b
12175379,D5b
12175380,D5b
12175381,D5b
12175834,D5b
12175840,D5b
12180200,D5b
12182293,D5b
12182301,D5b
12186344,D5b
12186347,D5b
12186351,D5b
12190135,D5b
12190137,D5b
12190343,D5b
12190345,D5b
12190347,D5b
12211505,D5b
12212680,D5b
12212685,D5b
12215991,D5b
12215999,D5b
12218794,D5b
12220998,D5b
12224336,D5b
12231199,D5b
12231200,D5b
12242763,D5b
12242768,D5b
12242935,D5b
12271564,D5b
12296596,D5b
12356501,D5b
12360063,D5b
12361065,D5b
12361073,D5b
12365138,D5b
12366537,D5b
12374914,D5b
12376275,D5b
12377200,D5b
12377201,D5b
12378486,D5b
12378491,D5b
12378493,D5b
12379185,D5b
12379186,D5b
12381063,D5b
12381075,D5b
12387614,D5b
12397236,D5b
12400727,D5b
12401103,D5b
12405583,D5b
12411169,D5b
12418573,D5b
12419142,D5b
12420265,D5b
12420267,D5b
12420269,D5b
12420275,D5b
12420572,D5b
12425990,D5b
12442729,D5b
12447053,D5b
12448234,D5b
12449303,D5b
12449305,D5b
12449309,D5b
12450514,D5b
12451783,D5b
12453134,D5b
12453135,D5b
12457094,D5b
12457095,D5b
12461464,D5b
12464889,D5b
12475422,D5b
12479641,D5b
12485252,D5b
12485390,D5b
12490868,D5b
12494705,D5b
12496560,D5b
12496581,D5b
12496582,D5b
12498432,D5b
12498434,D5b
12498444,D5b
12498457,D5b
12498459,D5b
12498471,D5b
12500870,D5b
12500872,D5b
12500877,D5b
12500878,D5b
12502129,D5b
12507245,D5b
12512662,D5b
12512781,D5b
12512892,D5b
12516647,D5b
12516648,D5b
12516827,D5b
12516828,D5b
12518704,D5b
12518705,D5b
12519331,D5b
12519332,D5b
12519340,D5b
12519342,D5b
12521065,D5b
12525198,D5b
12526191,D5b
12537347,D5b
12539625,D5b
12539652,D5b
12540201,D5b
12546103,D5b
12553924,D5b
12555933,D5b
12556986,D5b
12560748,D5b
12572405,D5b
12574773,D5b
12582353,D5b
12592828,D5b
12593001,D5b
12593591,D5b
12600068,D5b
12600069,D5b
12601955,D5b
12607360,D5b
12608669,D5b
12608678,D5b
12608679,D5b
12608721,D5b
12617366,D5b
12617368,D5b
12618990,D5b
12618993,D5b
12619003,D5b
12621294,D5b
12621743,D5b
12622940,D5b
12629832,D5b
12631185,D5b
12644787,D5b
12646848,D5b
12647580,D5b
12653225,D5b
12653234,D5b
12653239,D5b
12655216,D5b
12656852,D5b
12656868,D5b
12656875,D5b
12656879,D5b
12656880,D5b
12656881,D5b
12664806,D5b
12666549,D5b
12666715,D5b
12666967,D5b
12666978,D5b
12669882,D5b
12675450,D5b
12694703,D5b
12694712,D5b
12695774,D5b
12704952,D5b
12704956,D5b
12705019,D5b
12705302,D5b
12705310,D5b
12711939,D5b
12711963,D5b
12723405,D5b
12725377,D5b
12730838,D5b
12730842,D5b
12733950,D5b
12733963,D5b
12736957,D5b
12737219,D5b
12739184,D5b
12747444,D5b
12747449,D5b
12755782,D5b
12760452,D5b
12760767,D5b
12760784,D5b
12761588,D5b
12767878,D5b
12767881,D5b
12769307,D5b
12778623,D5b
12778783,D5b
12784239,D5b
12787213,D5b
12789961,D5b
12794456,D5b
12794465,D5b
12795176,D5b
12795785,D5b
12803060,D5b
12804493,D5b
12804544,D5b
12806318,D5b
12809273,D5b
12814312,D5b
12814317,D5b
12814321,D5b
12816307,D5b
12818598,D5b
12818603,D5b
12818604,D5b
12826812,D5b
12826813,D5b
12826814,D5b
12837053,D5b
12838704,D5b
12846599,D5b
12846611,D5b
12847439,D5b
12848717,D5b
12851970,D5b
12854772,D5b
12854778,D5b
12854779,D5b
12854780,D5b
12856086,D5b
12861877,D5b
12861882,D5b
12861886,D5b
12867856,D5b
12867862,D5b
12869001,D5b
12869002,D5b
12869003,D5b
12869916,D5b
12879420,D5b
12886204,D5b
12887005,D5b
12899401,D5b
12905445,D5b
12905454,D5b
12914707,D5b
12914709,D5b
12918005,D5b
12920812,D5b
12930649,D5b
12931099,D5b
12931758,D5b
12931760,D5b
12931761,D5b
12939015,D5b
12942053,D5b
12943432,D5b
12946668,D5b
12946669,D5b
12950837,D5b
12950839,D5b
12958814,D5b
12960862,D5b
12960890,D5b
12961076,D5b
12966242,D5b
12966244,D5b
12966485,D5b
12966505,D5b
12969362,D5b
12969660,D5b
12972917,D5b
12973280,D5b
14501343,D5b
14501347,D5b
14501349,D5b
14501350,D5b
14501353,D5b
14501354,D5b
14504506,D5b
14507157,D5b
14514226,D5b
14514227,D5b
14514228,D5b
14514229,D5b
14514991,D5b
14515067,D5b
14515629,D5b
14515771,D5b
14520077,D5b
14533258,D5b
14536039,D5b
14560274,D5b
14560481,D5b
14561962,D5b
14575631,D5b
14575632,D5b
14577821,D5b
14577823,D5b
14578779,D5b
14578784,D5b
14579954,D5b
14579957,D5b
14579964,D5b
14579972,D5b
14581041,D5b
14584858,D5b
14584859,D5b
14584860,D5b
14586848,D5b
14586856,D5b
14600625,D5b
14600637,D5b
14603664,D5b
14608261,D5b
14613077,D5b
14613081,D5b
14613093,D5b
14614864,D5b
14614865,D5b
14614867,D5b
14615264,D5b
14628136,D5b
14628412,D5b
14636612,D5b
14640161,D5b
14648256,D5b
14649402,D5b
14650982,D5b
14653400,D5b
14661327,D5b
14661469,D5b
14666076,D5b
14666938,D5b
14676696,D5b
14676756,D5b
14680577,D5b
14686143,D5b
14690658,D5b
14690659,D5b
14690660,D5b
14690664,D5b
14697072,D5b
14697076,D5b
14699552,D5b
14704557,D5b
14704572,D5b
14706298,D5b
14707617,D5b
14707626,D5b
14707627,D5b
14710264,D5b
14719579,D5b
14719739,D5b
14731180,D5b
14731181,D5b
14740642,D5b
14751565,D5b
14752964,D5b
14752969,D5b
14756940,D5b
14758916,D5b
14759112,D5b
14759113,D5b
14763519,D5b
14962812,D5b
14970773,D5b
14971256,D5b
14971257,D5b
14971260,D5b
14974812,D5b
14980591,D5b
14980594,D5b
14982358,D5b
14982363,D5b
14982366,D5b
14984141,D5b
14984149,D5b
14989679,D5b
14998414,D5b
14999800,D5b
15004901,D5b
15004902,D5b
15004991,D5b
15008121,D5b
15013539,D5b
15015167,D5b
15015168,D5b
15015942,D5b
15015944,D5b
15015952,D5b
15015953,D5b
15015954,D5b
15017302,D5b
15017307,D5b
15023799,D5b
15023845,D5b
15024792,D5b
15027296,D5b
15039731,D5b
15041863,D5b
15041866,D5b
15041867,D5b
15041869,D5b
15045530,D5b
15049227,D5b
15050071,D5b
15050073,D5b
15050074,D5b
15058377,D5b
15060490,D5b
15060916,D5b
15062753,D5b
15068108,D5b
15068121,D5b
15068122,D5b
15074863,D5b
15083010,D5b
15083022,D5b
15085505,D5b
15085514,D5b
15085520,D5b
15086755,D5b
15088870,D5b
15101590,D5b
15101603,D5b
15103472,D5b
15107771,D5b
15113571,D5b
15113575,D5b
15119454,D5b
15119456,D5b
15119886,D5b
15121270,D5b
15122558,D5b
15122567,D5b
15122576,D5b
15122663,D5b
15127994,D5b
15133561,D5b
15138851,D5b
15141727,D5b
15142096,D5b
15142097,D5b
15142101,D5b
15145037,D5b
15145040,D5b
15145664,D5b
15145670,D5b
15145741,D5b
15151443,D5b
15151452,D5b
15152821,D5b
15164484,D5b
15165127,D5b
15166991,D5b
15167244,D5b
15167253,D5b
15167260,D5b
15168287,D5b
15170286,D5b
15171200,D5b
15179087,D5b
15179092,D5b
15179395,D5b
15179877,D5b
15181716,D5b
15185482,D5b
15191589,D5b
15193008,D5b
15193546,D5b
15196396,D5b
15202664,D5b
15206251,D5b
15210556,D5b
15212351,D5b
15214219,D5b
15214225,D5b
15214233,D5b
15218553,D5b
15218554,D5b
15218555,D5b
15218556,D5b
15219747,D5b
15219751,D5b
15222787,D5b
15225958,D5b
15227771,D5b
15243466,D5b
15248878,D5b
15252248,D5b
15255438,D5b
15262249,D5b
15262250,D5b
15266286,D5b
15277797,D5b
15284188,D5b
15286106,D5b
15287309,D5b
15292871,D5b
15293115,D5b
15293459,D5b
15294125,D5b
15297999,D5b
15301361,D5b
15308254,D5b
15308257,D5b
15315104,D5b
15318055,D5b
15318264,D5b
15318420,D5b
15320486,D5b
15328772,D5b
15332183,D5b
15332189,D5b
15332192,D5b
15332632,D5b
15334929,D5b
15334940,D5b
15346005,D5b
15346011,D5b
15346019,D5b
15346020,D5b
15346358,D5b
15346361,D5b
15346745,D5b
15346755,D5b
15346760,D5b
15349675,D5b
15352860,D5b
15352867,D5b
15355402,D5b
15355403,D5b
15355404,D5b
15355405,D5b
15356765,D5b
15359154,D5b
15359157,D5b
15359165,D5b
15367197,D5b
15370802,D5b
15378583,D5b
15446402,D5b
15446403,D5b
15446405,D5b
15452814,D5b
15454778,D5b
15455732,D5b
15460048,D5b
15461231,D5b
15467168,D5b
15468803,D5b
15471695,D5b
15480011,D5b
15481702,D5b
15489363,D5b
15495502,D5b
15495750,D5b
15506023,D5b
15506024,D5b
15507902,D5b
15510362,D5b
15513598,D5b
15514874,D5b
15514886,D5b
15516173,D5b
15523445,D5b
15531872,D5b
15533128,D5b
15534778,D5b
15543696,D5b
15544881,D5b
15544882,D5b
15544883,D5b
15544889,D5b
15544892,D5b
15547374,D5b
15547378,D5b
15547391,D5b
15548910,D5b
15555523,D5b
15556319,D5b
15562581,D5b
15562907,D5b
15562910,D5b
15568744,D5b
15568755,D5b
15573354,D5b
15573355,D5b
15574680,D5b
15580824,D5b
15591826,D5b
15591989,D5b
15595704,D5b
15599343,D5b
15602422,D5b
15602425,D5b
15602431,D5b
15609453,D5b
15611908,D5b
15615129,D5b
15615140,D5b
15617961,D5b
15617972,D5b
15622233,D5b
15623067,D5b
15623070,D5b
15626315,D5b
15626319,D5b
15633330,D5b
15633897,D5b
15635559,D5b
15635561,D5b
15635563,D5b
15637938,D5b
15637939,D5b
15637940,D5b
15641453,D5b
15641457,D5b
15642035,D5b
15642066,D5b
15643923,D5b
15646686,D5b
15655027,D5b
15667644,D5b
15669708,D5b
15671959,D5b
15672390,D5b
15685458,D5b
15690291,D5b
15690294,D5b
15690298,D5b
15690299,D5b
15692340,D5b
15694142,D5b
15694147,D5b
15695010,D5b
15695044,D5b
15695045,D5b
15695052,D5b
15695054,D5b
15699640,D5b
15699654,D5b
15699664,D5b
15731665,D5b
15732870,D5b
15736775,D5b
15736778,D5b
15741036,D5b
15741041,D5b
15742276,D5b
15742289,D5b
15747012,D5b
15747685,D5b
15748103,D5b
15748694,D5b
15749211,D5b
15749219,D5b
15750421,D5b
15750426,D5b
15750432,D5b
15750543,D5b
15751386,D5b
15763035,D5b
15764940,D5b
15771355,D5b
15774138,D5b
15774140,D5b
15777321,D5b
15777322,D5b
15777531,D5b
15789322,D5b
15789323,D5b
15798648,D5b
15800467,D5b
15804029,D5b
15820431,D5b
15821694,D5b
15835808,D5b
15839118,D5b
15839122,D5b
15839589,D5b
15839591,D5b
15842887,D5b
15844591,D5b
15848960,D5b
15848961,D5b
15854312,D5b
15856346,D5b
15857066,D5b
15857106,D5b
15858248,D5b
15859445,D5b
15861051,D5b
15861077,D5b
15865455,D5b
15865467,D5b
15865469,D5b
15871525,D5b
15878513,D5b
15882215,D5b
15883950,D5b
15883955,D5b
15885489,D5b
15886827,D5b
15888352,D5b
15888355,D5b
15897046,D5b
15898572,D5b
15898938,D5b
15898945,D5b
15898947,D5b
15899018,D5b
15902068,D5b
15908080,D5b
15908081,D5b
15908718,D5b
15915108,D5b
15915127,D5b
15915880,D5b
15923824,D5b
15923850,D5b
15923862,D5b
15927149,D5b
15931876,D5b
15935525,D5b
15936855,D5b
15940364,D5b
15942610,D5b
15944974,D5b
15944989,D5b
15952552,D5b
15953913,D5b
15954447,D5b
15960247,D5b
15960480,D5b
15961201,D5b
15961279,D5b
15968184,D5b
15968185,D5b
15968186,D5b
15968191,D5b
15973948,D5b
15973950,D5b
15973955,D5b
15975807,D5b
15976701,D5b
15976702,D5b
15976710,D5b
15978245,D5b
15978708,D5b
15978775,D5b
15978776,D5b
15978823,D5b
15979472,D5b
15979475,D5b
15981693,D5b
15993284,D5b
15995760,D5b
15995761,D5b
15995882,D5b
15996352,D5b
15996354,D5b
16001689,D5b
16001913,D5b
16001927,D5b
16003612,D5b
16003639,D5b
16011188,D5b
16011190,D5b
16011191,D5b
16024842,D5b
16026911,D5b
16027685,D5b
16027704,D5b
16028761,D5b
16034255,D5b
16034996,D5b
16038275,D5b
16040736,D5b
16043467,D5b
16051516,D5b
16053842,D5b
16053852,D5b
16055983,D5b
16056189,D5b
16061787,D5b
16077297,D5b
16077299,D5b
16077302,D5b
16077304,D5b
16077305,D5b
16077316,D5b
16077317,D5b
16077323,D5b
16089043,D5b
16092560,D5b
16094571,D5b
16094592,D5b
16094593,D5b
16094598,D5b
16097242,D5b
16107298,D5b
16112206,D5b
16119907,D5b
16122599,D5b
16122645,D5b
16122647,D5b
16122652,D5b
16122653,D5b
16125397,D5b
16137092,D5b
16139759,D5b
16141830,D5b
16145845,D5b
16145847,D5b
16149832,D5b
16149836,D5b
16154318,D5b
16155656,D5b
16157247,D5b
16158514,D5b
16160565,D5b
16160569,D5b
16160570,D5b
16160572,D5b
16160578,D5b
16161735,D5b
16161736,D5b
16161744,D5b
16163074,D5b
16163094,D5b
16168338,D5b
16171433,D5b
16171453,D5b
16185847,D5b
16188425,D5b
16192856,D5b
16192859,D5b
16192872,D5b
16192886,D5b
16203065,D5b
16206823,D5b
16214710,D5b
16217455,D5b
16217517,D5b
16217526,D5b
16219242,D5b
16224378,D5b
16230596,D5b
16233939,D5b
16235343,D5b
16235352,D5b
16241181,D5b
16243190,D5b
16243234,D5b
16246932,D5b
16248514,D5b
16253084,D5b
16253511,D5b
16253512,D5b
16253513,D5b
16255916,D5b
16256360,D5b
16257511,D5b
16258306,D5b
16263019,D5b
16264379,D5b
16267418,D5b
16271166,D5b
16274130,D5b
16274142,D5b
16274143,D5b
16274148,D5b
16274153,D5b
16276426,D5b
16285536,D5b
16292227,D5b
16297689,D5b
16297690,D5b
16297697,D5b
16297698,D5b
16301146,D5b
16301460,D5b
16301461,D5b
16307577,D5b
16312195,D5b
16315074,D5b
16321393,D5b
16327459,D5b
16327550,D5b
16327551,D5b
16327572,D5b
16327573,D5b
16329831,D5b
16336400,D5b
16336909,D5b
16336912,D5b
16338036,D5b
16343401,D5b
16344756,D5b
16344757,D5b
16360606,D5b
16360870,D5b
16361885,D5b
16361886,D5b
16364094,D5b
16367859,D5b
16371780,D5b
16376001,D5b
16392339,D5b
16405379,D5b
16405382,D5b
16413897,D5b
16413898,D5b
16415449,D5b
16421264,D5b
16427298,D5b
16430172,D5b
16432411,D5b
16432416,D5b
16432418,D5b
16433649,D5b
16439100,D5b
16440898,D5b
16441785,D5b
16443622,D5b
16448272,D5b
16448273,D5b
16452826,D5b
16454014,D5b
16460258,D5b
16462344,D5b
16462382,D5b
16463909,D5b
16463911,D5b
16471374,D5b
16472987,D5b
16475375,D5b
16482797,D5b
16487807,D5b
16487827,D5b
16491148,D5b
16491153,D5b
16491396,D5b
16494271,D5b
16495869,D5b
16504859,D5b
16506599,D5b
16512756,D5b
16515095,D5b
16515096,D5b
16515097,D5b
16519182,D5b
16519190,D5b
16519191,D5b
16519194,D5b
16522507,D5b
16522508,D5b
16522509,D5b
16523179,D5b
16524487,D5b
16525625,D5b
16526581,D5b
16537109,D5b
16540215,D5b
16540216,D5b
16545703,D5b
16545704,D5b
16546637,D5b
16546648,D5b
16546658,D5b
16549363,D5b
16569961,D5b
16569962,D5b
16573158,D5b
16575385,D5b
16579198,D5b
16579714,D5b
16582784,D5b
16584345,D5b
16584410,D5b
16584414,D5b
16584419,D5b
16584868,D5b
16599331,D5b
16605197,D5b
16607936,D5b
16615416,D5b
16618914,D5b
16620629,D5b
16621205,D5b
16621206,D5b
16625546,D5b
16632267,D5b
16633171,D5b
16633184,D5b
16633196,D5b
16634504,D5b
16634957,D5b
16636432,D5b
16637713,D5b
16641721,D5b
16671869,D5b
16672017,D5b
16672024,D5b
16672027,D5b
16672031,D5b
16679127,D5b
16679212,D5b
16686935,D5b
16687241,D5b
16687339,D5b
16690249,D5b
16690250,D5b
16696304,D5b
16698236,D5b
16704086,D5b
16713663,D5b
16713813,D5b
16713814,D5b
16731374,D5b
16731387,D5b
16736122,D5b
16738514,D5b
16738518,D5b
16755584,D5b
16759327,D5b
16766898,D5b
16770182,D5b
16770187,D5b
16770192,D5b
16772940,D5b
16772947,D5b
16772952,D5b
16772984,D5b
16777427,D5b
16777428,D5b
16781160,D5b
16781161,D5b
16781346,D5b
16782639,D5b
16783741,D5b
16784599,D5b
16786363,D5b
16790354,D5b
16791995,D5b
16792056,D5b
16792118,D5b
16796281,D5b
16796289,D5b
16796294,D5b
16798868,D5b
16804480,D5b
16808565,D5b
16816662,D5b
16818023,D5b
16836178,D5b
16838097,D5b
16838195,D5b
16845969,D5b
16848269,D5b
16849066,D5b
16854206,D5b
16856961,D5b
16860208,D5b
16860215,D5b
16860227,D5b
16874220,D5b
16879560,D5b
16886691,D5b
16888882,D5b
16900643,D5b
16905904,D5b
16907765,D5b
16907770,D5b
16907772,D5b
16907773,D5b
16910917,D5b
16911884,D5b
16916679,D5b
16916680,D5b
16919024,D5b
16926309,D5b
16930608,D5b
16933593,D5b
16936671,D5b
16939013,D5b
16940486,D5b
16940492,D5b
16944084,D5b
16955605,D5b
16955617,D5b
16956114,D5b
16958685,D5b
16958696,D5b
16958700,D5b
16959602,D5b
16966898,D5b
16966899,D5b
16966902,D5b
16971880,D5b
16977948,D5b
16980861,D5b
16982306,D5b
16982308,D5b
16982314,D5b
16996004,D5b
16997100,D5b
17001706,D5b
17002098,D5b
17003624,D5b
17009480,D5b
17014522,D5b
17016169,D5b
17016202,D5b
17017698,D5b
17022295,D5b
17023101,D5b
17023104,D5b
17027235,D5b
17042167,D5b
17052465,D5b
17052474,D5b
17052892,D5b
17055734,D5b
17058405,D5b
17061275,D5b
17063541,D5b
17065785,D5b
17066630,D5b
17066643,D5b
17071395,D5b
17073352,D5b
17084233,D5b
17089407,D5b
17090160,D5b
17091621,D5b
17092226,D5b
17092233,D5b
17097269,D5b
17102734,D5b
17105321,D5b
17110257,D5b
17110258,D5b
17113436,D5b
17113508,D5b
17118899,D5b
17119411,D5b
17119412,D5b
17119420,D5b
17120390,D5b
17128192,D5b
17128716,D5b
17129428,D5b
17138160,D5b
17141381,D5b
17142009,D5b
17142010,D5b
17144442,D5b
17157522,D5b
17159842,D5b
17160498,D5b
17165253,D5b
17166700,D5b
17169739,D5b
17178489,D5b
17178491,D5b
17180386,D5b
17183792,D5b
17184443,D5b
17187706,D5b
17190300,D5b
17191648,D5b
17197057,D5b
17199534,D5b
17199538,D5b
17214217,D5b
17214539,D5b
17223309,D5b
17224018,D5b
17224026,D5b
17224034,D5b
17228720,D5b
17230087,D5b
17234534,D5b
17236917,D5b
17236932,D5b
17236933,D5b
17236934,D5b
17239254,D5b
17243327,D5b
17243332,D5b
17250992,D5b
17251832,D5b
17251856,D5b
17256313,D5b
17268394,D5b
17274244,D5b
17274707,D5b
17274711,D5b
17274727,D5b
17285994,D5b
17298495,D5b
17304323,D5b
17307589,D5b
17310948,D5b
17317863,D5b
17319756,D5b
17319761,D5b
17328652,D5b
17328993,D5b
17331435,D5b
17331705,D5b
17335361,D5b
17335384,D5b
17336917,D5b
17340896,D5b
17341898,D5b
17346560,D5b
17346582,D5b
17346600,D5b
17348281,D5b
17348885,D5b
17348891,D5b
17349186,D5b
17349192,D5b
17351684,D5b
17356367,D5b
17356370,D5b
17356371,D5b
17362496,D5b
17367456,D5b
17368352,D5b
17368353,D5b
17368354,D5b
17368367,D5b
17368369,D5b
17368373,D5b
17368374,D5b
17368384,D5b
17373222,D5b
17375213,D5b
17375588,D5b
17385397,D5b
17395106,D5b
17399950,D5b
17414919,D5b
17418725,D5b
17437494,D5b
17441981,D5b
17448830,D5b
17448831,D5b
17448837,D5b
17448854,D5b
17456970,D5b
17458055,D5b
17465348,D5b
17465354,D5b
17466884,D5b
17468720,D5b
17470012,D5b
17472185,D5b
17477750,D5b
17477757,D5b
17487046,D5b
17491484,D5b
17495810,D5b
17501979,D5b
17510496,D5b
17514887,D5b
17514889,D5b
17516337,D5b
17516341,D5b
17517295,D5b
17517296,D5b
17517315,D5b
17518632,D5b
17519666,D5b
17519722,D5b
17519723,D5b
17519737,D5b
17524681,D5b
17532283,D5b
17533714,D5b
17535286,D5b
17538330,D5b
17538331,D5b
17539709,D5b
17573035,D5b
17576068,D5b
17577547,D5b
17580456,D5b
17582451,D5b
17586345,D5b
17586350,D5b
17587546,D5b
17602375,D5b
17604966,D5b
17605491,D5b
17606027,D5b
17608551,D5b
17608557,D5b
17608593,D5b
17608739,D5b
17615992,D5b
17616340,D5b
17616341,D5b
17616571,D5b
17620890,D5b
17622001,D5b
17622007,D5b
17622016,D5b
17625229,D5b
17641920,D5b
17646039,D5b
17651133,D5b
17651873,D5b
17656277,D5b
17656291,D5b
17658304,D5b
17666247,D5b
17667675,D5b
17667677,D5b
17667684,D5b
17667693,D5b
17667694,D5b
17667698,D5b
17668803,D5b
17668966,D5b
17672956,D5b
17674677,D5b
17674678,D5b
17674682,D5b
17675124,D5b
17681570,D5b
17683661,D5b
17683663,D5b
17686234,D5b
17686275,D5b
17686281,D5b
17688897,D5b
17691422,D5b
17694834,D5b
17694947,D5b
17694952,D5b
17716261,D5b
17716315,D5b
17719412,D5b
17719415,D5b
17721226,D5b
17760481,D5b
17768683,D5b
17822159,D5b
17822880,D5b
17822881,D5b
17828065,D5b
17846538,D5b
17846542,D5b
17846548,D5b
17846668,D5b
17846672,D5b
17867544,D5b
17870609,D5b
17877463,D5b
17884536,D5b
17886129,D5b
17888014,D5b
17892943,D5b
17896488,D5b
17901006,D5b
17902327,D5b
17919888,D5b
17929512,D5b
17929521,D5b
17929525,D5b
17931988,D5b
17954030,D5b
17954305,D5b
17954334,D5b
17954335,D5b
17954342,D5b
17954344,D5b
17955863,D5b
17957533,D5b
17957570,D5b
17964474,D5b
17972688,D5b
17973686,D5b
17974119,D5b
17975504,D5b
17978549,D5b
17978779,D5b
17978780,D5b
17985691,D5b
17987857,D5b
17987864,D5b
17990438,D5b
17990439,D5b
17990440,D5b
17992544,D5b
17993874,D5b
17993877,D5b
17993880,D5b
17993882,D5b
17993888,D5b
17993889,D5b
17993894,D5b
17993908,D5b
18001595,D5b
18004481,D5b
18005082,D5b
18018391,D5b
18022477,D5b
18022479,D5b
18035384,D5b
18051577,D5b
18060742,D5b
18062109,D5b
18062126,D5b
18062752,D5b
18064786,D5b
18068595,D5b
18068608,D5b
18069589,D5b
18070431,D5b
18082916,D5b
18083438,D5b
18083439,D5b
18086976,D5b
18088901,D5b
18088906,D5b
18090762,D5b
18091170,D5b
18092521,D5b
18155653,D5b
18163105,D5b
18165165,D5b
18166095,D5b
18173400,D5b
18175891,D5b
18176223,D5b
18176262,D5b
18186170,D5b
18197326,D5b
18199081,D5b
18201602,D5b
18201606,D5b
18206250,D5b
18206279,D5b
18206405,D5b
18215104,D5b
18216669,D5b
18216683,D5b
18216693,D5b
18216694,D5b
18216701,D5b
18220251,D5b
18224324,D5b
18230382,D5b
18230386,D5b
18237315,D5b
18240796,D5b
18241216,D5b
18262007,D5b
18266875,D5b
18269017,D5b
18271386,D5b
18272337,D5b
18272343,D5b
18276115,D5b
18280400,D5b
18280944,D5b
18280945,D5b
18280960,D5b
18280962,D5b
18286432,D5b
18294233,D5b
18299230,D5b
18300976,D5b
18302461,D5b
18304236,D5b
18308512,D5b
18313817,D5b
18315419,D5b
18317087,D5b
18317101,D5b
18319087,D5b
18319167,D5b
18319170,D5b
18319174,D5b
18320927,D5b
18322888,D5b
18323327,D5b
18323872,D5b
18324960,D5b
18325644,D5b
18329562,D5b
18330203,D5b
18337061,D5b
18339517,D5b
18339520,D5b
18343546,D5b
18346878,D5b
18349653,D5b
18349654,D5b
18349656,D5b
18351201,D5b
18351202,D5b
18351206,D5b
18351207,D5b
18352918,D5b
18354335,D5b
18355588,D5b
18355605,D5b
18355606,D5b
18359238,D5b
18362702,D5b
18362729,D5b
18363258,D5b
18363699,D5b
18364121,D5b
18367380,D5b
18372160,D5b
18378427,D5b
18380970,D5b
18405825,D5b
18412574,D5b
18416419,D5b
18416425,D5b
18416427,D5b
18416748,D5b
18421952,D5b
18423279,D5b
18423292,D5b
18423297,D5b
18424060,D5b
18424194,D5b
18426102,D5b
18427479,D5b
18433864,D5b
18434583,D5b
18437974,D5b
18439960,D5b
18440108,D5b
18442730,D5b
18442731,D5b
18442738,D5b
18442918,D5b
18444430,D5b
18447790,D5b
18449963,D5b
18450186,D5b
18450424,D5b
18454000,D5b
18454001,D5b
18454122,D5b
18454666,D5b
18454675,D5b
18457712,D5b
18462204,D5b
18468321,D5b
18473033,D5b
18476557,D5b
18481621,D5b
18485853,D5b
18486790,D5b
18486796,D5b
18486804,D5b
18491671,D5b
18503855,D5b
18505027,D5b
18505675,D5b
18512520,D5b
18520376,D5b
18520377,D5b
18520390,D5b
18520422,D5b
18520882,D5b
18520890,D5b
18520899,D5b
18520901,D5b
18522012,D5b
18534648,D5b
18538646,D5b
18545044,D5b
18545046,D5b
18545049,D5b
18545214,D5b
18546812,D5b
18546814,D5b
18547695,D5b
18547830,D5b
18547843,D5b
18548916,D5b
18548926,D5b
18548927,D5b
18548933,D5b
18555762,D5b
18567508,D5b
18568232,D5b
18571026,D5b
18571039,D5b
18573123,D5b
18575905,D5b
18583098,D5b
18585604,D5b
18585610,D5b
18595487,D5b
18597594,D5b
18600357,D5b
18602309,D5b
18602312,D5b
18605107,D5b
18605111,D5b
18605523,D5b
18605597,D5b
18605598,D5b
18605599,D5b
18605600,D5b
18616372,D5b
18616758,D5b
18618987,D5b
18620717,D5b
18626247,D5b
18626253,D5b
18626372,D5b
18634962,D5b
18646092,D5b
18650761,D5b
18657152,D5b
18657394,D5b
18661063,D5b
18661801,D5b
18662302,D5b
18664096,D5b
18672985,D5b
18674937,D5b
18675208,D5b
18675213,D5b
18675494,D5b
18676069,D5b
18677275,D5b
18686527,D5b
18686566,D5b
18691792,D5b
18691953,D5b
18700365,D5b
18700382,D5b
18703182,D5b
18705512,D5b
18705808,D5b
18705811,D5b
18707927,D5b
18710690,D5b
18710697,D5b
18717347,D5b
18717372,D5b
18717376,D5b
18718381,D5b
18718384,D5b
18718392,D5b
18724845,D5b
18724846,D5b
18724852,D5b
18724859,D5b
18757179,D5b
18760513,D5b
18760515,D5b
18766051,D5b
18766057,D5b
18771362,D5b
18771382,D5b
18771383,D5b
18771899,D5b
18774350,D5b
18775644,D5b
18783426,D5b
18784533,D5b
18784536,D5b
18795643,D5b
18795646,D5b
18805605,D5b
18805714,D5b
18805717,D5b
18805718,D5b
18807569,D5b
18807574,D5b
18809750,D5b
18810916,D5b
18812845,D5b
18812846,D5b
18812852,D5b
18812864,D5b
18827649,D5b
18828820,D5b
18828824,D5b
18828825,D5b
18834239,D5b
18835070,D5b
18845257,D5b
18848100,D5b
18848114,D5b
18848124,D5b
18922252,D5b
18930299,D5b
18935871,D5b
18940485,D5b
18940502,D5b
18940503,D5b
18940515,D5b
18947288,D5b
18948069,D5b
18950018,D5b
18950028,D5b
18971737,D5b
18979967,D5b
18980518,D5b
18980519,D5b
18983325,D5b
18984403,D5b
18989589,D5b
18989601,D5b
18989604,D5b
18990901,D5b
18990995,D5b
18991002,D5b
18991170,D5b
18993125,D5b
18996030,D5b
19005326,D5b
19010106,D5b
19014157,D5b
19014167,D5b
19015454,D5b
19018060,D5b
19022131,D5b
19022135,D5b
19022138,D5b
19022140,D5b
19022680,D5b
19026605,D5b
19033025,D5b
19036054,D5b
19036055,D5b
19040435,D5b
19040446,D5b
19046851,D5b
19048393,D5b
19049518,D5b
19053910,D5b
19053915,D5b
19053917,D5b
19058774,D5b
19061798,D5b
19062298,D5b
19070742,D5b
19070765,D5b
19070767,D5b
19075364,D5b
19076176,D5b
19076178,D5b
19077151,D5b
19077153,D5b
19077155,D5b
19077575,D5b
19077576,D5b
19077578,D5b
19081264,D5b
19090073,D5b
19098530,D5b
19098533,D5b
19098549,D5b
19098554,D5b
19098555,D5b
19101662,D5b
19107530,D5b
19108991,D5b
19113081,D5b
19115786,D5b
19115796,D5b
19116519,D5b
19116570,D5b
19121955,D5b
19124180,D5b
19127813,D5b
19133488,D5b
19133489,D5b
19134108,D5b
19135219,D5b
19138598,D5b
19138613,D5b
19138634,D5b
19146051,D5b
19146054,D5b
19147331,D5b
19149132,D5b
19149133,D5b
19155030,D5b
19160426,D5b
19164991,D5b
19165012,D5b
19170292,D5b
19170294,D5b
19179088,D5b
19182606,D5b
19182623,D5b
19182626,D5b
19182670,D5b
19183824,D5b
19186853,D5b
19186855,D5b
19189894,D5b
19190506,D5b
19191792,D5b
19192592,D5b
19200793,D5b
19201221,D5b
19201629,D5b
19208005,D5b
19212241,D5b
19216268,D5b
19216278,D5b
19216280,D5b
19216287,D5b
19217101,D5b
19218857,D5b
19218947,D5b
19220848,D5b
19223153,D5b
19223712,D5b
19228089,D5b
19228091,D5b
19231782,D5b
19231797,D5b
19241701,D5b
19244881,D5b
19253904,D5b
19254050,D5b
19254053,D5b
19254055,D5b
19254058,D5b
19254060,D5b
19254126,D5b
19254137,D5b
19258248,D5b
19260126,D5b
19268837,D5b
19274960,D5b
19277251,D5b
19277899,D5b
19278832,D5b
19288883,D5b
19288886,D5b
19304047,D5b
19304050,D5b
19308862,D5b
19340462,D5b
19344022,D5b
19344028,D5b
19344029,D5b
19344036,D5b
19344039,D5b
19344887,D5b
19345664,D5b
19356762,D5b
19356905,D5b
19358254,D5b
19359860,D5b
19359863,D5b
19361741,D5b
19369889,D5b
19374237,D5b
19375025,D5b
19375027,D5b
19378779,D5b
19381100,D5b
19388435,D5b
19390458,D5b
19397068,D5b
19403147,D5b
19405831,D5b
19405836,D5b
19405841,D5b
19406538,D5b
19413269,D5b
19415058,D5b
19418678,D5b
19418860,D5b
19419451,D5b
19438948,D5b
19438958,D5b
19438961,D5b
19438967,D5b
19441738,D5b
19442488,D5b
19446201,D5b
19446207,D5b
19446217,D5b
19446220,D5b
19453085,D5b
19453567,D5b
19455998,D5b
19461348,D5b
19463987,D5b
19464644,D5b
19464971,D5b
19467845,D5b
19472872,D5b
19472894,D5b
19472898,D5b
19474254,D5b
19480043,D5b
19482390,D5b
19484414,D5b
19485075,D5b
19487059,D5b
19489961,D5b
19492639,D5b
19492644,D5b
19492648,D5b
19492653,D5b
19496394,D5b
19509532,D5b
19509533,D5b
19515034,D5b
19521256,D5b
19531416,D5b
19531420,D5b
19531421,D5b
19531424,D5b
19531441,D5b
19536765,D5b
19540772,D5b
19553848,D5b
19555984,D5b
19558162,D5b
19565962,D5b
19565984,D5b
19566975,D5b
19571059,D5b
19572300,D5b
19576667,D5b
19577157,D5b
19587867,D5b
19587874,D5b
19587876,D5b
19587877,D5b
19587883,D5b
19589739,D5b
19591328,D5b
19591331,D5b
19606370,D5b
19615568,D5b
19615587,D5b
19615588,D5b
19615590,D5b
19628944,D5b
19632815,D5b
19640682,D5b
19642749,D5b
19644277,D5b
19647911,D5b
19648020,D5b
19649517,D5b
19649578,D5b
19655482,D5b
19655493,D5b
19655544,D5b
19655551,D5b
19656037,D5b
19662982,D5b
19663958,D5b
19663962,D5b
19663999,D5b
19664908,D5b
19673921,D5b
19678859,D5b
19680180,D5b
19681938,D5b
19681966,D5b
19681969,D5b
19682217,D5b
19682916,D5b
19686916,D5b
19686945,D5b
19686957,D5b
19692255,D5b
19692951,D5b
19699058,D5b
19699114,D5b
19699117,D5b
19699612,D5b
19715011,D5b
19716490,D5b
19716719,D5b
19716728,D5b
19719732,D5b
19722443,D5b
19726025,D5b
19728631,D5b
19731258,D5b
19731883,D5b
19732675,D5b
19732678,D5b
19737264,D5b
19738574,D5b
19743666,D5b
19744201,D5b
19744202,D5b
19754643,D5b
19754697,D5b
19757645,D5b
19761898,D5b
19761910,D5b
19766024,D5b
19771973,D5b
19774402,D5b
19776505,D5b
19784423,D5b
19784474,D5b
19792851,D5b
19793333,D5b
19793690,D5b
19796295,D5b
19801225,D5b
19811224,D5b
19813420,D5b
19813421,D5b
19813422,D5b
19813424,D5b
19816252,D5b
19816270,D5b
19816277,D5b
19816279,D5b
19816280,D5b
19816297,D5b
19816311,D5b
19816340,D5b
19816352,D5b
19816357,D5b
19816374,D5b
19820164,D5b
19821311,D5b
19821315,D5b
19828292,D5b
19828341,D5b
19828342,D5b
19835747,D5b
19835754,D5b
19836088,D5b
19836708,D5b
19836709,D5b
19837300,D5b
19837313,D5b
19837322,D5b
19837327,D5b
19843102,D5b
19843104,D5b
19845303,D5b
19845707,D5b
19852207,D5b
19853168,D5b
19860502,D5b
19860505,D5b
19860512,D5b
19860529,D5b
19864154,D5b
19873719,D5b
19873720,D5b
19873721,D5b
19877560,D5b
19878171,D5b
19878476,D5b
19880026,D5b
19882822,D5b
19885400,D5b
19885411,D5b
19885446,D5b
19885447,D5b
19885449,D5b
19886936,D5b
19888495,D5b
19889485,D5b
19893967,D5b
19905932,D5b
19907729,D5b
19907847,D5b
19910205,D5b
19910206,D5b
19910208,D5b
19913721,D5b
19925990,D5b
19925991,D5b
19925996,D5b
19926179,D5b
19928372,D5b
19929098,D5b
19931106,D5b
19931882,D5b
19931964,D5b
19934674,D5b
19935308,D5b
19944568,D5b
19945885,D5b
19952605,D5b
19952663,D5b
19953956,D5b
19957850,D5b
19958442,D5b
19959264,D5b
19961374,D5b
19961391,D5b
19969485,D5b
20005121,D5b
20006176,D5b
20006183,D5b
20009599,D5b
20009600,D5b
20009606,D5b
20017646,D5b
20020591,D5b
20030116,D5b
20034822,D5b
20034823,D5b
20036345,D5b
20036611,D5b
20038881,D5b
20038884,D5b
20038911,D5b
20045231,D5b
20046054,D5b
20048622,D5b
20054593,D5b
20061975,D5b
20070755,D5b
20072008,D5b
20072741,D5b
20072742,D5b
20072743,D5b
20077910,D5b
20078201,D5b
20091417,D5b
20096066,D5b
20103472,D5b
20103475,D5b
20123406,D5b
20123414,D5b
20132246,D5b
20134360,D5b
20140053,D5b
20147810,D5b
20151802,D5b
20156231,D5b
20156237,D5b
20158019,D5b
20159475,D5b
20162116,D5b
20162118,D5b
20162120,D5b
20162122,D5b
20167453,D5b
20170387,D5b
20170389,D5b
20171471,D5b
20171472,D5b
20171483,D5b
20171494,D5b
20176419,D5b
20178168,D5b
20179391,D5b
20179395,D5b
20185344,D5b
20186195,D5b
20188235,D5b
20188451,D5b
20191776,D5b
20209201,D5b
20209202,D5b
20210632,D5b
20218780,D5b
20218871,D5b
20224830,D5b
20227153,D5b
20231048,D5b
20231641,D5b
20232072,D5b
20236741,D5b
20299187,D5b
20302447,D5b
20303237,D5b
20303238,D5b
20304544,D5b
20307758,D5b
20307763,D5b
20307768,D5b
20337144,D5b
20337664,D5b
20339278,D5b
20344894,D5b
20346504,D5b
20346563,D5b
20346564,D5b
20347193,D5b
20347463,D5b
20359446,D5b
20369098,D5b
20374416,D5b
20382046,D5b
20382048,D5b
20384463,D5b
20386213,D5b
20386214,D5b
20386218,D5b
20386779,D5b
20386783,D5b
20386785,D5b
20400800,D5b
20408865,D5b
20415936,D5b
20417007,D5b
20418127,D5b
20426590,D5b
20426678,D5b
20426679,D5b
20427106,D5b
20430585,D5b
20432915,D5b
20432926,D5b
20434922,D5b
20437066,D5b
20440633,D5b
20443224,D5b
20443796,D5b
20447260,D5b
20450402,D5b
20461958,D5b
20462739,D5b
20465029,D5b
20465030,D5b
20467595,D5b
20467597,D5b
20467602,D5b
20467609,D5b
20467616,D5b
20467621,D5b
20473537,D5b
20476887,D5b
20480664,D5b
20485027,D5b
20485038,D5b
20485054,D5b
20491815,D5b
20491835,D5b
20497440,D5b
20497443,D5b
20507378,D5b
20508523,D5b
20517103,D5b
20517250,D5b
20521910,D5b
20526254,D5b
20542365,D5b
20542707,D5b
20543697,D5b
20545543,D5b
20545545,D5b
20545549,D5b
20545553,D5b
20546083,D5b
20546824,D5b
20546982,D5b
20553126,D5b
20553144,D5b
20553147,D5b
20553154,D5b
20553156,D5b
20553158,D5b
20553177,D5b
20554360,D5b
20556251,D5b
20556256,D5b
20561467,D5b
20561468,D5b
20569171,D5b
20571845,D5b
20574218,D5b
20580147,D5b
20580287,D5b
20583915,D5b
20591551,D5b
20594630,D5b
20594898,D5b
20605410,D5b
20613566,D5b
20613590,D5b
20613593,D5b
20613607,D5b
20614045,D5b
20615302,D5b
20615664,D5b
20615666,D5b
20618720,D5b
20620364,D5b
20620625,D5b
20626572,D5b
20629545,D5b
20633974,D5b
20636724,D5b
20637032,D5b
20639799,D5b
20642821,D5b
20652798,D5b
20654894,D5b
20655177,D5b
20656532,D5b
20657877,D5b
20657880,D5b
20662673,D5b
20674407,D5b
20674419,D5b
20675422,D5b
20676486,D5b
20679798,D5b
20679853,D5b
20681808,D5b
20681814,D5b
20681816,D5b
20683283,D5b
20683287,D5b
20683290,D5b
20683291,D5b
20683292,D5b
20685533,D5b
20690503,D5b
20691364,D5b
20697312,D5b
20697315,D5b
20711151,D5b
20712447,D5b
20713268,D5b
20713271,D5b
20714437,D5b
20727646,D5b
20728253,D5b
20728311,D5b
20729185,D5b
20731584,D5b
20737951,D5b
20739113,D5b
20805768,D5b
20813500,D5b
20813557,D5b
20813560,D5b
20814599,D5b
20814602,D5b
20814604,D5b
20815732,D5b
20818251,D5b
20818254,D5b
20819137,D5b
20824743,D5b
20828909,D5b
20831755,D5b
20832247,D5b
20832327,D5b
20837617,D5b
20842081,D5b
20847993,D5b
20848932,D5b
20848940,D5b
20856041,D5b
20856049,D5b
20857679,D5b
20862402,D5b
20862418,D5b
20862545,D5b
20863038,D5b
20863942,D5b
20868451,D5b
20877738,D5b
20881807,D5b
20881811,D5b
20882740,D5b
20883114,D5b
20884306,D5b
20932154,D5b
20932159,D5b
20932492,D5b
20946346,D5b
20948423,D5b
20949756,D5b
20952222,D5b
20960991,D5b
20965105,D5b
20967309,D5b
20971544,D5b
20972590,D5b
20977611,D5b
21039228,D5b
21042111,D5b
21042189,D5b
21044131,D5b
21044163,D5b
21046775,D5b
21050641,D5b
21050643,D5b
21050644,D5b
21053638,D5b
21055857,D5b
21055862,D5b
21069106,D5b
21070430,D5b
21074450,D5b
21080788,D5b
21084174,D5b
21086003,D5b
21087315,D5b
21087398,D5b
21091351,D5b
21091539,D5b
21091540,D5b
21109279,D5b
21112618,D5b
21113696,D5b
21119351,D5b
21119427,D5b
21119449,D5b
21119452,D5b
21119472,D5b
21120699,D5b
21121737,D5b
21121766,D5b
21124137,D5b
21124139,D5b
21124140,D5b
21124146,D5b
21124151,D5b
21128741,D5b
21133027,D5b
21133034,D5b
21138357,D5b
21138359,D5b
21144630,D5b
21145636,D5b
21145638,D5b
21176098,D5b
21176811,D5b
21186960,D5b
21187768,D5b
21191275,D5b
21192908,D5b
21194814,D5b
21194991,D5b
21195586,D5b
21196864,D5b
21197499,D5b
21197502,D5b
21197504,D5b
21198906,D5b
21200230,D5b
21205166,D5b
21208808,D5b
21211880,D5b
21216070,D5b
21216076,D5b
21219223,D5b
21229665,D5b
21231866,D5b
21236540,D5b
21238844,D5b
21242420,D5b
21244500,D5b
21252845,D5b
21261621,D5b
21261778,D5b
21272970,D5b
21272977,D5b
21277660,D5b
21278531,D5b
21280106,D5b
21288185,D5b
21299406,D5b
21302392,D5b
21309858,D5b
21322267,D5b
21337862,D5b
21344499,D5b
21349689,D5b
21353578,D5b
21353933,D5b
21358547,D5b
21365023,D5b
21365024,D5b
21365028,D5b
21365029,D5b
21371725,D5b
21375140,D5b
21403542,D5b
21403551,D5b
21403561,D5b
21403570,D5b
21406515,D5b
21415653,D5b
21419549,D5b
21420631,D5b
21428842,D5b
21435006,D5b
21435769,D5b
21440827,D5b
21443607,D5b
21448762,D5b
21451384,D5b
21451893,D5b
21453394,D5b
21454084,D5b
21454181,D5b
21457353,D5b
21457453,D5b
21457696,D5b
21459012,D5b
21465220,D5b
21473297,D5b
21483885,D5b
21483886,D5b
21483894,D5b
21488825,D5b
21491005,D5b
21491017,D5b
21492796,D5b
21492797,D5b
21492798,D5b
21492805,D5b
21501243,D5b
21509934,D5b
21518105,D5b
21518179,D5b
21520102,D5b
21527038,D5b
21529182,D5b
21533777,D5b
21534822,D5b
21536185,D5b
21536361,D5b
21537920,D5b
21549490,D5b
21550159,D5b
21550207,D5b
21556386,D5b
21556698,D5b
21557670,D5b
21558928,D5b
21560178,D5b
21560666,D5b
21561483,D5b
21561484,D5b
21566862,D5b
21574509,D5b
21586944,D5b
21594216,D5b
21612713,D5b
21613947,D5b
21618441,D5b
21621191,D5b
21621862,D5b
21622007,D5b
21623807,D5b
21627462,D5b
21629102,D5b
21636197,D5b
21636336,D5b
21658910,D5b
21661660,D5b
21676514,D5b
21678372,D5b
21680073,D5b
21681127,D5b
21683264,D5b
21683495,D5b
21688583,D5b
21701123,D5b
21703739,D5b
21716981,D5b
21717895,D5b
21719302,D5b
21720750,D5b
21723017,D5b
21723018,D5b
21726686,D5b
21733701,D5b
21740169,D5b
21740172,D5b
21740181,D5b
21741142,D5b
21741741,D5b
21743401,D5b
21745320,D5b
21745329,D5b
21745707,D5b
21749166,D5b
21753136,D5b
21761989,D5b
21777532,D5b
21777552,D5b
21779902,D5b
21784650,D5b
21784674,D5b
21788808,D5b
21788832,D5b
21794888,D5b
21806476,D5b
21811167,D5b
21815991,D5b
21820232,D5b
21824704,D5b
21831488,D5b
21834861,D5b
21834864,D5b
21837297,D5b
21837299,D5b
21837306,D5b
21837309,D5b
21837388,D5b
21841997,D5b
21844814,D5b
21845240,D5b
21845245,D5b
21845248,D5b
21846558,D5b
21848406,D5b
21853249,D5b
21855048,D5b
21856056,D5b
21865999,D5b
21872482,D5b
21872501,D5b
21883358,D5b
21889311,D5b
21890372,D5b
21892524,D5b
21905900,D5b
21905904,D5b
21906821,D5b
21909026,D5b
21909145,D5b
21919049,D5b
21923559,D5b
21924449,D5b
21927873,D5b
21933526,D5b
21940523,D5b
21942791,D5b
21945486,D5b
21950533,D5b
21955211,D5b
21959421,D5b
21959452,D5b
21959485,D5b
21967933,D5b
21968330,D5b
21969524,D5b
21978472,D5b
21978717,D5b
21982693,D5b
21985285,D5b
21996249,D5b
22000450,D5b
22000635,D5b
22000956,D5b
22003880,D5b
22004058,D5b
22008362,D5b
22008742,D5b
22009183,D5b
22010090,D5b
22010094,D5b
22014175,D5b
22018252,D5b
22022689,D5b
22025326,D5b
22025346,D5b
22030817,D5b
22038877,D5b
22041120,D5b
22043466,D5b
22046736,D5b
22066976,D5b
22067855,D5b
22075326,D5b
22079566,D5b
22092480,D5b
22092724,D5b
22092804,D5b
22093001,D5b
22093241,D5b
22094394,D5b
22094740,D5b
22094865,D5b
22097658,D5b
22103815,D5b
22113114,D5b
22115819,D5b
22117711,D5b
22117895,D5b
22118925,D5b
22123544,D5b
22123550,D5b
22129959,D5b
22131174,D5b
22134252,D5b
22134285,D5b
22134315,D5b
22134666,D5b
22134775,D5b
22140204,D5b
22141358,D5b
22142950,D5b
22153654,D5b
22154942,D5b
22159444,D5b
22165130,D5b
22165314,D5b
22166162,D5b
22167034,D5b
22168758,D5b
22176830,D5b
22180139,D5b
22182661,D5b
22182663,D5b
22182665,D5b
22186560,D5b
22186590,D5b
22196186,D5b
22197108,D5b
22204924,D5b
22209182,D5b
22209447,D5b
22211304,D5b
22214180,D5b
22214683,D5b
22217859,D5b
22218264,D5b
22220770,D5b
22228463,D5b
22233422,D5b
22236044,D5b
22236111,D5b
22241304,D5b
22245167,D5b
22248957,D5b
22259806,D5b
22259980,D5b
22259992,D5b
22261563,D5b
22277699,D5b
22285012,D5b
22285340,D5b
22287494,D5b
22292144,D5b
22299083,D5b
22299097,D5b
22299117,D5b
22300418,D5b
22305875,D5b
22306772,D5b
22313831,D5b
22321766,D5b
22332583,D5b
22332584,D5b
22337382,D5b
22337386,D5b
22337416,D5b
22337418,D5b
22337464,D5b
22353413,D5b
22356741,D5b
22369565,D5b
22371968,D5b
22372275,D5b
22380992,D5b
22382749,D5b
22382755,D5b
22390367,D5b
22391108,D5b
22393565,D5b
22395472,D5b
22398191,D5b
22404238,D5b
22405532,D5b
22408770,D5b
22421832,D5b
22421840,D5b
22423408,D5b
22423418,D5b
22423422,D5b
22431815,D5b
22439256,D5b
22441417,D5b
22446463,D5b
22449592,D5b
22449594,D5b
22450004,D5b
22458589,D5b
22460229,D5b
22470527,D5b
22471739,D5b
22472495,D5b
22476693,D5b
22483343,D5b
22483447,D5b
22486272,D5b
22490223,D5b
22492016,D5b
22492019,D5b
22495404,D5b
22503081,D5b
22503876,D5b
22506512,D5b
22510343,D5b
22515187,D5b
22516838,D5b
22520568,D5b
22520725,D5b
22524331,D5b
22531521,D5b
22534125,D5b
22538027,D5b
22545429,D5b
22548359,D5b
22551410,D5b
22551646,D5b
22551772,D5b
22565542,D5b
22565870,D5b
22565910,D5b
22565915,D5b
22578705,D5b
22580097,D5b
22584419,D5b
22588044,D5b
22591983,D5b
22611790,D5b
22612041,D5b
22616064,D5b
22623117,D5b
22623380,D5b
22632396,D5b
22632929,D5b
22632931,D5b
22643804,D5b
22648931,D5b
22652007,D5b
22652446,D5b
22668432,D5b
22668433,D5b
22669156,D5b
22672559,D5b
22676928,D5b
22676985,D5b
22677214,D5b
22677330,D5b
22677690,D5b
22677691,D5b
22677734,D5b
22680300,D5b
22686104,D5b
22697457,D5b
22718178,D5b
22726522,D5b
22732853,D5b
22747348,D5b
22750592,D5b
22754899,D5b
22754902,D5b
22754910,D5b
22759676,D5b
22762703,D5b
22765983,D5b
22766381,D5b
22766382,D5b
22775137,D5b
22775764,D5b
22776088,D5b
22776730,D5b
22783890,D5b
22784417,D5b
22788219,D5b
22790336,D5b
22801169,D5b
22810574,D5b
22814557,D5b
22814559,D5b
22814562,D5b
22814758,D5b
22818045,D5b
22818976,D5b
22835536,D5b
22840565,D5b
22847857,D5b
22848899,D5b
22849663,D5b
22856036,D5b
22858021,D5b
22858022,D5b
22858709,D5b
22864225,D5b
22868019,D5b
22868032,D5b
22868035,D5b
22871307,D5b
22872554,D5b
22878481,D5b
22894989,D5b
22894990,D5b
22898314,D5b
22901654,D5b
22901657,D5b
22907115,D5b
22908601,D5b
22910278,D5b
22919939,D5b
22920694,D5b
22920892,D5b
22921752,D5b
22924970,D5b
22926475,D5b
22929248,D5b
22934494,D5b
22934501,D5b
22934505,D5b
22939321,D5b
22940021,D5b
22942155,D5b
22948655,D5b
22957935,D5b
22958047,D5b
22958832,D5b
22959878,D5b
22965241,D5b
22968573,D5b
22971980,D5b
22976626,D5b
22976650,D5b
22976657,D5b
22976658,D5b
22976698,D5b
22976712,D5b
22976729,D5b
22980542,D5b
22980613,D5b
22996714,D5b
22997739,D5b
23000731,D5b
23010376,D5b
23021396,D5b
23021893,D5b
23025467,D5b
23031725,D5b
23039036,D5b
23040341,D5b
23040343,D5b
23040345,D5b
23040346,D5b
23041990,D5b
23043528,D5b
23057041,D5b
23057053,D5b
23057055,D5b
23057059,D5b
23057065,D5b
23062139,D5b
23062715,D5b
23063390,D5b
23064974,D5b
23073039,D5b
23073596,D5b
23077959,D5b
23078822,D5b
23096654,D5b
23098586,D5b
23102764,D5b
23103075,D5b
23114829,D5b
23114830,D5b
23122692,D5b
23124302,D5b
23135145,D5b
23141729,D5b
23141918,D5b
23147291,D5b
23147294,D5b
23147307,D5b
23147336,D5b
23147341,D5b
23153788,D5b
23154361,D5b
23156637,D5b
23164998,D5b
23167308,D5b
23176981,D5b
23177211,D5b
23184222,D5b
23189284,D5b
23189300,D5b
23193710,D5b
23200224,D5b
23207673,D5b
23214291,D5b
23217465,D5b
23218503,D5b
23218505,D5b
23218981,D5b
23219019,D5b
23219713,D5b
23220319,D5b
23228282,D5b
23239267,D5b
23240490,D5b
23245945,D5b
23253028,D5b
23255518,D5b
23257485,D5b
23258379,D5b
23272321,D5b
23272442,D5b
23282102,D5b
23287979,D5b
23287980,D5b
23287983,D5b
23290272,D5b
23291849,D5b
23296032,D5b
23302380,D5b
23311658,D5b
23317299,D5b
23325586,D5b
23327604,D5b
23331197,D5b
23332111,D5b
23339378,D5b
23344366,D5b
23347347,D5b
23348286,D5b
23348338,D5b
23348344,D5b
23351480,D5b
23351759,D5b
23357707,D5b
23369657,D5b
23374934,D5b
23375448,D5b
23377069,D5b
23385512,D5b
23385986,D5b
23387334,D5b
23392274,D5b
23394065,D5b
23402733,D5b
23413638,D5b
23413881,D5b
23415467,D5b
23420853,D5b
23422760,D5b
23426711,D5b
23430569,D5b
23432761,D5b
23446588,D5b
23452970,D5b
23472878,D5b
23484168,D5b
23484174,D5b
23484181,D5b
23489697,D5b
23494761,D5b
23499159,D5b
23506101,D5b
23507319,D5b
23507322,D5b
23507326,D5b
23510601,D5b
23511742,D5b
23512240,D5b
23516808,D5b
23520775,D5b
23523623,D5b
23524476,D5b
23524695,D5b
23524712,D5b
23524727,D5b
23524737,D5b
23524833,D5b
23527345,D5b
23530854,D5b
23542257,D5b
23550329,D5b
23568609,D5b
23574428,D5b
23574469,D5b
23578250,D5b
23593623,D5b
23593627,D5b
23593630,D5b
23594026,D5b
23597538,D5b
23598047,D5b
23599073,D5b
23602482,D5b
23602673,D5b
23605821,D5b
23605830,D5b
23607367,D5b
23611605,D5b
23615388,D5b
23619749,D5b
23620149,D5b
23627307,D5b
23627308,D5b
23629083,D5b
23629092,D5b
23638947,D5b
23642668,D5b
23642669,D5b
23642670,D5b
23643291,D5b
23647007,D5b
23657276,D5b
23659099,D5b
23672127,D5b
23680116,D5b
23684275,D5b
23684529,D5b
23691616,D5b
23701831,D5b
23702194,D5b
23713415,D5b
23714063,D5b
23714066,D5b
23714213,D5b
23714333,D5b
23714793,D5b
23714798,D5b
23714903,D5b
23714910,D5b
23714918,D5b
23714920,D5b
23714921,D5b
23714940,D5b
23714954,D5b
23714986,D5b
23719247,D5b
23722451,D5b
23722462,D5b
23725026,D5b
23725739,D5b
23726273,D5b
23726491,D5b
23732428,D5b
23738962,D5b
23747231,D5b
23748297,D5b
23752834,D5b
23757826,D5b
23773236,D5b
23786530,D5b
23786596,D5b
23786803,D5b
23790589,D5b
23791249,D5b
23800754,D5b
23806959,D5b
23810619,D5b
23820702,D5b
23820710,D5b
23822163,D5b
23824316,D5b
23827476,D5b
23834015,D5b
23834274,D5b
23838249,D5b
23839270,D5b
23841294,D5b
23851791,D5b
23851815,D5b
23851817,D5b
23851830,D5b
23851884,D5b
23857025,D5b
23866778,D5b
23866952,D5b
23869363,D5b
23869364,D5b
23869366,D5b
23871317,D5b
23878844,D5b
23886558,D5b
23891010,D5b
23897339,D5b
23906850,D5b
23910210,D5b
23910898,D5b
23913847,D5b
23926588,D5b
23930626,D5b
23941027,D5b
23945515,D5b
23946198,D5b
23946213,D5b
23948364,D5b
23953628,D5b
23956330,D5b
23957042,D5b
23957392,D5b
23957784,D5b
23962060,D5b
23962594,D5b
23964483,D5b
23964779,D5b
23978696,D5b
23991853,D5b
23991854,D5b
23992783,D5b
23998152,D5b
23998154,D5b
23998156,D5b
23998157,D5b
23998161,D5b
23998375,D5b
24000063,D5b
24001132,D5b
24003609,D5b
24004421,D5b
24009079,D5b
24013392,D5b
24014312,D5b
24020234,D5b
24020616,D5b
24021775,D5b
24024956,D5b
24028593,D5b
24029611,D5b
24035733,D5b
24036726,D5b
24036732,D5b
24040948,D5b
24041492,D5b
24050919,D5b
24051498,D5b
24064173,D5b
24066323,D5b
24066341,D5b
24066344,D5b
24066348,D5b
24071556,D5b
24071693,D5b
24072359,D5b
24076681,D5b
24076701,D5b
24111550,D5b
24111843,D5b
24113296,D5b
24123583,D5b
24126596,D5b
24126598,D5b
24128312,D5b
24139730,D5b
24149408,D5b
24151728,D5b
24158332,D5b
24165605,D5b
24166092,D5b
24171360,D5b
24172127,D5b
24175910,D5b
24179981,D5b
24179982,D5b
24185463,D5b
24191921,D5b
24201061,D5b
24214848,D5b
24220368,D5b
24220390,D5b
24220429,D5b
24220452,D5b
24220464,D5b
24225779,D5b
24240764,D5b
24245700,D5b
24262054,D5b
24269641,D5b
24280117,D5b
24281617,D5b
24281618,D5b
24283568,D5b
24284737,D5b
24295451,D5b
24299036,D5b
24316859,D5b
24321311,D5b
24330035,D5b
24336041,D5b
24341781,D5b
24344609,D5b
24360016,D5b
24364175,D5b
24373321,D5b
24373657,D5b
24374142,D5b
24382035,D5b
24382048,D5b
24387153,D5b
24387154,D5b
24388177,D5b
24388657,D5b
24388721,D5b
24393569,D5b
24404875,D5b
24438564,D5b
24442554,D5b
24444340,D5b
24448537,D5b
24451864,D5b
24451865,D5b
24451870,D5b
24451957,D5b
24461197,D5b
24466625,D5b
24480720,D5b
24485977,D5b
24485978,D5b
24503390,D5b
24508227,D5b
24513785,D5b
24521550,D5b
24522890,D5b
24529349,D5b
24529569,D5b
24531254,D5b
24552922,D5b
24560173,D5b
24561366,D5b
24561374,D5b
24568966,D5b
24569425,D5b
24570020,D5b
24570985,D5b
24572857,D5b
24572880,D5b
24575743,D5b
24577483,D5b
24580835,D5b
24590323,D5b
24593180,D5b
24600651,D5b
24600663,D5b
24602810,D5b
24607189,D5b
24608631,D5b
24610626,D5b
24613371,D5b
24618572,D5b
24621670,D5b
24621694,D5b
24621695,D5b
24621702,D5b
24621726,D5b
24621772,D5b
24624391,D5b
24629798,D5b
24630071,D5b
24631477,D5b
24634903,D5b
24634904,D5b
24637527,D5b
24642091,D5b
24656913,D5b
24660198,D5b
24661107,D5b
24665639,D5b
24668345,D5b
24670276,D5b
24680025,D5b
24683564,D5b
24683570,D5b
24683578,D5b
24683581,D5b
24683585,D5b
24684275,D5b
24687419,D5b
24689697,D5b
24691338,D5b
24699098,D5b
24702157,D5b
24702986,D5b
24704281,D5b
24705241,D5b
24716651,D5b
24717313,D5b
24732938,D5b
24735431,D5b
24742486,D5b
24743627,D5b
24752930,D5b
24770776,D5b
24773149,D5b
24779951,D5b
24779952,D5b
24783843,D5b
24785755,D5b
24787079,D5b
24791304,D5b
24793766,D5b
24796191,D5b
24800735,D5b
24804283,D5b
24804296,D5b
24812021,D5b
24812749,D5b
24818205,D5b
24819524,D5b
24819804,D5b
24819810,D5b
24820708,D5b
24820722,D5b
24820731,D5b
24827656,D5b
24831743,D5b
24831940,D5b
24835414,D5b
24837870,D5b
24851636,D5b
24856954,D5b
24877155,D5b
24888978,D5b
24889104,D5b
24889647,D5b
24894710,D5b
24905927,D5b
24909482,D5b
24909821,D5b
24910367,D5b
24914755,D5b
24921198,D5b
24926720,D5b
24933239,D5b
24935555,D5b
24939252,D5b
24942093,D5b
24943898,D5b
24945242,D5b
24947966,D5b
24953445,D5b
24953889,D5b
24954814,D5b
24965828,D5b
24966231,D5b
24969602,D5b
24977250,D5b
24977256,D5b
24985960,D5b
24987870,D5b
25006770,D5b
25008032,D5b
25008126,D5b
25008214,D5b
25012646,D5b
25023060,D5b
25028687,D5b
25033347,D5b
25040354,D5b
25050354,D5b
25052145,D5b
25052512,D5b
25052572,D5b
25054246,D5b
25054426,D5b
25069690,D5b
25072977,D5b
25076624,D5b
25080724,D5b
25085104,D5b
25091894,D5b
25098576,D5b
25100637,D5b
25102394,D5b
25102873,D5b
25108339,D5b
25109585,D5b
25118525,D5b
25123759,D5b
25127753,D5b
25143304,D5b
25148624,D5b
25148629,D5b
25148630,D5b
25148643,D5b
25148931,D5b
25149324,D5b
25150164,D5b
25151584,D5b
25153066,D5b
25153673,D5b
25158731,D5b
25158732,D5b
25159462,D5b
25162918,D5b
25168257,D5b
25171042,D5b
25173587,D5b
25174197,D5b
25181255,D5b
25188984,D5b
25191673,D5b
25192153,D5b
25199932,D5b
25203585,D5b
25203591,D5b
25210859,D5b
25216204,D5b
25218312,D5b
25225160,D5b
25227330,D5b
25234530,D5b
25236818,D5b
25249173,D5b
25265123,D5b
25265128,D5b
25266138,D5b
25276787,D5b
25279396,D5b
25289655,D5b
25295885,D5b
25295888,D5b
25305795,D5b
25315019,D5b
25329851,D5b
25331395,D5b
25338640,D5b
25340697,D5b
25359672,D5b
25364976,D5b
25365651,D5b
25365652,D5b
25371100,D5b
25376144,D5b
25377577,D5b
25382763,D5b
25385320,D5b
25385544,D5b
25385807,D5b
25397798,D5b
25407534,D5b
25411729,D5b
25411745,D5b
25415247,D5b
25415276,D5b
25434288,D5b
25439085,D5b
25441869,D5b
25442740,D5b
25443385,D5b
25457741,D5b
25457821,D5b
25458439,D5b
25468318,D5b
25489770,D5b
25503094,D5b
25511071,D5b
25511969,D5b
25518814,D5b
25522487,D5b
25533077,D5b
25533572,D5b
25535616,D5b
25542605,D5b
25543591,D5b
25546095,D5b
25546139,D5b
25563525,D5b
25565236,D5b
25569412,D5b
25569423,D5b
25579015,D5b
25586966,D5b
25591022,D5b
25600629,D5b
25600702,D5b
25615917,D5b
25615925,D5b
25616846,D5b
25622713,D5b
25626797,D5b
25626799,D5b
25640700,D5b
25641592,D5b
25643339,D5b
25643345,D5b
25645158,D5b
25655480,D5b
25661502,D5b
25661504,D5b
25665420,D5b
25675011,D5b
25682461,D5b
25683044,D5b
25683045,D5b
25686430,D5b
25699536,D5b
25703076,D5b
25704848,D5b
25707166,D5b
25710748,D5b
25712436,D5b
25727443,D5b
25738178,D5b
25746240,D5b
25746673,D5b
25748392,D5b
25749077,D5b
25764590,D5b
25792154,D5b
25813146,D5b
25822639,D5b
25825108,D5b
25830391,D5b
25830406,D5b
25831113,D5b
25835757,D5b
25835759,D5b
25842053,D5b
25842462,D5b
25843535,D5b
25855573,D5b
25857251,D5b
25861911,D5b
25863644,D5b
25865532,D5b
25867982,D5b
25867987,D5b
25875308,D5b
25887427,D5b
25895297,D5b
25906808,D5b
25909520,D5b
25909524,D5b
25909527,D5b
25910933,D5b
25913512,D5b
25914132,D5b
25915678,D5b
25915680,D5b
25917188,D5b
25918759,D5b
25927424,D5b
25930957,D5b
25933149,D5b
25934440,D5b
25935079,D5b
25937474,D5b
25937582,D5b
25939312,D5b
25946661,D5b
25950086,D5b
25951958,D5b
25957054,D5b
25957106,D5b
25960023,D5b
25961870,D5b
25964006,D5b
25972081,D5b
25974123,D5b
25974124,D5b
25974767,D5b
25974774,D5b
25974797,D5b
25978785,D5b
25979190,D5b
25979191,D5b
25979447,D5b
25981121,D5b
25981838,D5b
25996786,D5b
25997077,D5b
25998935,D5b
26008887,D5b
26009914,D5b
26009921,D5b
26009922,D5b
26009925,D5b
26037222,D5b
26044605,D5b
26049610,D5b
26051850,D5b
26051869,D5b
26057778,D5b
26057917,D5b
26064899,D5b
26068388,D5b
26071794,D5b
26073267,D5b
26080152,D5b
26080162,D5b
26081344,D5b
26084999,D5b
26092206,D5b
26102540,D5b
26109377,D5b
26111320,D5b
26114541,D5b
26116063,D5b
26123284,D5b
26124025,D5b
26133146,D5b
26138808,D5b
26141597,D5b
26152394,D5b
26154247,D5b
26159211,D5b
26162810,D5b
26167993,D5b
26171753,D5b
26174080,D5b
26176902,D5b
26190695,D5b
26192981,D5b
26205165,D5b
26205922,D5b
26211176,D5b
26215467,D5b
26222610,D5b
26232841,D5b
26233970,D5b
26241450,D5b
26242697,D5b
26247445,D5b
26252040,D5b
26261679,D5b
26267564,D5b
26269936,D5b
26300062,D5b
26304603,D5b
26315273,D5b
26317574,D5b
26322454,D5b
26323456,D5b
26335321,D5b
26340009,D5b
26340447,D5b
26341682,D5b
26342948,D5b
26349257,D5b
26357691,D5b
26357697,D5b
26369483,D5b
26374747,D5b
26385626,D5b
26385630,D5b
26392134,D5b
26394348,D5b
26397256,D5b
26403404,D5b
26408102,D5b
26416079,D5b
26418792,D5b
26421468,D5b
26429600,D5b
26432316,D5b
26452430,D5b
26460739,D5b
26468810,D5b
26468834,D5b
26468846,D5b
26470576,D5b
26486205,D5b
26504905,D5b
26505131,D5b
26506636,D5b
26508376,D5b
26509979,D5b
26509983,D5b
26517455,D5b
26520236,D5b
26521358,D5b
26521366,D5b
26522605,D5b
26540157,D5b
26546842,D5b
26547514,D5b
26548149,D5b
26548289,D5b
26552107,D5b
26567852,D5b
26575962,D5b
26580310,D5b
26586598,D5b
26591011,D5b
26594967,D5b
26594984,D5b
26595008,D5b
26598239,D5b
26601879,D5b
26602586,D5b
26608143,D5b
26612624,D5b
26669550,D5b
26674901,D5b
26683007,D5b
26687792,D5b
26687794,D5b
26695798,D5b
26696474,D5b
26697547,D5b
26697555,D5b
26697557,D5b
26697611,D5b
26697726,D5b
26703029,D5b
26703061,D5b
26706489,D5b
26714451,D5b
26716398,D5b
26732981,D5b
26749300,D5b
26750023,D5b
26757329,D5b
26763080,D5b
26787383,D5b
26792145,D5b
26792709,D5b
26800160,D5b
26800170,D5b
26805463,D5b
26813232,D5b
26818325,D5b
26818328,D5b
26819154,D5b
26824216,D5b
26824918,D5b
26827063,D5b
26846793,D5b
26848563,D5b
26857759,D5b
26859636,D5b
26862694,D5b
26865353,D5b
26867668,D5b
26876700,D5b
26882508,D5b
26885931,D5b
26887405,D5b
26888239,D5b
26898039,D5b
26898519,D5b
26900747,D5b
26901306,D5b
26906186,D5b
26909508,D5b
26918539,D5b
26920642,D5b
26929947,D5b
26932194,D5b
26946203,D5b
26948244,D5b
26967097,D5b
26972482,D5b
26973224,D5b
26981949,D5b
26993106,D5b
26995275,D5b
26999694,D5b
27002701,D5b
27004278,D5b
27004279,D5b
27004290,D5b
27007188,D5b
27012060,D5b
27022639,D5b
27035596,D5b
27043653,D5b
27055326,D5b
27056635,D5b
27059203,D5b
27070667,D5b
27077954,D5b
27084863,D5b
27086614,D5b
27091781,D5b
27092909,D5b
27092913,D5b
27097139,D5b
27098198,D5b
27100639,D5b
27100648,D5b
27100805,D5b
27109711,D5b
27118615,D5b
27133791,D5b
27138240,D5b
27140443,D5b
27152560,D5b
27159622,D5b
27159860,D5b
27165482,D5b
27169909,D5b
27171947,D5b
27182974,D5b
27183078,D5b
27183079,D5b
27185231,D5b
27198206,D5b
27199174,D5b
27206625,D5b
27206923,D5b
27209719,D5b
27213741,D5b
27228246,D5b
27228250,D5b
27228253,D5b
27228255,D5b
27236503,D5b
27237079,D5b
27237215,D5b
27240511,D5b
27241250,D5b
27244210,D5b
27251974,D5b
27258712,D5b
27262174,D5b
27264987,D5b
27271863,D5b
27283920,D5b
27292526,D5b
27301596,D5b
27313006,D5b
27315309,D5b
27317022,D5b
27320299,D5b
27333008,D5b
27333009,D5b
27333015,D5b
27333016,D5b
27337919,D5b
27348689,D5b
27353441,D5b
27364356,D5b
27367419,D5b
27380561,D5b
27381747,D5b
27391498,D5b
27414091,D5b
27428922,D5b
27431858,D5b
27431981,D5b
27432807,D5b
27438445,D5b
27440735,D5b
27447152,D5b
27447154,D5b
27447161,D5b
27453038,D5b
27468794,D5b
27469553,D5b
27469566,D5b
27475687,D5b
27475690,D5b
27476677,D5b
27480429,D5b
27485371,D5b
27513771,D5b
27518036,D5b
27524224,D5b
27526230,D5b
27526445,D5b
27540844,D5b
27542547,D5b
27548826,D5b
27560673,D5b
27561116,D5b
27564069,D5b
27564070,D5b
27564073,D5b
27580650,D5b
27603361,D5b
27606564,D5b
27607115,D5b
27607116,D5b
27609710,D5b
27614544,D5b
27617409,D5b
27617706,D5b
27619027,D5b
27619032,D5b
27632764,D5b
27654627,D5b
27655430,D5b
27663532,D5b
27669372,D5b
27680032,D5b
27688167,D5b
27697398,D5b
27707606,D5b
27710954,D5b
27718360,D5b
27722224,D5b
27723378,D5b
27725102,D5b
27725996,D5b
27727105,D5b
27740651,D5b
27741418,D5b
27753539,D5b
27763947,D5b
27766028,D5b
27769674,D5b
27777115,D5b
27779806,D5b
27780691,D5b
27788625,D5b
27802067,D5b
27806763,D5b
27810548,D5b
27834422,D5b
27839628,D5b
27847815,D5b
27865631,D5b
27875507,D5b
27875515,D5b
27876544,D5b
27880030,D5b
27893562,D5b
27906844,D5b
27908574,D5b
27913095,D5b
27922961,D5b
27922963,D5b
27933720,D5b
27939038,D5b
27958765,D5b
27965496,D5b
27966508,D5b
27976556,D5b
27977485,D5b
27977813,D5b
27977824,D5b
27984336,D5b
27998736,D5b
28005744,D5b
28005762,D5b
28005787,D5b
28005822,D5b
28011327,D5b
28012366,D5b
28017140,D5b
28019056,D5b
28024774,D5b
28027184,D5b
28027240,D5b
28054795,D5b
28060092,D5b
28063782,D5b
28070512,D5b
28076936,D5b
28078283,D5b
28093204,D5b
28094562,D5b
28095518,D5b
28098566,D5b
28098576,D5b
28106628,D5b
28109641,D5b
28110408,D5b
28113257,D5b
28116296,D5b
28134604,D5b
28153168,D5b
28159454,D5b
28160590,D5b
28189490,D5b
28196155,D5b
28196167,D5b
28196170,D5b
28196172,D5b
28198643,D5b
28202369,D5b
28202996,D5b
28203001,D5b
28208056,D5b
28209353,D5b
28209631,D5b
28212665,D5b
28215503,D5b
28234878,D5b
28234879,D5b
28251794,D5b
28253180,D5b
28257487,D5b
28275805,D5b
28282517,D5b
28282520,D5b
28291396,D5b
28291849,D5b
28295569,D5b
28303642,D5b
28319206,D5b
28337459,D5b
28343980,D5b
28347627,D5b
28350556,D5b
28350680,D5b
28359687,D5b
28372992,D5b
28374431,D5b
28390758,D5b
28394043,D5b
28397951,D5b
28402343,D5b
28407179,D5b
28410886,D5b
28412181,D5b
28416096,D5b
28428609,D5b
28440741,D5b
28444096,D5b
28445377,D5b
28447119,D5b
28449741,D5b
28452622,D5b
28457420,D5b
28463685,D5b
28466494,D5b
28468174,D5b
28485552,D5b
28489209,D5b
28493236,D5b
28500874,D5b
28526551,D5b
28528368,D5b
28538066,D5b
28552610,D5b
28554449,D5b
28556452,D5b
28570082,D5b
28570398,D5b
28577053,D5b
28582295,D5b
28594592,D5b
28609503,D5b
28610820,D5b
28629833,D5b
28642190,D5b
28651068,D5b
28653055,D5b
28656713,D5b
28663017,D5b
28665865,D5b
28670912,D5b
28675100,D5b
28677938,D5b
28682282,D5b
28688869,D5b
28692514,D5b
28697212,D5b
28705523,D5b
28708644,D5b
28708910,D5b
28710793,D5b
28713118,D5b
28721990,D5b
28727462,D5b
28732221,D5b
28734994,D5b
28739355,D5b
28745712,D5b
28755493,D5b
28760270,D5b
28760282,D5b
28784587,D5b
28817126,D5b
28817133,D5b
28817134,D5b
28818642,D5b
28820838,D5b
28822675,D5b
28826759,D5b
28841943,D5b
28858399,D5b
28862472,D5b
28863859,D5b
28863881,D5b
28864147,D5b
28864292,D5b
28865846,D5b
28869085,D5b
28872507,D5b
28895779,D5b
28905342,D5b
28922244,D5b
28923271,D5b
28930778,D5b
28930929,D5b
28937331,D5b
28938318,D5b
28938321,D5b
28962738,D5b
28968321,D5b
28968331,D5b
28974835,D5b
28986692,D5b
28987222,D5b
29023618,D5b
29064767,D5b
29072225,D5b
29072647,D5b
29072649,D5b
29077684,D5b
29077687,D5b
29080960,D5b
29095784,D5b
29117045,D5b
29120889,D5b
29125933,D5b
29126455,D5b
29126770,D5b
29135733,D5b
29140383,D5b
29140387,D5b
29143185,D5b
29143462,D5b
29150379,D5b
29150957,D5b
29181461,D5b
29188648,D5b
29194252,D5b
29194258,D5b
29202263,D5b
29209669,D5b
29209690,D5b
29215444,D5b
29216869,D5b
29217082,D5b
29231686,D5b
29235158,D5b
29235773,D5b
29247452,D5b
29257005,D5b
29272061,D5b
29274310,D5b
29275300,D5b
29287645,D5b
29290185,D5b
29303418,D5b
29303859,D5b
29304080,D5b
29305090,D5b
29309353,D5b
29314065,D5b
29316182,D5b
29322600,D5b
29333088,D5b
29333779,D5b
29339002,D5b
29340348,D5b
29340482,D5b
29341335,D5b
29346020,D5b
29351041,D5b
29351052,D5b
29355856,D5b
29364342,D5b
29368353,D5b
29381612,D5b
29381614,D5b
29390315,D5b
29396318,D5b
29396606,D5b
29411727,D5b
29425753,D5b
29425755,D5b
29425758,D5b
29431348,D5b
29436942,D5b
29442096,D5b
29447312,D5b
29447321,D5b
29447804,D5b
29451927,D5b
29451930,D5b
29460516,D5b
29461365,D5b
29461366,D5b
29478251,D5b
29478252,D5b
29489572,D5b
29498125,D5b
29498126,D5b
29508553,D5b
29513774,D5b
29521754,D5b
29521762,D5b
29529906,D5b
29533696,D5b
29534133,D5b
29534134,D5b
29537619,D5b
29537706,D5b
29538193,D5b
29554059,D5b
29554066,D5b
29554068,D5b
29559271,D5b
29574815,D5b
29575589,D5b
29577595,D5b
29595867,D5b
29600871,D5b
29607553,D5b
29627422,D5b
29641624,D5b
29641632,D5b
29649372,D5b
29679587,D5b
29683248,D5b
29683498,D5b
29714497,D5b
29716749,D5b
29742568,D5b
29747802,D5b
29761514,D5b
29763493,D5b
29771839,D5b
29791187,D5b
29791692,D5b
29795106,D5b
29806343,D5b
29806350,D5b
29843951,D5b
29856939,D5b
29861406,D5b
29863566,D5b
29870511,D5b
29883588,D5b
29885471,D5b
29889914,D5b
29889920,D5b
29889922,D5b
29905603,D5b
29913031,D5b
29920915,D5b
29934956,D5b
29957240,D5b
29957241,D5b
29959062,D5b
29962426,D5b
29970285,D5b
29972245,D5b
29972942,D5b
29972960,D5b
29983007,D5b
29991155,D5b
29992937,D5b
30001495,D5b
30009789,D5b
30017568,D5b
30020235,D5b
30020352,D5b
30025006,D5b
30028390,D5b
30028391,D5b
30028401,D5b
30036142,D5b
30044566,D5b
30045181,D5b
30055855,D5b
30066697,D5b
30092217,D5b
30092840,D5b
30095853,D5b
30115476,D5b
30121246,D5b
30127196,D5b
30129302,D5b
30135729,D5b
30142393,D5b
30159928,D5b
30161278,D5b
30173692,D5b
30177136,D5b
30179891,D5b
30188149,D5b
30188365,D5b
30188470,D5b
30203137,D5b
30204726,D5b
30218653,D5b
30220565,D5b
30228982,D5b
30231083,D5b
30240051,D5b
30249482,D5b
30252816,D5b
30255279,D5b
30255842,D5b
30255843,D5b
30260839,D5b
30273547,D5b
30281683,D5b
30282091,D5b
30288605,D5b
30293804,D5b
30299112,D5b
30299113,D5b
30307130,D5b
30315792,D5b
30318113,D5b
30320694,D5b
30328307,D5b
30333367,D5b
30334989,D5b
30341270,D5b
30350738,D5b
30356216,D5b
30357705,D5b
30367200,D5b
30367723,D5b
30378344,D5b
30394672,D5b
30396891,D5b
30405899,D5b
30410063,D5b
30411842,D5b
30413950,D5b
30414391,D5b
30431184,D5b
30449523,D5b
30456779,D5b
30480630,D5b
30484284,D5b
30497979,D5b
30503636,D5b
30507875,D5b
30507876,D5b
30507880,D5b
30511983,D5b
30513389,D5b
30514442,D5b
30514603,D5b
30520953,D5b
30521658,D5b
30522796,D5b
30528562,D5b
30531286,D5b
30543122,D5b
30556892,D5b
30557181,D5b
30573711,D5b
30583926,D5b
30592368,D5b
30594478,D5b
30598334,D5b
30599883,D5b
30615849,D5b
30618184,D5b
30623987,D5b
30624791,D5b
30626201,D5b
30632606,D5b
30656844,D5b
30661247,D5b
30675733,D5b
30676449,D5b
30680385,D5b
30680405,D5b
30689966,D5b
30693399,D5b
30695913,D5b
30696887,D5b
30698868,D5b
30699488,D5b
30699495,D5b
30703182,D5b
30718213,D5b
30718215,D5b
30730511,D5b
30736811,D5b
30742792,D5b
30773334,D5b
30782457,D5b
30785240,D5b
30789382,D5b
30789482,D5b
30791121,D5b
30797661,D5b
30797754,D5b
30806279,D5b
30807623,D5b
30817516,D5b
30817519,D5b
30817520,D5b
30821120,D5b
30830090,D5b
30833125,D5b
30846345,D5b
30851751,D5b
30851756,D5b
30852175,D5b
30852176,D5b
30852177,D5b
30855473,D5b
30857386,D5b
30859715,D5b
30865125,D5b
30871782,D5b
30883625,D5b
30884920,D5b
30895678,D5b
30900677,D5b
30926545,D5b
30938359,D5b
30947846,D5b
30947847,D5b
30947850,D5b
30966734,D5b
30973349,D5b
30979612,D5b
30980812,D5b
30986268,D5b
31016885,D5b
31044342,D5b
31074457,D5b
31079991,D5b
31088706,D5b
31089897,D5b
31090746,D5b
31094060,D5b
31102042,D5b
31107382,D5b
31107685,D5b
31118619,D5b
31133506,D5b
31135650,D5b
31136491,D5b
31140209,D5b
31147787,D5b
31157639,D5b
31164268,D5b
31165313,D5b
31166275,D5b
31166279,D5b
31187758,D5b
31190409,D5b
31204153,D5b
31204179,D5b
31207195,D5b
31208786,D5b
31218873,D5b
31219945,D5b
31226185,D5b
31226189,D5b
31227259,D5b
31228424,D5b
31232716,D5b
31232988,D5b
31233002,D5b
31241784,D5b
31253967,D5b
31260166,D5b
31276656,D5b
31283644,D5b
31288321,D5b
31288330,D5b
31299774,D5b
31306374,D5b
31316031,D5b
31324986,D5b
31331240,D5b
31335579,D5b
31337247,D5b
31337956,D5b
31348344,D5b
31350030,D5b
31350123,D5b
31355447,D5b
31358401,D5b
31369511,D5b
31375300,D5b
31377072,D5b
31378923,D5b
31380563,D5b
31384910,D5b
31385414,D5b
31398761,D5b
31418163,D5b
31418330,D5b
31419002,D5b
31424173,D5b
31428646,D5b
31433397,D5b
31449569,D5b
31449573,D5b
31449576,D5b
31449581,D5b
31460718,D5b
31461183,D5b
31477439,D5b
31486809,D5b
31486818,D5b
31490442,D5b
31498569,D5b
31513341,D5b
31522160,D5b
31526903,D5b
31528865,D5b
31531367,D5b
31532823,D5b
31532824,D5b
31536437,D5b
31559646,D5b
31561844,D5b
31562036,D5b
31567766,D5b
31594270,D5b
31597808,D5b
31602699,D5b
31606311,D5b
31613937,D5b
31613951,D5b
31622571,D5b
31633663,D5b
31634311,D5b
31648901,D5b
31670836,D5b
31699633,D5b
31701581,D5b
31701927,D5b
31706715,D5b
31711085,D5b
31711088,D5b
31718915,D5b
31730250,D5b
31732121,D5b
31743566,D5b
31745063,D5b
31749320,D5b
31750552,D5b
31752712,D5b
31756876,D5b
31761879,D5b
31764559,D5b
31764662,D5b
31777154,D5b
31794447,D5b
31797859,D5b
31804373,D5b
31815591,D5b
31815593,D5b
31819301,D5b
31820460,D5b
31822052,D5b
31836130,D5b
31854379,D5b
31860134,D5b
31860988,D5b
31867781,D5b
31875437,D5b
31883262,D5b
31883442,D5b
31886202,D5b
31892445,D5b
31892686,D5b
31895862,D5b
31895866,D5b
31896103,D5b
31904535,D5b
31922507,D5b
31934975,D5b
31961915,D5b
31964165,D5b
31969750,D5b
31977681,D5b
31983482,D5b
32022425,D5b
32028363,D5b
32032406,D5b
32035839,D5b
32037762,D5b
32045469,D5b
32045687,D5b
32049138,D5b
32049901,D5b
32050833,D5b
32052432,D5b
32053928,D5b
32062103,D5b
32064848,D5b
32066323,D5b
32082003,D5b
32089444,D5b
32094091,D5b
32103625,D5b
32118661,D5b
32123216,D5b
32125718,D5b
32127850,D5b
32129951,D5b
32134045,D5b
32144022,D5b
32149967,D5b
32151311,D5b
32159274,D5b
32164998,D5b
32169350,D5b
32174155,D5b
32202090,D5b
32209932,D5b
32209938,D5b
32233189,D5b
32241344,D5b
32246693,D5b
32247440,D5b
32252999,D5b
32253927,D5b
32275899,D5b
32282665,D5b
32282671,D5b
32285518,D5b
32291548,D5b
32306021,D5b
32310863,D5b
32311884,D5b
32315413,D5b
32315419,D5b
32315435,D5b
32317138,D5b
32338473,D5b
32369569,D5b
32372370,D5b
32376298,D5b
32381797,D5b
32387687,D5b
32403035,D5b
32406655,D5b
32427506,D5b
32434497,D5b
32442636,D5b
32459782,D5b
32472872,D5b
32480048,D5b
32483878,D5b
32487178,D5b
32500862,D5b
32502111,D5b
32524122,D5b
32539525,D5b
32551714,D5b
32556619,D5b
32559003,D5b
32559041,D5b
32563840,D5b
32573145,D5b
32590521,D5b
32592595,D5b
32604303,D5b
32604313,D5b
32604315,D5b
32611868,D5b
32616222,D5b
32620736,D5b
32630080,D5b
32636090,D5b
32641041,D5b
32649539,D5b
32649891,D5b
32649896,D5b
32651017,D5b
32660790,D5b
32661522,D5b
32666882,D5b
32698564,D5b
32699899,D5b
32713801,D5b
32724923,D5b
32724932,D5b
32779206,D5b
32790921,D5b
32792109,D5b
32796312,D5b
32798161,D5b
32801263,D5b
32806928,D5b
32814654,D5b
32826734,D5b
32829557,D5b
32853544,D5b
32865370,D5b
32870248,D5b
32870305,D5b
32876385,D5b
32877156,D5b
32881123,D5b
32882662,D5b
32893080,D5b
32902105,D5b
32908908,D5b
32911101,D5b
32913190,D5b
32920912,D5b
32950472,D5b
32951965,D5b
32956515,D5b
32962525,D5b
32964549,D5b
32979554,D5b
32996128,D5b
32997353,D5b
32999217,D5b
33009764,D5b
33025147,D5b
33030045,D5b
33031520,D5b
33041166,D5b
33047733,D5b
33058564,D5b
33069674,D5b
33099874,D5b
33128399,D5b
33128656,D5b
33131550,D5b
33136785,D5b
33136841,D5b
33136844,D5b
33136874,D5b
33136889,D5b
33136905,D5b
33136956,D5b
33146127,D5b
33151194,D5b
33161168,D5b
33162386,D5b
33171556,D5b
33181612,D5b
33181618,D5b
33187947,D5b
33191699,D5b
33201739,D5b
33213705,D5b
33218918,D5b
33221770,D5b
33222302,D5b
33230978,D5b
33231752,D5b
33234971,D5b
33243266,D5b
33244089,D5b
33247567,D5b
33258311,D5b
33264425,D5b
33270063,D5b
33270878,D5b
33278578,D5b
33280355,D5b
33280990,D5b
33289191,D5b
33290335,D5b
33290336,D5b
33291986,D5b
33299535,D5b
33300625,D5b
33306641,D5b
33307972,D5b
33322923,D5b
33334637,D5b
33342675,D5b
33354857,D5b
33355401,D5b
33355833,D5b
33358589,D5b
33370452,D5b
33404178,D5b
33405453,D5b
33416229,D5b
33416233,D5b
33423894,D5b
33438084,D5b
33444961,D5b
33451943,D5b
33474648,D5b
33476402,D5b
33494021,D5b
33508237,D5b
33512340,D5b
33528445,D5b
33534325,D5b
33541061,D5b
33548069,D5b
33565833,D5b
33568596,D5b
33573644,D5b
33578517,D5b
33580741,D5b
33581955,D5b
33587455,D5b
33609186,D5b
33631135,D5b
33654142,D5b
33663951,D5b
33674505,D5b
33674508,D5b
33682153,D5b
33682826,D5b
33705007,D5b
33705031,D5b
33705037,D5b
33705050,D5b
33706028,D5b
33715279,D5b
33736989,D5b
33752937,D5b
33757689,D5b
33757744,D5b
33761797,D5b
33770039,D5b
33773088,D5b
33789315,D5b
33792545,D5b
33801825,D5b
33808616,D5b
33819322,D5b
33824036,D5b
33833161,D5b
33845627,D5b
33852516,D5b
33870587,D5b
33877901,D5b
33891431,D5b
33893875,D5b
33907788,D5b
33929713,D5b
33931811,D5b
33933334,D5b
33939817,D5b
33940653,D5b
33941436,D5b
33945617,D5b
33949022,D5b
33952268,D5b
33961601,D5b
33961603,D5b
33961749,D5b
33966904,D5b
33977781,D5b
33982320,D5b
33984195,D5b
33998176,D5b
33999295,D5b
34004386,D5b
34006070,D5b
34015798,D5b
34050529,D5b
34051897,D5b
34054093,D5b
34054095,D5b
34056848,D5b
34059402,D5b
34074926,D5b
34075816,D5b
34076630,D5b
34076633,D5b
34076636,D5b
34076639,D5b
34076644,D5b
34105231,D5b
34107553,D5b
34112566,D5b
34117658,D5b
34119477,D5b
34139056,D5b
34159818,D5b
34170327,D5b
34172685,D5b
34176715,D5b
34176894,D5b
34187446,D5b
34187496,D5b
34187765,D5b
34193933,D5b
34208644,D5b
34212762,D5b
34215493,D5b
34219293,D5b
34231513,D5b
34245016,D5b
34253223,D5b
34260157,D5b
34260460,D5b
34264916,D5b
34281312,D5b
34281325,D5b
34318762,D5b
34318779,D5b
34319273,D5b
34319288,D5b
34322836,D5b
34325454,D5b
34328484,D5b
34334671,D5b
34334746,D5b
34353681,D5b
34374000,D5b
34380165,D5b
34384647,D5b
34387289,D5b
34397517,D5b
34403227,D5b
34411209,D5b
34491005,D5b
34493473,D5b
34507879,D5b
34508899,D5b
34514892,D5b
34516071,D5b
34516072,D5b
34531073,D5b
34538802,D5b
34547072,D5b
34561120,D5b
34561178,D5b
34577792,D5b
34595911,D5b
34599905,D5b
34602014,D5b
34607598,D5b
34608009,D5b
34608012,D5b
34617318,D5b
34634537,D5b
34636425,D5b
34636762,D5b
34643602,D5b
34663561,D5b
34666440,D5b
34670593,D5b
34698728,D5b
34705382,D5b
34711252,D5b
34714924,D5b
34723918,D5b
34727453,D5b
34727458,D5b
34730034,D5b
34742603,D5b
34769451,D5b
34775445,D5b
34797465,D5b
34815100,D5b
34818392,D5b
34818394,D5b
34826029,D5b
34837398,D5b
34852674,D5b
34864225,D5b
34869763,D5b
34884630,D5b
34915664,D5b
34922900,D5b
34924269,D5b
34930881,D5b
34946333,D5b
34952774,D5b
34957515,D5b
34980766,D5b
35012924,D5b
35016796,D5b
35056411,D5b
35060966,D5b
35066689,D5b
35098759,D5b
35103327,D5b
35106988,D5b
35107342,D5b
35125085,D5b
35139441,D5b
35148530,D5b
35163869,D5b
35167397,D5b
35167404,D5b
35172637,D5b
35175985,D5b
35177311,D5b
35179990,D5b
35180009,D5b
35183465,D5b
35184916,D5b
35189087,D5b
35194845,D5b
35197376,D5b
35218248,D5b
35218647,D5b
35232550,D5b
35256110,D5b
35258012,D5b
35258131,D5b
35269686,D5b
35275873,D5b
35286286,D5b
35286287,D5b
35291983,D5b
35296946,D5b
35320613,D5b
35329377,D5b
35332870,D5b
35352571,D5b
35362699,D5b
35377855,D5b
35384291,D5b
35385242,D5b
35385903,D5b
35385908,D5b
35410611,D5b
35413037,D5b
35416276,D5b
35416311,D5b
35420274,D5b
35426886,D5b
35438837,D5b
35446950,D5b
35446964,D5b
35457428,D5b
35507503,D5b
35509125,D5b
35527156,D5b
35532820,D5b
35545454,D5b
35546722,D5b
35568576,D5b
35576245,D5b
35583662,D5b
35587673,D5b
35595615,D5b
35599043,D5b
35618639,D5b
35621664,D5b
35630089,D5b
35656557,D5b
35659498,D5b
35661358,D5b
35668613,D5b
35688699,D5b
35695693,D5b
35703200,D5b
35726405,D5b
35732648,D5b
35752590,D5b
35758435,D5b
35762353,D5b
35762624,D5b
35771596,D5b
35772512,D5b
35789972,D5b
35811435,D5b
35817319,D5b
35818637,D5b
35830314,D5b
35833539,D5b
35841367,D5b
35858803,D5b
35864572,D5b
35883237,D5b
35901453,D5b
35904837,D5b
35905392,D5b
35906978,D5b
35915079,D5b
35933723,D5b
35939649,D5b
35961510,D5b
35969201,D5b
35985910,D5b
35987882,D5b
36007546,D5b
36008218,D5b
36044692,D5b
36056044,D5b
36063250,D5b
36067482,D5b
36068075,D5b
36128745,D5b
36143978,D5b
36151041,D5b
36153162,D5b
36162883,D5b
36165046,D5b
36170317,D5b
36170619,D5b
36170620,D5b
36173942,D5b
36184595,D5b
36204954,D5b
36205083,D5b
36243645,D5b
36274166,D5b
36305922,D5b
36305933,D5b
36310153,D5b
36376891,D5b
36379999,D5b
36396018,D5b
36435991,D5b
36441270,D5b
36450033,D5b
36509517,D5b
36527199,D5b
36542449,D5b
36556988,D5b
36567052,D5b
36571588,D5b
36574768,D5b
36576825,D5b
36580417,D5b
36596471,D5b
36627541,D5b
36651328,D5b
36661881,D5b
36661882,D5b
36670044,D5b
36697485,D5b
36704954,D5b
36727753,D5b
36730469,D5b
36730843,D5b
36747028,D5b
36760029,D5b
36760073,D5b
36763186,D5b
36775875,D5b
36792242,D5b
36796056,D5b
36796077,D5b
36796081,D5b
36810076,D5b
36826514,D5b
36827358,D5b
36853425,D5b
36857566,D5b
36882912,D5b
36891580,D5b
36914297,D5b
36916235,D5b
36931318,D5b
36970807,D5b
36984495,D5b
36997466,D5b
37002441,D5b
37002888,D5b
37017689,D5b
37025025,D5b
37030287,D5b
37032176,D5b
37047413,D5b
37053458,D5b
37055540,D5b
37057478,D5b
37060266,D5b
37073914,D5b
37073942,D5b
37075297,D5b
37075724,D5b
37079945,D5b
37083916,D5b
37104466,D5b
37125523,D5b
37141085,D5b
37154004,D5b
37182542,D5b
37184511,D5b
37207438,D5b
37220722,D5b
37226215,D5b
37232682,D5b
37232689,D5b
37246030,D5b
37246290,D5b
37247870,D5b
37264507,D5b
37268991,D5b
37277242,D5b
37279212,D5b
37283015,D5b
37294613,D5b
37309738,D5b
37338920,D5b
37338921,D5b
37347612,D5b
37349434,D5b
37355371,D5b
37355373,D5b
37387366,D5b
37389549,D5b
37401277,D5b
37431904,D5b
37450875,D5b
37461220,D5b
37471154,D5b
37489632,D5b
37495541,D5b
37497798,D5b
37500195,D5b
37500197,D5b
37500201,D5b
37500203,D5b
37531239,D5b
37532615,D5b
37551568,D5b
37552190,D5b
37552193,D5b
37584303,D5b
37587738,D5b
37639682,D5b
37643079,D5b
37643940,D5b
37658586,D5b
37665084,D5b
37669517,D5b
37674334,D5b
37714716,D5b
37725170,D5b
37728141,D5b
37730524,D5b
37748377,D5b
37763747,D5b
37768144,D5b
37770987,D5b
37783776,D5b
37784107,D5b
37811905,D5b
37818541,D5b
37844606,D5b
37846853,D5b
37848324,D5b
37849290,D5b
37852887,D5b
37863756,D5b
37879056,D5b
37884434,D5b
37893412,D5b
37910833,D5b
37910834,D5b
37915226,D5b
37933487,D5b
37937922,D5b
37955939,D5b
37957843,D5b
37981417,D5b
37981622,D5b
37983370,D5b
37986181,D5b
37986648,D5b
37986692,D5b
37992144,D5b
37997313,D5b
38018222,D5b
38018223,D5b
38029379,D5b
38031636,D5b
38066454,D5b
38072231,D5b
38085739,D5b
38086327,D5b
38090242,D5b
38092684,D5b
38093400,D5b
38110992,D5b
38155011,D5b
38175917,D5b
38177089,D5b
38185542,D5b
38194070,D5b
38194350,D5b
38195299,D5b
38196271,D5b
38216974,D5b
38224105,D5b
38227848,D5b
38231188,D5b
38245403,D5b
38252530,D5b
38278686,D5b
38291545,D5b
38296024,D5b
38300398,D5b
38310027,D5b
38318898,D5b
38320956,D5b
38326126,D5b
38336901,D5b
38340477,D5b
38366272,D5b
38369394,D5b
38376164,D5b
38378640,D5b
38399630,D5b
38403684,D5b
38457264,D5b
38459610,D5b
38467945,D5b
38480533,D5b
38487961,D5b
38489729,D5b
38491954,D5b
38508997,D5b
38514297,D5b
38514406,D5b
38514414,D5b
38514518,D5b
38537668,D5b
38546544,D5b
38561138,D5b
38570291,D5b
38589825,D5b
38615693,D5b
38624042,D5b
38643967,D5b
38644093,D5b
38660739,D5b
38686547,D5b
38696187,D5b
38696543,D5b
38698733,D5b
38709071,D5b
38710038,D5b
38710641,D5b
38712740,D5b
38714046,D5b
38725108,D5b
38740251,D5b
38741534,D5b
38747171,D5b
38750335,D5b
38753558,D5b
38760582,D5b
38787707,D5b
38789863,D5b
38794847,D5b
38796333,D5b
38813862,D5b
38834407,D5b
38845304,D5b
38853125,D5b
38853695,D5b
38861322,D5b
38872190,D5b
38877446,D5b
38878120,D5b
38881046,D5b
38888733,D5b
38899587,D5b
38902108,D5b
38904554,D5b
38909627,D5b
38918155,D5b
38929458,D5b
38936931,D5b
38941165,D5b
38967002,D5b
38968005,D5b
38973661,D5b
39003216,D5b
39004960,D5b
39017918,D5b
39023533,D5b
39028060,D5b
39029963,D5b
39045172,D5b
39051575,D5b
39058945,D5b
39059871,D5b
39062989,D5b
39064520,D5b
39079599,D5b
39106169,D5b
39117450,D5b
39117478,D5b
39120464,D5b
39121243,D5b
39121360,D5b
39129062,D5b
39132806,D5b
39133242,D5b
39133257,D5b
39138740,D5b
39140139,D5b
39148400,D5b
39155170,D5b
39160727,D5b
39167267,D5b
39171909,D5b
39178419,D5b
39182509,D5b
39207155,D5b
39210711,D5b
39212416,D5b
39213030,D5b
39227941,D5b
39243295,D5b
39249609,D5b
39256142,D5b
39261244,D5b
39266331,D5b
39282900,D5b
39283217,D5b
39302718,D5b
39324633,D5b
39360516,D5b
39360717,D5b
39364817,D5b
39365911,D5b
39374419,D5b
39374509,D5b
39374510,D5b
39382763,D5b
39396143,D5b
39403776,D5b
39407162,D5b
39417529,D5b
39425513,D5b
39426200,D5b
39427143,D5b
39445907,D5b
39455597,D5b
39456000,D5b
39478403,D5b
39478554,D5b
39480092,D5b
39510413,D5b
39511022,D5b
39513913,D5b
39520219,D5b
39523225,D5b
39533934,D5b
39533942,D5b
39533943,D5b
39540940,D5b
39557119,D5b
39560157,D5b
39560377,D5b
39561969,D5b
39563318,D5b
39587575,D5b
39603873,D5b
39610071,D5b
39611397,D5b
39612198,D5b
39620990,D5b
39636103,D5b
39641915,D5b
39645421,D5b
39654260,D5b
39667014,D5b
39672734,D5b
39690915,D5b
39698972,D5b
39724596,D5b
39725947,D5b
39756013,D5b
39760856,D5b
39773915,D5b
39773990,D5b
39774676,D5b
39782888,D5b
39785985,D5b
39791571,D5b
39792871,D5b
39799024,D5b
39799466,D5b
39812371,D5b
39813379,D5b
39813382,D5b
39820055,D5b
39826902,D5b
39828816,D5b
39840629,D5b
39848722,D5b
39849265,D5b
39856510,D5b
39859040,D5b
39862574,D5b
39870195,D5b
39873360,D5b
39887216,D5b
39899346,D5b
39905614,D5b
39906931,D5b
39910968,D5b
39923076,D5b
39960442,D5b
39966056,D5b
39982778,D5b
39986886,D5b
39988532,D5b
39992498,D5b
39998870,D5b
40025501,D5b
40025503,D5b
40025675,D5b
40025725,D5b
40033549,D5b
40043613,D5b
40047362,D5b
40067168,D5b
40069871,D5b
40070028,D5b
40099895,D5b
40132967,D5b
40140668,D5b
40143584,D5b
40147768,D5b
40178469,D5b
40181511,D5b
40184141,D5b
40187950,D5b
40199672,D5b
40202292,D5b
40221612,D5b
40222703,D5b
40231349,D5b
40241611,D5b
40247763,D5b
40251415,D5b
40265704,D5b
40268530,D5b
40268531,D5b
40281533,D5b
40282974,D5b
40288534,D5b
40289612,D5b
40301851,D5b
40312710,D5b
40318985,D5b
40342252,D5b
40368817,D5b
40368818,D5b
40388466,D5b
40437493,D5b
40446847,D5b
40459985,D5b
40461339,D5b
40464140,D5b
40464155,D5b
40488704,D5b
40491075,D5b
40498974,D5b
40519124,D5b
40544250,D5b
40552786,D5b
40557544,D5b
40574543,D5b
40600256,D5b
40625060,D5b
40626839,D5b
40681154,D5b
40702945,D5b
40717621,D5b
40719593,D5b
40729460,D5b
40735970,D5b
40741725,D5b
40745899,D5b
40754846,D5b
40757422,D5b
40761089,D5b
40767102,D5b
40790206,D5b
40804675,D5b
40814165,D5b
40817024,D5b
40819895,D5b
40840716,D5b
40853352,D5b
40853738,D5b
40878497,D5b
40897233,D5b
40898183,D5b
40899213,D5b
40899289,D5b
40905440,D5b
40910667,D5b
40929688,D5b
40931745,D5b
40932122,D5b
40935192,D5b
40936215,D5b
40937908,D5b
40961264,D5b
40962018,D5b
40990855,D5b
40991267,D5b
40991295,D5b
40996266,D5b
40997229,D5b
41006114,D5b
41020375,D5b
41043156,D5b
41052676,D5b
41056289,D5b
41057121,D5b
41066266,D5b
41071601,D5b
41075225,D5b
41076439,D5b
41077543,D5b
41081571,D5b
41085083,D5b
41086380,D5b
41105698,D5b
41114850,D5b
41120040,D5b
41133890,D5b
41136443,D5b
41152184,D5b
41157976,D5b
41159915,D5b
41173458,D5b
41174602,D5b
41174855,D5b
41182843,D5b
41183532,D5b
41184218,D5b
41194314,D5b
41205053,D5b
41214087,D5b
41223992,D5b
41231450,D5b
41248003,D5b
41252708,D5b
41258641,D5b
41266230,D5b
41267361,D5b
41297701,D5b
41320709,D5b
41330585,D5b
41354098,D5b
41365335,D5b
41365339,D5b
41371622,D5b
41372571,D5b
41379409,D5b
41384620,D5b
41421856,D5b
41457401,D5b
41457808,D5b
41526313,D5b
41981804,D5b
42061993,D5b
10744308,D5c
11150974,D5c
11740835,D5c
11872035,D5c
12113007,D5c
12194064,D5c
12457139,D5c
12707600,D5c
15138785,D5c
15300549,D5c
15616508,D5c
15672018,D5c
15847885,D5c
15865537,D5c
15929190,D5c
16102496,D5c
16136934,D5c
16392456,D5c
16541772,D5c
16827772,D5c
16977508,D5c
17053954,D5c
17063554,D5c
17075504,D5c
17134033,D5c
17136102,D5c
17560932,D5c
17867957,D5c
17911513,D5c
18061172,D5c
18087647,D5c
18191807,D5c
18231892,D5c
18369639,D5c
18373527,D5c
18558163,D5c
18646109,D5c
18692186,D5c
19012232,D5c
19022021,D5c
19085706,D5c
19085712,D5c
19103418,D5c
19103422,D5c
19138361,D5c
19155926,D5c
19155929,D5c
19321996,D5c
19338644,D5c
19403131,D5c
19419380,D5c
19452698,D5c
19541304,D5c
19625047,D5c
19625058,D5c
19694570,D5c
19696602,D5c
19781848,D5c
19832831,D5c
20033842,D5c
20102601,D5c
20447206,D5c
20492659,D5c
20512608,D5c
20570362,D5c
20639033,D5c
20639034,D5c
21140829,D5c
21430943,D5c
21492409,D5c
21621086,D5c
21631731,D5c
21728788,D5c
21918530,D5c
22024053,D5c
22129812,D5c
22278714,D5c
22450220,D5c
22885808,D5c
22900621,D5c
22925282,D5c
23100096,D5c
23109416,D5c
23164159,D5c
23184325,D5c
23312439,D5c
23341131,D5c
23406850,D5c
23932629,D5c
23972301,D5c
24094952,D5c
24171792,D5c
24261900,D5c
24354700,D5c
24445034,D5c
24469493,D5c
24527543,D5c
24637668,D5c
24732003,D5c
24740275,D5c
24842096,D5c
24857925,D5c
24879138,D5c
24905253,D5c
25084168,D5c
25231700,D5c
25293946,D5c
25465137,D5c
25520268,D5c
25637234,D5c
25669641,D5c
25731695,D5c
25783399,D5c
25791827,D5c
25804087,D5c
25974169,D5c
25987328,D5c
26121541,D5c
26320698,D5c
26359463,D5c
26445353,D5c
26487208,D5c
26511121,D5c
26854770,D5c
26916551,D5c
26922179,D5c
26965013,D5c
27020895,D5c
27126625,D5c
27169806,D5c
27178088,D5c
27277545,D5c
27429014,D5c
27468186,D5c
27497957,D5c
27527990,D5c
27548445,D5c
27668501,D5c
27792528,D5c
27858210,D5c
27992486,D5c
28081352,D5c
28141951,D5c
28295649,D5c
28347795,D5c
28437268,D5c
28505948,D5c
28656340,D5c
28703858,D5c
28748421,D5c
28791829,D5c
28817884,D5c
28912520,D5c
28923308,D5c
28943492,D5c
29147897,D5c
29183172,D5c
29310171,D5c
29424030,D5c
29508045,D5c
29577464,D5c
29705174,D5c
29728884,D5c
29764299,D5c
29774446,D5c
29873625,D5c
29889318,D5c
30016597,D5c
30145613,D5c
30187961,D5c
30237020,D5c
30291436,D5c
30340728,D5c
30340729,D5c
30365247,D5c
30429529,D5c
30449642,D5c
30515890,D5c
30527759,D5c
30566985,D5c
30648288,D5c
30650310,D5c
30674252,D5c
30704797,D5c
30706533,D5c
30764657,D5c
30768066,D5c
30801781,D5c
30807243,D5c
30898955,D5c
30916626,D5c
30950972,D5c
30956106,D5c
31020434,D5c
31021435,D5c
31049893,D5c
31054553,D5c
31069502,D5c
31121615,D5c
31164139,D5c
31187025,D5c
31199176,D5c
31199177,D5c
31292947,D5c
31351851,D5c
31424027,D5c
31445039,D5c
31506069,D5c
31506714,D5c
31521780,D5c
31561264,D5c
31578746,D5c
31733074,D5c
31770800,D5c
31811743,D5c
31823405,D5c
31851473,D5c
31863432,D5c
31865997,D5c
31934816,D5c
31953879,D5c
31970835,D5c
32009615,D5c
32023635,D5c
32034457,D5c
32066193,D5c
32084669,D5c
32091290,D5c
32152467,D5c
32161433,D5c
32220022,D5c
32265583,D5c
32272038,D5c
32333457,D5c
32350668,D5c
32366987,D5c
32382886,D5c
32464689,D5c
32504126,D5c
32504474,D5c
32506945,D5c
32575166,D5c
32622768,D5c
32638531,D5c
32642790,D5c
32644188,D5c
32681525,D5c
32701022,D5c
32726844,D5c
32749612,D5c
32770021,D5c
32818993,D5c
32910027,D5c
32924769,D5c
32942052,D5c
32945914,D5c
32947318,D5c
32968987,D5c
33058886,D5c
33104913,D5c
33143490,D5c
33223425,D5c
33283313,D5c
33336338,D5c
33345597,D5c
33351043,D5c
33352560,D5c
33368688,D5c
33398562,D5c
33417415,D5c
33420664,D5c
33423393,D5c
33430794,D5c
33433772,D5c
33471179,D5c
33481110,D5c
33481391,D5c
33540420,D5c
33561575,D5c
33595256,D5c
33622000,D5c
33688969,D5c
33719851,D5c
33730523,D5c
33827867,D5c
33870425,D5c
33878790,D5c
33910849,D5c
33929371,D5c
33938159,D5c
33941462,D5c
33974326,D5c
34011721,D5c
34046941,D5c
34060339,D5c
34096365,D5c
34098692,D5c
34102680,D5c
34120739,D5c
34144614,D5c
34175304,D5c
34243195,D5c
34309768,D5c
34425571,D5c
34450665,D5c
34477928,D5c
34480895,D5c
34496432,D5c
34563143,D5c
34661465,D5c
34668613,D5c
34704150,D5c
34708792,D5c
34776050,D5c
34798676,D5c
34798677,D5c
34838306,D5c
34845501,D5c
34902326,D5c
34903124,D5c
34937231,D5c
34965066,D5c
34974483,D5c
34979111,D5c
34982605,D5c
35066994,D5c
35080676,D5c
35081633,D5c
35120847,D5c
35122133,D5c
35125817,D5c
35168277,D5c
35172386,D5c
35180786,D5c
35201600,D5c
35272380,D5c
35277798,D5c
35288439,D5c
35292296,D5c
35301345,D5c
35325289,D5c
35367479,D5c
35421071,D5c
35426098,D5c
35446819,D5c
35511341,D5c
35525533,D5c
35525574,D5c
35538022,D5c
35545096,D5c
35645024,D5c
35648212,D5c
35668660,D5c
35674798,D5c
35675535,D5c
35690479,D5c
35704375,D5c
35706058,D5c
35715564,D5c
35715943,D5c
35723920,D5c
35729520,D5c
35739505,D5c
35768756,D5c
35773239,D5c
35791254,D5c
35797640,D5c
35817707,D5c
35817729,D5c
35839794,D5c
35858231,D5c
35876940,D5c
35877658,D5c
35909331,D5c
35931588,D5c
35941305,D5c
35951646,D5c
35951712,D5c
35969507,D5c
35993722,D5c
35995758,D5c
35997037,D5c
36007912,D5c
36134510,D5c
36138529,D5c
36191269,D5c
36201665,D5c
36223765,D5c
36229550,D5c
36239678,D5c
36318795,D5c
36400041,D5c
36400046,D5c
36400048,D5c
36410401,D5c
36427508,D5c
36442840,D5c
36460044,D5c
36484288,D5c
36509948,D5c
36512120,D5c
36513103,D5c
36513110,D5c
36513112,D5c
36631622,D5c
36646577,D5c
36690997,D5c
36736357,D5c
36758626,D5c
36828018,D5c
36828022,D5c
36853551,D5c
36857728,D5c
36879306,D5c
36931300,D5c
36941781,D5c
36944066,D5c
37010502,D5c
37015737,D5c
37022334,D5c
37040723,D5c
37040886,D5c
37073703,D5c
37078990,D5c
37084786,D5c
37171336,D5c
37202294,D5c
37207841,D5c
37236252,D5c
37236253,D5c
37247230,D5c
37256714,D5c
37257585,D5c
37300524,D5c
37343740,D5c
37348554,D5c
37354153,D5c
37418776,D5c
37442163,D5c
37442175,D5c
37467911,D5c
37490302,D5c
37491241,D5c
37500086,D5c
37506673,D5c
37535608,D5c
37558500,D5c
37563343,D5c
37572736,D5c
37604442,D5c
37611811,D5c
37673398,D5c
37714204,D5c
37714206,D5c
37727466,D5c
37771283,D5c
37802113,D5c
37827945,D5c
37875212,D5c
37883595,D5c
37907659,D5c
37929960,D5c
37929977,D5c
37935431,D5c
37944981,D5c
37953438,D5c
37955699,D5c
37966705,D5c
37973965,D5c
37983379,D5c
37984391,D5c
37990380,D5c
38001367,D5c
38011894,D5c
38029796,D5c
38042205,D5c
38052420,D5c
38053112,D5c
38064675,D5c
38095567,D5c
38151067,D5c
38154482,D5c
38189397,D5c
38214446,D5c
38232771,D5c
38235649,D5c
38253265,D5c
38258748,D5c
38262453,D5c
38278732,D5c
38290711,D5c
38307115,D5c
38310033,D5c
38325419,D5c
38366547,D5c
38404073,D5c
38408594,D5c
38458241,D5c
38458261,D5c
38462367,D5c
38485164,D5c
38492815,D5c
38493043,D5c
38508280,D5c
38519284,D5c
38569497,D5c
38569501,D5c
38569504,D5c
38593998,D5c
38604603,D5c
38604604,D5c
38631838,D5c
38631939,D5c
38682686,D5c
38684193,D5c
38687914,D5c
38689159,D5c
38695124,D5c
38714300,D5c
38719665,D5c
38723945,D5c
38740620,D5c
38744556,D5c
38767779,D5c
38804155,D5c
38926237,D5c
38935464,D5c
38959973,D5c
38977021,D5c
39009021,D5c
39009022,D5c
39079707,D5c
39097496,D5c
39101829,D5c
39134719,D5c
39169600,D5c
39177048,D5c
39235172,D5c
39252189,D5c
39271513,D5c
39401764,D5c
39443380,D5c
39467805,D5c
39506409,D5c
39513577,D5c
39588971,D5c
39694618,D5c
39744754,D5c
39775090,D5c
39789813,D5c
39829343,D5c
39843772,D5c
40087088,D5c
40260501,D5c
40262782,D5c
40275215,D5c
40423855,D5c
40442356,D5c
40587505,D5c
40610640,D5c
40634728,D5c
40738984,D5c
40834915,D5c
40835761,D5c
40952495,D5c
40962233,D5c
40968213,D5c
41044358,D5c
41076024,D5c
41249533,D5c
41364316,D5c
41372620,D5c
41456749,D5c
10571916,D6
10602065,D6
10607492,D6
10626981,D6
10632165,D6
10632597,D6
10634954,D6
10642471,D6
10642472,D6
10642484,D6
10647154,D6
10647157,D6
10651364,D6
10653110,D6
10653490,D6
10653499,D6
10660888,D6
10662839,D6
10664440,D6
10665984,D6
10667409,D6
10667410,D6
10668190,D6
10693571,D6
10696048,D6
10697169,D6
10697331,D6
10697943,D6
10705328,D6
10706202,D6
10706309,D6
10707385,D6
10713979,D6
10715088,D6
10716111,D6
10716279,D6
10716290,D6
10716291,D6
10716379,D6
10719050,D6
10722817,D6
10723260,D6
10723597,D6
10724247,D6
10724259,D6
10724261,D6
10730706,D6
10730708,D6
10730712,D6
10730741,D6
10736667,D6
10738428,D6
10738602,D6
10739272,D6
10743637,D6
10743821,D6
10751301,D6
10755441,D6
10756264,D6
10759382,D6
10766074,D6
10767806,D6
10767973,D6
10770844,D6
10775883,D6
10776914,D6
10779564,D6
10780692,D6
10788847,D6
10789038,D6
10795450,D6
10800906,D6
10801376,D6
10803641,D6
10804030,D6
10805303,D6
10805304,D6
10805710,D6
10809099,D6
10810489,D6
10811264,D6
10811748,D6
10813756,D6
10813761,D6
10815832,D6
10818986,D6
10822132,D6
10823424,D6
10825095,D6
10825223,D6
10826770,D6
10828326,D6
10831933,D6
10831934,D6
10832997,D6
10833154,D6
10833155,D6
10834651,D6
10837124,D6
10839399,D6
10839400,D6
10844974,D6
10845297,D6
10846120,D6
10850164,D6
10850843,D6
10850847,D6
10851667,D6
10851668,D6
10853179,D6
10853280,D6
10853760,D6
10853761,D6
10855889,D6
10855893,D6
10859099,D6
10863743,D6
10871222,D6
10871223,D6
10871224,D6
10871225,D6
10871226,D6
10871275,D6
10872764,D6
10872766,D6
10872785,D6
10874801,D6
10879658,D6
10880079,D6
10882450,D6
10882786,D6
10884211,D6
10884633,D6
10900624,D6
10905439,D6
10906786,D6
10908053,D6
10909466,D6
10910268,D6
10912718,D6
10915567,D6
10917098,D6
10917286,D6
10919307,D6
10920221,D6
10920774,D6
10920776,D6
10923678,D6
10925647,D6
10937636,D6
10937637,D6
10937638,D6
10952043,D6
10952044,D6
10960003,D6
10960991,D6
10962139,D6
10962359,D6
10962605,D6
10971080,D6
10973216,D6
10973397,D6
10976627,D6
10976745,D6
10982137,D6
10982651,D6
10982665,D6
10982666,D6
10982669,D6
10983254,D6
10984700,D6
10984781,D6
10989547,D6
10992808,D6
10997150,D6
11000079,D6
11000346,D6
11000361,D6
11000366,D6
11006393,D6
11010797,D6
11012057,D6
11012111,D6
11013019,D6
11024101,D6
11025414,D6
11027377,D6
11027851,D6
11028888,D6
11034604,D6
11034641,D6
11034642,D6
11039377,D6
11039602,D6
11039759,D6
11039814,D6
11039815,D6
11041498,D6
11041605,D6
11043117,D6
11043118,D6
11043690,D6
11045557,D6
11052360,D6
11052363,D6
11052376,D6
11052499,D6
11052500,D6
11052504,D6
11055753,D6
11062353,D6
11064520,D6
11071231,D6
11072910,D6
11072911,D6
11074681,D6
11078138,D6
11078139,D6
11085381,D6
11086839,D6
11089187,D6
11093189,D6
11093620,D6
11094515,D6
11094516,D6
11094527,D6
11098382,D6
11098781,D6
11098783,D6
11098784,D6
11098785,D6
11098789,D6
11098790,D6
11098792,D6
11101107,D6
11103483,D6
11105791,D6
11110379,D6
11110492,D6
11111328,D6
11115386,D6
11117289,D6
11117301,D6
11117302,D6
11127665,D6
11127670,D6
11128016,D6
11129184,D6
11129204,D6
11131611,D6
11132895,D6
11132896,D6
11138857,D6
11142670,D6
11143929,D6
11147156,D6
11147683,D6
11147687,D6
11147689,D6
11147869,D6
11147871,D6
11149708,D6
11153462,D6
11153463,D6
11153995,D6
11153997,D6
11154530,D6
11160435,D6
11163280,D6
11165143,D6
11165290,D6
11168200,D6
11168234,D6
11169228,D6
11169842,D6
11172455,D6
11172456,D6
11172458,D6
11176610,D6
11178848,D6
11178851,D6
11180923,D6
11182728,D6
11192243,D6
11192245,D6
11192250,D6
11192251,D6
11192252,D6
11194466,D6
11197560,D6
11201569,D6
11201969,D6
11203547,D6
11203596,D6
11204434,D6
11204480,D6
11206255,D6
11211098,D6
11211817,D6
11214060,D6
11214061,D6
11214092,D6
11215061,D6
11221565,D6
11230773,D6
11231672,D6
11232926,D6
11233509,D6
11235083,D6
11242247,D6
11242372,D6
11242373,D6
11243613,D6
11245233,D6
11245236,D6
11245521,D6
11246967,D6
11249173,D6
11251660,D6
11261881,D6
11263289,D6
11263699,D6
11263705,D6
11263775,D6
11264935,D6
11265009,D6
11266042,D6
11266984,D6
11283989,D6
11288790,D6
11292042,D6
11294299,D6
11300525,D6
11300688,D6
11302314,D6
11302316,D6
11302317,D6
11303852,D6
11304588,D6
11304605,D6
11307074,D6
11307077,D6
11307409,D6
11307554,D6
11307937,D6
11308212,D6
11309800,D6
11310750,D6
11313448,D6
11313449,D6
11314073,D6
11314095,D6
11314102,D6
11314135,D6
11314182,D6
11314376,D6
11314629,D6
11314633,D6
11320692,D6
11323535,D6
11327419,D6
11327467,D6
11332606,D6
11332613,D6
11332622,D6
11332623,D6
11332966,D6
11336152,D6
11337616,D6
11340272,D6
11340551,D6
11340554,D6
11340556,D6
11340557,D6
11340558,D6
11340561,D6
11341434,D6
11351223,D6
11352353,D6
11357453,D6
11359484,D6
11361119,D6
11372063,D6
11374265,D6
11374269,D6
11380019,D6
11380020,D6
11380141,D6
11381173,D6
11381761,D6
11382422,D6
11384111,D6
11384115,D6
11384116,D6
11386169,D6
11393964,D6
11398855,D6
11400856,D6
11400892,D6
11402362,D6
11402684,D6
11402718,D6
11405453,D6
11407788,D6
11407793,D6
11407798,D6
11410897,D6
11411497,D6
11413423,D6
11417743,D6
11420905,D6
11420906,D6
11420907,D6
11426113,D6
11426402,D6
11426601,D6
11428767,D6
11429740,D6
11431491,D6
11432654,D6
11433136,D6
11437086,D6
11437421,D6
11439777,D6
11440401,D6
11443591,D6
11443594,D6
11443595,D6
11443601,D6
11445914,D6
11451970,D6
11452430,D6
11453475,D6
11458139,D6
11458144,D6
11458146,D6
11462096,D6
11465440,D6
11467186,D6
11467387,D6
11467893,D6
11469768,D6
11469830,D6
11474350,D6
11476319,D6
11476392,D6
11480900,D6
11484103,D6
11484121,D6
11484123,D6
11484183,D6
11484518,D6
11484521,D6
11484524,D6
11484667,D6
11485236,D6
11487954,D6
11494378,D6
11495195,D6
11500816,D6
11500861,D6
11505422,D6
11506324,D6
11508656,D6
11510909,D6
11511034,D6
11514767,D6
11514770,D6
11515996,D6
11518277,D6
11518418,D6
11518419,D6
11519279,D6
11519698,D6
11522948,D6
11526572,D6
11526575,D6
11529367,D6
11536095,D6
11549090,D6
11550038,D6
11550834,D6
11555814,D6
11555817,D6
11555821,D6
11555824,D6
11560269,D6
11562091,D6
11562139,D6
11563620,D6
11564903,D6
11564904,D6
11565373,D6
11567827,D6
11568693,D6
11569023,D6
11572249,D6
11589787,D6
11594381,D6
11598526,D6
11600112,D6
11600984,D6
11601816,D6
11601821,D6
11603198,D6
11603524,D6
11603525,D6
11603681,D6
11605287,D6
11606970,D6
11665432,D6
11669246,D6
11673478,D6
11673923,D6
11675901,D6
11677664,D6
11679813,D6
11680695,D6
11683494,D6
11688036,D6
11688527,D6
11688779,D6
11694929,D6
11697370,D6
11698968,D6
11700708,D6
11704949,D6
11704953,D6
11711826,D6
11716009,D6
11716010,D6
11716017,D6
11716018,D6
11716029,D6
11720046,D6
11721564,D6
11727380,D6
11729517,D6
11732033,D6
11734869,D6
11735002,D6
11740353,D6
11740355,D6
11740358,D6
11745090,D6
11745515,D6
11745530,D6
11745646,D6
11760836,D6
11762224,D6
11762226,D6
11762849,D6
11768642,D6
11769619,D6
11769623,D6
11774297,D6
11775070,D6
11778162,D6
11778163,D6
11778164,D6
11778170,D6
11778172,D6
11781004,D6
11786809,D6
11787261,D6
11791777,D6
11793178,D6
11793181,D6
11793182,D6
11793183,D6
11795742,D6
11802318,D6
11811510,D6
11811561,D6
11811607,D6
11812473,D6
11817883,D6
11818845,D6
11819017,D6
11819144,D6
11829235,D6
11829236,D6
11830917,D6
11831229,D6
11831316,D6
11832147,D6
11832152,D6
11833823,D6
11834997,D6
11835167,D6
11836790,D6
11837819,D6
11837903,D6
11842599,D6
11856652,D6
11859246,D6
11859249,D6
11861729,D6
11862825,D6
11862826,D6
11862827,D6
11862828,D6
11862829,D6
11862831,D6
11862832,D6
11862833,D6
11862834,D6
11868387,D6
11870659,D6
11871123,D6
11871379,D6
11878172,D6
11880830,D6
11880832,D6
11881461,D6
11884839,D6
11884904,D6
11884958,D6
11884962,D6
11884964,D6
11887007,D6
11895285,D6
11895288,D6
11897810,D6
11901463,D6
11904065,D6
11908836,D6
11918314,D6
11918315,D6
11922256,D6
11922374,D6
11922455,D6
11923659,D6
11923662,D6
11925738,D6
11926308,D6
11927804,D6
11927807,D6
11928103,D6
11928906,D6
11928908,D6
11931064,D6
11932604,D6
11932605,D6
11932606,D6
11935114,D6
11935230,D6
11936404,D6
11937889,D6
11938632,D6
11944520,D6
11944526,D6
11944528,D6
11950046,D6
11951190,D6
11952738,D6
11952739,D6
11952740,D6
11952741,D6
11953604,D6
11955350,D6
11955353,D6
11955363,D6
11956763,D6
11956988,D6
11962774,D6
11963667,D6
11964985,D6
11968917,D6
11977621,D6
11977625,D6
11979163,D6
11985122,D6
11987052,D6
11987946,D6
11989289,D6
11990842,D6
11990963,D6
11993974,D6
11994494,D6
11994601,D6
11994845,D6
11994846,D6
11994847,D6
11994848,D6
11994850,D6
11996051,D6
11996392,D6
11997763,D6
12000874,D6
12000878,D6
12000882,D6
12001025,D6
12011715,D6
12013472,D6
12013558,D6
12016083,D6
12020749,D6
12021009,D6
12022106,D6
12022414,D6
12022415,D6
12024592,D6
12025524,D6
12038619,D6
12038634,D6
12040216,D6
12045565,D6
12046859,D6
12046912,D6
12058536,D6
12058873,D6
12064876,D6
12070647,D6
12071790,D6
12074448,D6
12074606,D6
12074625,D6
12079017,D6
12087243,D6
12088390,D6
12088730,D6
12092623,D6
12094347,D6
12094349,D6
12094351,D6
12094355,D6
12096844,D6
12102220,D6
12102408,D6
12102416,D6
12102418,D6
12102419,D6
12108128,D6
12108582,D6
12109898,D6
12110954,D6
12113527,D6
12115471,D6
12117118,D6
12117279,D6
12118688,D6
12118690,D6
12118691,D6
12120650,D6
12120654,D6
12121605,D6
12125184,D6
12130404,D6
12131426,D6
12131427,D6
12131713,D6
12135549,D6
12136303,D6
12137152,D6
12142671,D6
12142722,D6
12148319,D6
12148320,D6
12149676,D6
12153056,D6
12160232,D6
12161314,D6
12161319,D6
12161321,D6
12161322,D6
12161970,D6
12164185,D6
12168173,D6
12168650,D6
12168653,D6
12168657,D6
12168658,D6
12168666,D6
12168667,D6
12168669,D6
12170844,D6
12172978,D6
12174993,D6
12177273,D6
12180878,D6
12181665,D6
12181987,D6
12182292,D6
12184705,D6
12190135,D6
12190137,D6
12195060,D6
12195061,D6
12198470,D6
12199066,D6
12206523,D6
12209412,D6
12209414,D6
12209415,D6
12209417,D6
12209418,D6
12211690,D6
12213418,D6
12215987,D6
12215991,D6
12218494,D6
12221370,D6
12231200,D6
12239683,D6
12241640,D6
12243013,D6
12296584,D6
12297957,D6
12322918,D6
12322969,D6
12355129,D6
12355130,D6
12355304,D6
12356501,D6
12360010,D6
12361073,D6
12361624,D6
12362458,D6
12365366,D6
12369678,D6
12370588,D6
12371694,D6
12373543,D6
12377905,D6
12377908,D6
12378492,D6
12378493,D6
12378494,D6
12382960,D6
12382966,D6
12382967,D6
12382977,D6
12382978,D6
12382979,D6
12383369,D6
12384732,D6
12384757,D6
12384758,D6
12384812,D6
12387614,D6
12390703,D6
12391487,D6
12394461,D6
12394465,D6
12394919,D6
12395162,D6
12395408,D6
12395770,D6
12400640,D6
12401022,D6
12401023,D6
12401024,D6
12401027,D6
12401028,D6
12401390,D6
12408391,D6
12410398,D6
12415520,D6
12415521,D6
12415524,D6
12415526,D6
12415528,D6
12416802,D6
12417073,D6
12418010,D6
12418020,D6
12418568,D6
12418569,D6
12418695,D6
12419871,D6
12420265,D6
12420269,D6
12420785,D6
12420827,D6
12423605,D6
12426538,D6
12431586,D6
12433618,D6
12435644,D6
12435946,D6
12438508,D6
12438978,D6
12438979,D6
12439020,D6
12439195,D6
12439281,D6
12446169,D6
12446939,D6
12446941,D6
12449195,D6
12449197,D6
12449201,D6
12450514,D6
12452343,D6
12456317,D6
12457095,D6
12459061,D6
12461396,D6
12461397,D6
12462492,D6
12462497,D6
12465011,D6
12465824,D6
12472232,D6
12472233,D6
12472235,D6
12472529,D6
12475422,D6
12479333,D6
12480579,D6
12482119,D6
12483426,D6
12486470,D6
12486473,D6
12489745,D6
12489756,D6
12492915,D6
12493930,D6
12494977,D6
12496581,D6
12496582,D6
12498535,D6
12499942,D6
12499962,D6
12499963,D6
12505490,D6
12507245,D6
12507295,D6
12507576,D6
12507577,D6
12507578,D6
12510097,D6
12512602,D6
12512892,D6
12517950,D6
12518706,D6
12518802,D6
12518872,D6
12519333,D6
12519338,D6
12520485,D6
12520486,D6
12520487,D6
12520492,D6
12520493,D6
12520494,D6
12521251,D6
12523481,D6
12536381,D6
12537138,D6
12539625,D6
12540201,D6
12542942,D6
12542948,D6
12542962,D6
12544926,D6
12544946,D6
12546360,D6
12549622,D6
12555982,D6
12557088,D6
12557196,D6
12557212,D6
12560697,D6
12560890,D6
12561383,D6
12562887,D6
12563917,D6
12567023,D6
12567137,D6
12568275,D6
12568952,D6
12568967,D6
12568970,D6
12571298,D6
12571312,D6
12571490,D6
12571500,D6
12576713,D6
12579023,D6
12579027,D6
12579151,D6
12582808,D6
12582809,D6
12587286,D6
12592545,D6
12592550,D6
12594991,D6
12600067,D6
12600068,D6
12600069,D6
12603268,D6
12605462,D6
12607360,D6
12608669,D6
12612027,D6
12613019,D6
12616075,D6
12616152,D6
12617956,D6
12619003,D6
12619562,D6
12622297,D6
12623214,D6
12625957,D6
12627154,D6
12629193,D6
12634556,D6
12638425,D6
12642247,D6
12647048,D6
12649075,D6
12650048,D6
12650324,D6
12650405,D6
12652018,D6
12652036,D6
12653234,D6
12653324,D6
12656879,D6
12659703,D6
12660827,D6
12663075,D6
12664197,D6
12664201,D6
12664257,D6
12664806,D6
12666860,D6
12671347,D6
12671516,D6
12672625,D6
12672837,D6
12675299,D6
12680284,D6
12680442,D6
12681953,D6
12692756,D6
12692758,D6
12692759,D6
12692762,D6
12692763,D6
12693544,D6
12695962,D6
12699651,D6
12699664,D6
12706022,D6
12707600,D6
12709861,D6
12715989,D6
12724907,D6
12724909,D6
12728037,D6
12728043,D6
12728430,D6
12728933,D6
12730838,D6
12730842,D6
12734715,D6
12737210,D6
12740889,D6
12750848,D6
12754124,D6
12755201,D6
12755296,D6
12759647,D6
12760784,D6
12761682,D6
12767878,D6
12767881,D6
12768481,D6
12769011,D6
12772873,D6
12775902,D6
12784198,D6
12784200,D6
12784203,D6
12784205,D6
12784206,D6
12784856,D6
12785705,D6
12785708,D6
12793572,D6
12795173,D6
12795176,D6
12797683,D6
12808589,D6
12809273,D6
12809773,D6
12811523,D6
12812681,D6
12816298,D6
12817938,D6
12818536,D6
12820093,D6
12826809,D6
12826814,D6
12826946,D6
12828916,D6
12830866,D6
12830867,D6
12831072,D6
12832890,D6
12833575,D6
12837052,D6
12837053,D6
12838073,D6
12838704,D6
12838984,D6
12839070,D6
12839248,D6
12839642,D6
12843728,D6
12845764,D6
12854841,D6
12859064,D6
12861605,D6
12861610,D6
12865234,D6
12865813,D6
12865834,D6
12865836,D6
12865847,D6
12865854,D6
12865994,D6
12865997,D6
12866000,D6
12866003,D6
12866004,D6
12868593,D6
12869001,D6
12869002,D6
12869003,D6
12879420,D6
12880009,D6
12883539,D6
12889721,D6
12893158,D6
12897487,D6
12897488,D6
12897489,D6
12897491,D6
12898297,D6
12898311,D6
12898312,D6
12898315,D6
12899541,D6
12899553,D6
12902180,D6
12905445,D6
12905605,D6
12906228,D6
12910701,D6
12911114,D6
12914709,D6
12916297,D6
12916298,D6
12919867,D6
12920812,D6
12923466,D6
12924472,D6
12925183,D6
12925619,D6
12928823,D6
12930087,D6
12931099,D6
12931820,D6
12934809,D6
12939001,D6
12941999,D6
12942195,D6
12942834,D6
12943432,D6
12946667,D6
12949943,D6
12951909,D6
12956466,D6
12957129,D6
12960861,D6
12966384,D6
12966559,D6
12967562,D6
12967643,D6
12968113,D6
12969358,D6
12969361,D6
12973043,D6
12975190,D6
13677392,D6
13678448,D6
13678777,D6
13679902,D6
14498844,D6
14499359,D6
14501343,D6
14501870,D6
14501913,D6
14503640,D6
14505541,D6
14507515,D6
14511475,D6
14511476,D6
14514227,D6
14514228,D6
14514991,D6
14515964,D6
14518656,D6
14518657,D6
14520047,D6
14521295,D6
14521302,D6
14521303,D6
14521304,D6
14523601,D6
14526441,D6
14528457,D6
14528854,D6
14528857,D6
14528859,D6
14529133,D6
14535373,D6
14535374,D6
14551804,D6
14551932,D6
14554213,D6
14554216,D6
14554219,D6
14555268,D6
14557936,D6
14559010,D6
14560183,D6
14560190,D6
14560203,D6
14560274,D6
14564432,D6
14567176,D6
14569569,D6
14569571,D6
14569574,D6
14575249,D6
14578634,D6
14579957,D6
14584859,D6
14585924,D6
14586492,D6
14586856,D6
14588284,D6
14588295,D6
14588297,D6
14588311,D6
14588312,D6
14588328,D6
14589186,D6
14589188,D6
14589202,D6
14589462,D6
14589474,D6
14589477,D6
14589490,D6
14589492,D6
14595160,D6
14600568,D6
14600627,D6
14606268,D6
14609691,D6
14612658,D6
14614867,D6
14618383,D6
14618385,D6
14620969,D6
14622717,D6
14623648,D6
14624482,D6
14625492,D6
14627094,D6
14636614,D6
14637061,D6
14637112,D6
14646702,D6
14646730,D6
14646773,D6
14648277,D6
14648528,D6
14648532,D6
14648533,D6
14648538,D6
14649358,D6
14650982,D6
14651799,D6
14652731,D6
14656068,D6
14656301,D6
14656662,D6
14659800,D6
14661264,D6
14661327,D6
14663945,D6
14664441,D6
14667091,D6
14668510,D6
14671891,D6
14673362,D6
14678848,D6
14679438,D6
14680577,D6
14683555,D6
14687190,D6
14687191,D6
14689168,D6
14689498,D6
14690210,D6
14690658,D6
14690659,D6
14690660,D6
14691620,D6
14696654,D6
14696655,D6
14698991,D6
14699552,D6
14703483,D6
14705075,D6
14710264,D6
14715718,D6
14716280,D6
14716366,D6
14716657,D6
14716883,D6
14722402,D6
14722846,D6
14727128,D6
14728813,D6
14730438,D6
14731177,D6
14731183,D6
14731185,D6
14731186,D6
14732970,D6
14732971,D6
14736071,D6
14736072,D6
14736725,D6
14738843,D6
14741628,D6
14743920,D6
14748033,D6
14748574,D6
14749190,D6
14749192,D6
14749197,D6
14749198,D6
14751753,D6
14752345,D6
14752346,D6
14754726,D6
14756206,D6
14756750,D6
14757346,D6
14758219,D6
14758220,D6
14759111,D6
14759112,D6
14759113,D6
14759118,D6
14762506,D6
14763703,D6
14765802,D6
14765881,D6
14767640,D6
14767707,D6
14870634,D6
14960981,D6
14962812,D6
14963396,D6
14966408,D6
14968391,D6
14970774,D6
14972337,D6
14972663,D6
14977652,D6
14977653,D6
14979670,D6
14982355,D6
14982356,D6
14982358,D6
14984151,D6
14984152,D6
14984408,D6
14991415,D6
14993741,D6
14994857,D6
14997092,D6
15004901,D6
15004902,D6
15006337,D6
15006340,D6
15007320,D6
15007708,D6
15008121,D6
15008930,D6
15009948,D6
15009994,D6
15013098,D6
15013099,D6
15013100,D6
15013101,D6
15013102,D6
15013544,D6
15015945,D6
15015952,D6
15017690,D6
15020096,D6
15020165,D6
15021162,D6
15021163,D6
15022461,D6
15022809,D6
15024559,D6
15025155,D6
15027972,D6
15027976,D6
15027977,D6
15027978,D6
15027979,D6
15027981,D6
15034772,D6
15038422,D6
15041867,D6
15042285,D6
15042286,D6
15045530,D6
15045542,D6
15050074,D6
15050897,D6
15056922,D6
15057393,D6
15057998,D6
15060834,D6
15062046,D6
15062625,D6
15065124,D6
15069140,D6
15070056,D6
15074863,D6
15077678,D6
15080444,D6
15082155,D6
15083117,D6
15084033,D6
15084035,D6
15084925,D6
15086081,D6
15086106,D6
15086108,D6
15087805,D6
15087808,D6
15088956,D6
15090371,D6
15090375,D6
15090385,D6
15090387,D6
15098534,D6
15099623,D6
15099637,D6
15099646,D6
15099648,D6
15103739,D6
15103740,D6
15103954,D6
15104627,D6
15104628,D6
15104629,D6
15104630,D6
15104632,D6
15104635,D6
15104638,D6
15105749,D6
15109858,D6
15113432,D6
15113848,D6
15118043,D6
15121017,D6
15121018,D6
15121270,D6
15122567,D6
15125847,D6
15125850,D6
15125851,D6
15125852,D6
15125854,D6
15129064,D6
15129090,D6
15131107,D6
15131440,D6
15133952,D6
15134166,D6
15137464,D6
15141875,D6
15142096,D6
15145040,D6
15145041,D6
15146281,D6
15148561,D6
15150032,D6
15152821,D6
15160378,D6
15161625,D6
15163040,D6
15163045,D6
15163049,D6
15165367,D6
15166991,D6
15167255,D6
15167256,D6
15173294,D6
15179877,D6
15181927,D6
15181928,D6
15181929,D6
15182305,D6
15183413,D6
15183425,D6
15183434,D6
15183443,D6
15185460,D6
15187630,D6
15191589,D6
15193078,D6
15193546,D6
15198269,D6
15198490,D6
15198491,D6
15198492,D6
15198493,D6
15200057,D6
15200258,D6
15213530,D6
15214217,D6
15214219,D6
15218566,D6
15221486,D6
15225798,D6
15225949,D6
15230831,D6
15230833,D6
15230834,D6
15230838,D6
15230848,D6
15232419,D6
15232427,D6
15232463,D6
15234217,D6
15234228,D6
15238565,D6
15238566,D6
15247573,D6
15248057,D6
15248878,D6
15252089,D6
15253076,D6
15253080,D6
15254803,D6
15255523,D6
15260432,D6
15262249,D6
15264298,D6
15265291,D6
15266860,D6
15271976,D6
15282141,D6
15282142,D6
15283526,D6
15284565,D6
15284981,D6
15287314,D6
15288460,D6
15291027,D6
15291962,D6
15292818,D6
15293459,D6
15294125,D6
15298062,D6
15303013,D6
15304273,D6
15304281,D6
15304283,D6
15304285,D6
15304286,D6
15304293,D6
15305671,D6
15307382,D6
15308257,D6
15308258,D6
15309666,D6
15309922,D6
15310569,D6
15311801,D6
15312240,D6
15320595,D6
15322637,D6
15322675,D6
15332190,D6
15332632,D6
15334940,D6
15335000,D6
15335165,D6
15338710,D6
15342147,D6
15342759,D6
15346005,D6
15346007,D6
15346009,D6
15349675,D6
15355402,D6
15355565,D6
15362983,D6
15362984,D6
15362985,D6
15362988,D6
15362992,D6
15363155,D6
15363421,D6
15363422,D6
15366355,D6
15368745,D6
15370591,D6
15371717,D6
15376328,D6
15378415,D6
15382033,D6
15389506,D6
15448451,D6
15455997,D6
15456936,D6
15460041,D6
15460048,D6
15460056,D6
15466734,D6
15466739,D6
15468336,D6
15468677,D6
15468687,D6
15468887,D6
15470967,D6
15472489,D6
15475206,D6
15475208,D6
15475209,D6
15480135,D6
15485564,D6
15485645,D6
15494325,D6
15494329,D6
15494342,D6
15503461,D6
15503621,D6
15505829,D6
15507795,D6
15507820,D6
15509292,D6
15509903,D6
15509937,D6
15510362,D6
15510363,D6
15513496,D6
15513594,D6
15515799,D6
15515803,D6
15521398,D6
15521446,D6
15532891,D6
15533135,D6
15533136,D6
15533966,D6
15534403,D6
15537151,D6
15537653,D6
15541672,D6
15541701,D6
15544889,D6
15547374,D6
15552133,D6
15552162,D6
15555056,D6
15558234,D6
15558293,D6
15559422,D6
15559693,D6
15559791,D6
15566696,D6
15570121,D6
15572310,D6
15573352,D6
15577505,D6
15578559,D6
15580823,D6
15580824,D6
15581318,D6
15585267,D6
15585281,D6
15585962,D6
15599282,D6
15599343,D6
15602675,D6
15603795,D6
15603812,D6
15604479,D6
15605864,D6
15607870,D6
15607872,D6
15607893,D6
15613887,D6
15613888,D6
15617969,D6
15618796,D6
15618797,D6
15619692,D6
15620773,D6
15620779,D6
15621906,D6
15623112,D6
15623928,D6
15626226,D6
15626991,D6
15633330,D6
15634866,D6
15634867,D6
15634871,D6
15635561,D6
15635563,D6
15638008,D6
15642025,D6
15642066,D6
15644753,D6
15645384,D6
15646574,D6
15646577,D6
15646854,D6
15650665,D6
15651740,D6
15654838,D6
15655929,D6
15658126,D6
15659013,D6
15659016,D6
15659017,D6
15659018,D6
15659019,D6
15659022,D6
15659025,D6
15659027,D6
15660448,D6
15662326,D6
15664640,D6
15667644,D6
15676089,D6
15677923,D6
15682576,D6
15682735,D6
15684674,D6
15685457,D6
15687161,D6
15689036,D6
15690294,D6
15691033,D6
15691047,D6
15691115,D6
15692359,D6
15693095,D6
15695045,D6
15695046,D6
15695047,D6
15695048,D6
15699647,D6
15699648,D6
15699664,D6
15702690,D6
15703936,D6
15704843,D6
15704845,D6
15706329,D6
15706973,D6
15711561,D6
15712456,D6
15712457,D6
15712458,D6
15712459,D6
15712460,D6
15712461,D6
15712462,D6
15716254,D6
15716833,D6
15717190,D6
15720591,D6
15720593,D6
15720595,D6
15720597,D6
15720600,D6
15722269,D6
15722271,D6
15722281,D6
15723020,D6
15731685,D6
15732605,D6
15733481,D6
15733667,D6
15734251,D6
15734267,D6
15738676,D6
15738817,D6
15738828,D6
15741039,D6
15741041,D6
15742289,D6
15744602,D6
15744848,D6
15745286,D6
15747012,D6
15749209,D6
15749452,D6
15749618,D6
15751383,D6
15752901,D6
15755429,D6
15755438,D6
15755548,D6
15756178,D6
15756614,D6
15758273,D6
15759921,D6
15759925,D6
15759926,D6
15762268,D6
15763908,D6
15767653,D6
15767656,D6
15768391,D6
15769312,D6
15770174,D6
15773657,D6
15773658,D6
15777166,D6
15777321,D6
15777322,D6
15777332,D6
15777334,D6
15777336,D6
15777531,D6
15779633,D6
15781352,D6
15785286,D6
15788732,D6
15789323,D6
15793830,D6
15795171,D6
15795216,D6
15800075,D6
15803277,D6
15803279,D6
15803286,D6
15804029,D6
15804055,D6
15805757,D6
15805758,D6
15805956,D6
15805964,D6
15815871,D6
15825521,D6
15828466,D6
15828467,D6
15828470,D6
15828471,D6
15830638,D6
15834317,D6
15834332,D6
15835238,D6
15835345,D6
15837142,D6
15839112,D6
15842921,D6
15843943,D6
15843971,D6
15844429,D6
15844430,D6
15845216,D6
15847858,D6
15849637,D6
15856346,D6
15856777,D6
15860099,D6
15860102,D6
15860103,D6
15860104,D6
15860105,D6
15860107,D6
15863076,D6
15863077,D6
15864149,D6
15864667,D6
15865455,D6
15868741,D6
15869512,D6
15872066,D6
15872382,D6
15872388,D6
15876796,D6
15877239,D6
15877759,D6
15878254,D6
15878370,D6
15878518,D6
15882215,D6
15882403,D6
15882560,D6
15883942,D6
15884708,D6
15884717,D6
15885486,D6
15885489,D6
15887587,D6
15888723,D6
15894526,D6
15896271,D6
15897823,D6
15897825,D6
15897826,D6
15902867,D6
15909297,D6
15909444,D6
15911677,D6
15912002,D6
15913892,D6
15921319,D6
15921329,D6
15923850,D6
15925940,D6
15927441,D6
15928554,D6
15928564,D6
15928927,D6
15930544,D6
15930921,D6
15930922,D6
15930945,D6
15931037,D6
15931876,D6
15933440,D6
15934250,D6
15935530,D6
15936919,D6
15937245,D6
15940364,D6
15941582,D6
15943127,D6
15944974,D6
15946821,D6
15948563,D6
15949238,D6
15949876,D6
15959684,D6
15959756,D6
15960256,D6
15960444,D6
15964166,D6
15964167,D6
15965707,D6
15966618,D6
15971167,D6
15971904,D6
15972924,D6
15973950,D6
15977039,D6
15978708,D6
15979317,D6
15979522,D6
15985696,D6
15988272,D6
15990652,D6
15991782,D6
15994102,D6
15995139,D6
15995475,D6
15995502,D6
15996352,D6
15996658,D6
16003194,D6
16008721,D6
16009475,D6
16009989,D6
16011191,D6
16012498,D6
16013240,D6
16018284,D6
16022992,D6
16022994,D6
16022995,D6
16022996,D6
16022997,D6
16023007,D6
16023194,D6
16024086,D6
16025015,D6
16025466,D6
16026911,D6
16028593,D6
16034255,D6
16034996,D6
16035181,D6
16037769,D6
16037965,D6
16038455,D6
16038464,D6
16038466,D6
16040736,D6
16043092,D6
16045488,D6
16049256,D6
16050072,D6
16051546,D6
16051759,D6
16053852,D6
16053889,D6
16053891,D6
16055556,D6
16056033,D6
16056044,D6
16061493,D6
16077303,D6
16077316,D6
16078208,D6
16082115,D6
16084295,D6
16089080,D6
16089083,D6
16089084,D6
16101740,D6
16102213,D6
16102403,D6
16103959,D6
16104961,D6
16106560,D6
16107473,D6
16111745,D6
16115074,D6
16115075,D6
16115078,D6
16115079,D6
16115677,D6
16118562,D6
16122022,D6
16123978,D6
16125223,D6
16125397,D6
16129140,D6
16129761,D6
16131855,D6
16131897,D6
16131899,D6
16133080,D6
16133085,D6
16134124,D6
16135993,D6
16138065,D6
16140187,D6
16140188,D6
16140192,D6
16140819,D6
16141185,D6
16141732,D6
16144440,D6
16144452,D6
16144481,D6
16153573,D6
16153575,D6
16153583,D6
16155656,D6
16155703,D6
16156232,D6
16156474,D6
16156475,D6
16157009,D6
16160571,D6
16161736,D6
16163094,D6
16163096,D6
16164471,D6
16167598,D6
16167599,D6
16169553,D6
16171559,D6
16172970,D6
16178396,D6
16179108,D6
16182286,D6
16182814,D6
16185847,D6
16186388,D6
16188425,D6
16188548,D6
16189457,D6
16190598,D6
16191380,D6
16192859,D6
16193367,D6
16195058,D6
16195059,D6
16195061,D6
16195062,D6
16199942,D6
16201331,D6
16201332,D6
16210577,D6
16212584,D6
16212585,D6
16212587,D6
16212588,D6
16212589,D6
16212591,D6
16212593,D6
16212595,D6
16212597,D6
16213581,D6
16215245,D6
16219943,D6
16220668,D6
16222529,D6
16224676,D6
16225262,D6
16226246,D6
16231651,D6
16231717,D6
16236449,D6
16239813,D6
16242360,D6
16243180,D6
16243335,D6
16245659,D6
16245661,D6
16245662,D6
16246932,D6
16252138,D6
16253084,D6
16253511,D6
16253512,D6
16254917,D6
16255929,D6
16257592,D6
16260321,D6
16260683,D6
16261114,D6
16261117,D6
16261826,D6
16264114,D6
16264129,D6
16266010,D6
16266333,D6
16266334,D6
16266342,D6
16266343,D6
16266350,D6
16267064,D6
16269885,D6
16271585,D6
16273401,D6
16274142,D6
16274143,D6
16278868,D6
16281278,D6
16281280,D6
16284333,D6
16285536,D6
16286666,D6
16288971,D6
16291115,D6
16294082,D6
16295804,D6
16297697,D6
16297728,D6
16297729,D6
16300049,D6
16301146,D6
16301460,D6
16307187,D6
16307392,D6
16307576,D6
16307797,D6
16308766,D6
16312098,D6
16313039,D6
16319746,D6
16321243,D6
16322617,D6
16325083,D6
16326889,D6
16326971,D6
16327549,D6
16329831,D6
16334578,D6
16334579,D6
16334956,D6
16336400,D6
16337721,D6
16339509,D6
16340139,D6
16342525,D6
16343145,D6
16343146,D6
16343147,D6
16343151,D6
16343158,D6
16343401,D6
16344167,D6
16355737,D6
16355738,D6
16356147,D6
16361120,D6
16361908,D6
16362426,D6
16362454,D6
16363088,D6
16363208,D6
16364962,D6
16368562,D6
16371901,D6
16376352,D6
16380896,D6
16381285,D6
16381316,D6
16386643,D6
16392339,D6
16392343,D6
16395165,D6
16395170,D6
16397194,D6
16397198,D6
16399458,D6
16399465,D6
16400488,D6
16407486,D6
16409404,D6
16409405,D6
16409406,D6
16409412,D6
16411580,D6
16411583,D6
16412310,D6
16412845,D6
16413441,D6
16413897,D6
16413899,D6
16419963,D6
16420421,D6
16422227,D6
16423434,D6
16424807,D6
16426208,D6
16426209,D6
16427664,D6
16430124,D6
16430172,D6
16432411,D6
16432418,D6
16435358,D6
16435359,D6
16436946,D6
16438229,D6
16438692,D6
16438696,D6
16438698,D6
16438699,D6
16442826,D6
16443111,D6
16447168,D6
16447900,D6
16450408,D6
16453344,D6
16453963,D6
16454625,D6
16457434,D6
16457453,D6
16458396,D6
16458568,D6
16461626,D6
16461628,D6
16461629,D6
16461632,D6
16462216,D6
16462325,D6
16462456,D6
16463200,D6
16467612,D6
16467618,D6
16467706,D6
16468489,D6
16470450,D6
16472295,D6
16472298,D6
16474063,D6
16474064,D6
16479568,D6
16481942,D6
16481947,D6
16483698,D6
16484408,D6
16485275,D6
16485460,D6
16487807,D6
16487827,D6
16494271,D6
16496016,D6
16498025,D6
16498215,D6
16498563,D6
16501158,D6
16503787,D6
16504558,D6
16504863,D6
16506466,D6
16506485,D6
16506500,D6
16506922,D6
16511662,D6
16514629,D6
16517315,D6
16517370,D6
16519179,D6
16522725,D6
16523143,D6
16523336,D6
16524487,D6
16526578,D6
16529314,D6
16531366,D6
16533436,D6
16534698,D6
16536705,D6
16545703,D6
16546431,D6
16546637,D6
16546640,D6
16546641,D6
16553151,D6
16553152,D6
16555554,D6
16563576,D6
16566746,D6
16567453,D6
16567454,D6
16567460,D6
16568392,D6
16568394,D6
16579047,D6
16579701,D6
16579774,D6
16579775,D6
16581450,D6
16581451,D6
16582784,D6
16584413,D6
16594199,D6
16594207,D6
16594210,D6
16594211,D6
16594214,D6
16594215,D6
16594216,D6
16594217,D6
16594218,D6
16594387,D6
16594392,D6
16594440,D6
16594441,D6
16594446,D6
16594447,D6
16594449,D6
16594453,D6
16594537,D6
16594538,D6
16594539,D6
16594540,D6
16594545,D6
16594546,D6
16594591,D6
16595464,D6
16602110,D6
16604980,D6
16609973,D6
16609976,D6
16619681,D6
16620629,D6
16622377,D6
16624715,D6
16624720,D6
16631483,D6
16632267,D6
16633179,D6
16633184,D6
16634488,D6
16634494,D6
16635000,D6
16635001,D6
16635005,D6
16635011,D6
16640938,D6
16641715,D6
16642029,D6
16642879,D6
16644516,D6
16644518,D6
16645121,D6
16645763,D6
16647752,D6
16649178,D6
16649911,D6
16649921,D6
16651074,D6
16669250,D6
16670538,D6
16671869,D6
16672017,D6
16672018,D6
16672023,D6
16672027,D6
16672645,D6
16672892,D6
16674726,D6
16677125,D6
16679069,D6
16679621,D6
16681489,D6
16685094,D6
16687240,D6
16687241,D6
16690250,D6
16698077,D6
16698236,D6
16701976,D6
16703864,D6
16703907,D6
16704096,D6
16704106,D6
16705695,D6
16705701,D6
16706280,D6
16706578,D6
16710731,D6
16712926,D6
16713040,D6
16716606,D6
16718663,D6
16720781,D6
16723072,D6
16723073,D6
16723074,D6
16723657,D6
16730161,D6
16730531,D6
16731374,D6
16732606,D6
16732613,D6
16732617,D6
16734103,D6
16734374,D6
16735190,D6
16735581,D6
16736199,D6
16739109,D6
16756617,D6
16756623,D6
16757877,D6
16761844,D6
16762706,D6
16762717,D6
16763843,D6
16766976,D6
16772579,D6
16772924,D6
16777278,D6
16777282,D6
16777427,D6
16778003,D6
16778662,D6
16778686,D6
16778688,D6
16779814,D6
16781161,D6
16781769,D6
16783802,D6
16783803,D6
16785009,D6
16788987,D6
16788988,D6
16791065,D6
16791066,D6
16791366,D6
16791995,D6
16796280,D6
16797371,D6
16798868,D6
16808025,D6
16808070,D6
16808565,D6
16810348,D6
16810350,D6
16810354,D6
16810355,D6
16815293,D6
16816759,D6
16816760,D6
16816774,D6
16816920,D6
16817217,D6
16817663,D6
16817752,D6
16819685,D6
16820038,D6
16820305,D6
16825044,D6
16826093,D6
16831666,D6
16832126,D6
16832271,D6
16832555,D6
16841224,D6
16842045,D6
16842286,D6
16842288,D6
16842291,D6
16842292,D6
16842295,D6
16842296,D6
16845550,D6
16845969,D6
16848996,D6
16850957,D6
16860215,D6
16861580,D6
16865399,D6
16866200,D6
16866209,D6
16876220,D6
16882481,D6
16889503,D6
16889666,D6
16889737,D6
16890366,D6
16896740,D6
16902996,D6
16904580,D6
16905340,D6
16905861,D6
16905899,D6
16906082,D6
16910852,D6
16911150,D6
16911152,D6
16911155,D6
16911158,D6
16914778,D6
16917923,D6
16925082,D6
16928538,D6
16929463,D6
16931087,D6
16931375,D6
16931383,D6
16931388,D6
16931862,D6
16932098,D6
16932103,D6
16932917,D6
16934266,D6
16934726,D6
16935568,D6
16936580,D6
16937139,D6
16945714,D6
16945733,D6
16946649,D6
16946651,D6
16946654,D6
16948580,D6
16948586,D6
16949563,D6
16950047,D6
16951567,D6
16951980,D6
16955603,D6
16955849,D6
16958700,D6
16959767,D6
16964517,D6
16965895,D6
16965899,D6
16966902,D6
16967298,D6
16971744,D6
16971997,D6
16971999,D6
16972000,D6
16972001,D6
16972002,D6
16977578,D6
16978693,D6
16978792,D6
16979062,D6
16979063,D6
16981039,D6
16982306,D6
16982308,D6
16982311,D6
16983493,D6
16986606,D6
16995317,D6
16996666,D6
16997372,D6
17003168,D6
17003619,D6
17003624,D6
17005848,D6
17013739,D6
17017138,D6
17017139,D6
17017656,D6
17026546,D6
17026547,D6
17026548,D6
17026552,D6
17027127,D6
17027130,D6
17027235,D6
17030129,D6
17032115,D6
17036980,D6
17036982,D6
17042380,D6
17043794,D6
17043859,D6
17045643,D6
17047543,D6
17050684,D6
17051102,D6
17057068,D6
17063541,D6
17065841,D6
17068713,D6
17068714,D6
17068814,D6
17072373,D6
17073571,D6
17075105,D6
17076611,D6
17076788,D6
17076789,D6
17078741,D6
17078744,D6
17078800,D6
17079201,D6
17079380,D6
17081471,D6
17081664,D6
17084290,D6
17086407,D6
17088195,D6
17088749,D6
17089406,D6
17089407,D6
17092229,D6
17106698,D6
17106873,D6
17106877,D6
17108469,D6
17108827,D6
17108828,D6
17110258,D6
17111166,D6
17111661,D6
17112532,D6
17113296,D6
17118600,D6
17118747,D6
17120797,D6
17123081,D6
17124844,D6
17127135,D6
17129428,D6
17137057,D6
17139209,D6
17139802,D6
17140872,D6
17142009,D6
17142010,D6
17142625,D6
17142629,D6
17142945,D6
17143391,D6
17143393,D6
17143395,D6
17144458,D6
17149684,D6
17153058,D6
17153068,D6
17154681,D6
17159185,D6
17159580,D6
17160246,D6
17160271,D6
17160780,D6
17161863,D6
17169703,D6
17173536,D6
17178489,D6
17178491,D6
17183565,D6
17187339,D6
17187631,D6
17187632,D6
17187633,D6
17187635,D6
17187644,D6
17188524,D6
17188665,D6
17189710,D6
17195796,D6
17197333,D6
17197334,D6
17199474,D6
17200318,D6
17201821,D6
17201827,D6
17202890,D6
17202891,D6
17203270,D6
17203285,D6
17203306,D6
17205237,D6
17212748,D6
17214818,D6
17214823,D6
17214825,D6
17214826,D6
17218041,D6
17223752,D6
17224030,D6
17224811,D6
17224813,D6
17228598,D6
17228673,D6
17229348,D6
17230082,D6
17230319,D6
17234047,D6
17236358,D6
17236917,D6
17236921,D6
17241805,D6
17243405,D6
17244968,D6
17250992,D6
17251856,D6
17255157,D6
17259149,D6
17259430,D6
17260120,D6
17260138,D6
17262138,D6
17262822,D6
17269869,D6
17272445,D6
17273838,D6
17275363,D6
17276227,D6
17277305,D6
17277987,D6
17279424,D6
17284176,D6
17284188,D6
17285056,D6
17286661,D6
17286667,D6
17287057,D6
17287434,D6
17293578,D6
17293966,D6
17293971,D6
17298496,D6
17299995,D6
17302550,D6
17304067,D6
17304121,D6
17305007,D6
17305975,D6
17307600,D6
17307890,D6
17308484,D6
17312729,D6
17315468,D6
17316575,D6
17317807,D6
17318898,D6
17321442,D6
17322177,D6
17322358,D6
17323257,D6
17323571,D6
17326543,D6
17329365,D6
17330581,D6
17331019,D6
17334030,D6
17334037,D6
17334794,D6
17335416,D6
17335418,D6
17335421,D6
17335422,D6
17335423,D6
17335425,D6
17335430,D6
17337610,D6
17337613,D6
17339286,D6
17339292,D6
17340167,D6
17340898,D6
17346582,D6
17347842,D6
17349200,D6
17351180,D6
17355607,D6
17355610,D6
17357458,D6
17357497,D6
17362153,D6
17362494,D6
17364094,D6
17364095,D6
17364096,D6
17364097,D6
17364099,D6
17364101,D6
17366874,D6
17368369,D6
17371565,D6
17373691,D6
17375213,D6
17375217,D6
17375588,D6
17376691,D6
17379543,D6
17381764,D6
17387523,D6
17391719,D6
17395384,D6
17397291,D6
17397341,D6
17397385,D6
17400902,D6
17405160,D6
17414161,D6
17414276,D6
17414903,D6
17414907,D6
17414910,D6
17414986,D6
17415455,D6
17415756,D6
17416139,D6
17418329,D6
17418876,D6
17424690,D6
17426990,D6
17428698,D6
17428700,D6
17433295,D6
17434674,D6
17443667,D6
17448480,D6
17448830,D6
17448831,D6
17448853,D6
17449257,D6
17449290,D6
17451409,D6
17452844,D6
17457829,D6
17460719,D6
17461941,D6
17461947,D6
17461948,D6
17461950,D6
17461953,D6
17465344,D6
17469290,D6
17471086,D6
17471141,D6
17472552,D6
17472561,D6
17472563,D6
17474132,D6
17476191,D6
17478274,D6
17481997,D6
17482114,D6
17482121,D6
17485296,D6
17486513,D6
17490441,D6
17490445,D6
17491077,D6
17491078,D6
17492246,D6
17492454,D6
17494366,D6
17496593,D6
17497192,D6
17501650,D6
17501663,D6
17504041,D6
17506504,D6
17508514,D6
17510496,D6
17510861,D6
17513842,D6
17514667,D6
17514887,D6
17518596,D6
17519577,D6
17521786,D6
17521885,D6
17524409,D6
17526432,D6
17532283,D6
17533714,D6
17534418,D6
17539582,D6
17540757,D6
17541296,D6
17541668,D6
17542509,D6
17542736,D6
17543021,D6
17545764,D6
17546208,D6
17546213,D6
17546215,D6
17546216,D6
17546218,D6
17546883,D6
17547592,D6
17547594,D6
17547595,D6
17547596,D6
17547598,D6
17547599,D6
17547602,D6
17551968,D6
17557323,D6
17558027,D6
17560480,D6
17565577,D6
17565733,D6
17565923,D6
17568439,D6
17570019,D6
17571980,D6
17572571,D6
17573035,D6
17577558,D6
17578819,D6
17581924,D6
17583540,D6
17586433,D6
17592303,D6
17593540,D6
17597378,D6
17598116,D6
17598117,D6
17602376,D6
17606797,D6
17608658,D6
17608663,D6
17609360,D6
17611757,D6
17611854,D6
17613298,D6
17613514,D6
17614919,D6
17614924,D6
17614925,D6
17614926,D6
17614927,D6
17614930,D6
17616065,D6
17616340,D6
17617541,D6
17617544,D6
17618141,D6
17618156,D6
17620813,D6
17621234,D6
17622515,D6
17624282,D6
17628890,D6
17630144,D6
17632383,D6
17632745,D6
17635059,D6
17637412,D6
17646039,D6
17651873,D6
17651992,D6
17652051,D6
17653560,D6
17656273,D6
17656277,D6
17657940,D6
17658506,D6
17659171,D6
17660057,D6
17669032,D6
17671863,D6
17672358,D6
17673599,D6
17676085,D6
17681210,D6
17684730,D6
17686135,D6
17686267,D6
17686281,D6
17689664,D6
17691533,D6
17691638,D6
17692853,D6
17693629,D6
17694670,D6
17694952,D6
17695591,D6
17695991,D6
17701306,D6
17704468,D6
17704469,D6
17704930,D6
17708424,D6
17710606,D6
17715721,D6
17716261,D6
17718806,D6
17719788,D6
17721980,D6
17725588,D6
17729265,D6
17762813,D6
17762937,D6
17764092,D6
17765025,D6
17784570,D6
17785756,D6
17825111,D6
17827477,D6
17846542,D6
17846680,D6
17846681,D6
17846682,D6
17846683,D6
17846687,D6
17846689,D6
17846690,D6
17846692,D6
17846694,D6
17846695,D6
17848631,D6
17851172,D6
17852176,D6
17868113,D6
17879385,D6
17882467,D6
17888014,D6
17891422,D6
17891595,D6
17894589,D6
17894590,D6
17894592,D6
17894596,D6
17894598,D6
17896434,D6
17900943,D6
17902176,D6
17903710,D6
17905318,D6
17906568,D6
17906588,D6
17909337,D6
17910263,D6
17912668,D6
17915997,D6
17916029,D6
17916032,D6
17916472,D6
17916474,D6
17916477,D6
17923409,D6
17923443,D6
17928903,D6
17931221,D6
17931223,D6
17933241,D6
17933318,D6
17933319,D6
17933320,D6
17934799,D6
17935153,D6
17936046,D6
17937187,D6
17937189,D6
17937191,D6
17937200,D6
17937548,D6
17937999,D6
17939975,D6
17940768,D6
17942225,D6
17943413,D6
17943684,D6
17945432,D6
17951064,D6
17954310,D6
17956566,D6
17959163,D6
17960653,D6
17961385,D6
17964474,D6
17965373,D6
17966011,D6
17966751,D6
17968488,D6
17969427,D6
17973085,D6
17973249,D6
17975965,D6
17975969,D6
17975991,D6
17977197,D6
17977198,D6
17981047,D6
17983019,D6
17983116,D6
17983728,D6
17985691,D6
17986407,D6
17987673,D6
17987973,D6
17990409,D6
17993871,D6
17998197,D6
18001829,D6
18004481,D6
18005108,D6
18005226,D6
18018719,D6
18019424,D6
18020988,D6
18020994,D6
18022463,D6
18023269,D6
18026760,D6
18026869,D6
18030432,D6
18032566,D6
18033641,D6
18037331,D6
18038000,D6
18038002,D6
18038003,D6
18038004,D6
18038005,D6
18038010,D6
18038011,D6
18038014,D6
18040699,D6
18041769,D6
18042409,D6
18045343,D6
18045512,D6
18045514,D6
18046166,D6
18047403,D6
18047404,D6
18050308,D6
18052804,D6
18060480,D6
18063175,D6
18064477,D6
18064665,D6
18065816,D6
18067171,D6
18067612,D6
18067613,D6
18067614,D6
18067619,D6
18067621,D6
18069471,D6
18070431,D6
18072040,D6
18074688,D6
18076097,D6
18078511,D6
18082248,D6
18085653,D6
18086158,D6
18087935,D6
18089474,D6
18090081,D6
18091170,D6
18093645,D6
18094497,D6
18098194,D6
18155595,D6
18157044,D6
18157046,D6
18157535,D6
18158093,D6
18161780,D6
18162418,D6
18162513,D6
18163800,D6
18167101,D6
18167111,D6
18172695,D6
18176163,D6
18176712,D6
18176941,D6
18176946,D6
18180561,D6
18180562,D6
18181801,D6
18186127,D6
18186128,D6
18187241,D6
18190892,D6
18192022,D6
18196373,D6
18196395,D6
18197099,D6
18197101,D6
18198537,D6
18198545,D6
18198768,D6
18199053,D6
18199054,D6
18199055,D6
18199057,D6
18199058,D6
18199059,D6
18201650,D6
18209624,D6
18209917,D6
18214649,D6
18214650,D6
18216669,D6
18218819,D6
18219557,D6
18225719,D6
18226530,D6
18236187,D6
18240329,D6
18241107,D6
18241216,D6
18245595,D6
18246008,D6
18251291,D6
18251651,D6
18251804,D6
18251809,D6
18251810,D6
18251814,D6
18251990,D6
18253814,D6
18256099,D6
18261122,D6
18266079,D6
18269027,D6
18269028,D6
18270722,D6
18271017,D6
18271371,D6
18271829,D6
18272346,D6
18273676,D6
18280402,D6
18280425,D6
18282397,D6
18288339,D6
18288343,D6
18288345,D6
18288347,D6
18288349,D6
18288350,D6
18289819,D6
18291470,D6
18291564,D6
18292350,D6
18292450,D6
18292913,D6
18293601,D6
18293610,D6
18294233,D6
18297297,D6
18301928,D6
18302250,D6
18305873,D6
18309752,D6
18310707,D6
18312080,D6
18312171,D6
18314042,D6
18314339,D6
18317128,D6
18319348,D6
18324585,D6
18324960,D6
18325739,D6
18326482,D6
18327810,D6
18328808,D6
18329561,D6
18329638,D6
18330484,D6
18330583,D6
18333777,D6
18334169,D6
18334785,D6
18335539,D6
18336526,D6
18336820,D6
18336902,D6
18336969,D6
18339517,D6
18341418,D6
18341446,D6
18343729,D6
18346878,D6
18350441,D6
18351010,D6
18354143,D6
18354144,D6
18355588,D6
18355923,D6
18359239,D6
18361440,D6
18361480,D6
18362716,D6
18362721,D6
18364121,D6
18365176,D6
18365605,D6
18365606,D6
18365613,D6
18369051,D6
18372959,D6
18372967,D6
18373484,D6
18373544,D6
18376009,D6
18377707,D6
18378144,D6
18378382,D6
18378427,D6
18378935,D6
18379399,D6
18380619,D6
18383348,D6
18385320,D6
18388708,D6
18389291,D6
18391113,D6
18392918,D6
18394072,D6
18394073,D6
18394076,D6
18394077,D6
18403449,D6
18404107,D6
18404659,D6
18404698,D6
18404722,D6
18408572,D6
18408795,D6
18411604,D6
18411668,D6
18412506,D6
18414428,D6
18418579,D6
18421465,D6
18421531,D6
18421938,D6
18421952,D6
18422697,D6
18422983,D6
18423279,D6
18424059,D6
18426046,D6
18430183,D6
18430840,D6
18433297,D6
18434583,D6
18438725,D6
18438884,D6
18439745,D6
18440108,D6
18441411,D6
18442730,D6
18447790,D6
18449963,D6
18451068,D6
18451072,D6
18451397,D6
18453174,D6
18453650,D6
18453939,D6
18454001,D6
18454666,D6
18455113,D6
18455460,D6
18458499,D6
18462739,D6
18463813,D6
18464262,D6
18464266,D6
18464612,D6
18465085,D6
18468865,D6
18469648,D6
18474063,D6
18474064,D6
18475244,D6
18476557,D6
18478560,D6
18479240,D6
18483198,D6
18486789,D6
18487102,D6
18487859,D6
18487941,D6
18489785,D6
18496343,D6
18496344,D6
18496346,D6
18499312,D6
18499606,D6
18500516,D6
18502963,D6
18504147,D6
18506560,D6
18506562,D6
18507942,D6
18507944,D6
18509039,D6
18509711,D6
18512084,D6
18514748,D6
18515713,D6
18520382,D6
18520635,D6
18520934,D6
18520936,D6
18522008,D6
18523347,D6
18524004,D6
18525483,D6
18528654,D6
18533776,D6
18534436,D6
18535683,D6
18535685,D6
18535686,D6
18536843,D6
18536844,D6
18536847,D6
18536848,D6
18536851,D6
18536852,D6
18536855,D6
18536857,D6
18536859,D6
18538646,D6
18539033,D6
18540037,D6
18543602,D6
18545710,D6
18545711,D6
18545712,D6
18545714,D6
18545715,D6
18545716,D6
18545717,D6
18545719,D6
18545720,D6
18545721,D6
18545723,D6
18546185,D6
18547409,D6
18547670,D6
18547845,D6
18548587,D6
18548916,D6
18552667,D6
18554870,D6
18562373,D6
18564254,D6
18564255,D6
18564259,D6
18564260,D6
18564261,D6
18564262,D6
18564264,D6
18564265,D6
18569430,D6
18570684,D6
18581094,D6
18585621,D6
18586599,D6
18590417,D6
18593251,D6
18593855,D6
18594103,D6
18595806,D6
18597396,D6
18597944,D6
18600149,D6
18600357,D6
18607386,D6
18610859,D6
18611283,D6
18615258,D6
18615683,D6
18616073,D6
18618164,D6
18626356,D6
18626789,D6
18626809,D6
18630428,D6
18630575,D6
18631216,D6
18631222,D6
18634005,D6
18634011,D6
18634014,D6
18634223,D6
18634913,D6
18635501,D6
18638057,D6
18640400,D6
18644596,D6
18644737,D6
18647094,D6
18649381,D6
18650747,D6
18651114,D6
18651328,D6
18656866,D6
18656902,D6
18657494,D6
18657743,D6
18657744,D6
18662302,D6
18663994,D6
18669984,D6
18671902,D6
18672598,D6
18677494,D6
18680138,D6
18680742,D6
18683227,D6
18683228,D6
18683231,D6
18683547,D6
18683549,D6
18683736,D6
18683770,D6
18683892,D6
18691792,D6
18691916,D6
18700365,D6
18701543,D6
18704235,D6
18704236,D6
18704237,D6
18704241,D6
18704242,D6
18704244,D6
18704245,D6
18704246,D6
18704248,D6
18704516,D6
18704847,D6
18708654,D6
18708925,D6
18710312,D6
18712354,D6
18712419,D6
18712453,D6
18716891,D6
18717356,D6
18718777,D6
18720554,D6
18724845,D6
18752176,D6
18752291,D6
18752292,D6
18755614,D6
18758287,D6
18758347,D6
18758792,D6
18771369,D6
18772507,D6
18774024,D6
18778822,D6
18783920,D6
18784929,D6
18793797,D6
18794753,D6
18795353,D6
18795888,D6
18798504,D6
18799328,D6
18804576,D6
18805717,D6
18805720,D6
18809750,D6
18810656,D6
18813894,D6
18815236,D6
18817014,D6
18825002,D6
18825474,D6
18827594,D6
18829917,D6
18829919,D6
18832342,D6
18833954,D6
18833955,D6
18835070,D6
18835375,D6
18839379,D6
18841750,D6
18842126,D6
18847330,D6
18848100,D6
18852073,D6
18923306,D6
18925432,D6
18928230,D6
18929962,D6
18930023,D6
18940485,D6
18946013,D6
18948069,D6
18950028,D6
18951812,D6
18956184,D6
18971051,D6
18973235,D6
18973240,D6
18978589,D6
18978590,D6
18979883,D6
18980422,D6
18980472,D6
18980477,D6
18980480,D6
18985689,D6
18985701,D6
18986307,D6
18987022,D6
18988260,D6
19010070,D6
19011531,D6
19011702,D6
19011703,D6
19011705,D6
19011709,D6
19011714,D6
19013194,D6
19016454,D6
19023894,D6
19024978,D6
19027036,D6
19029315,D6
19030817,D6
19036055,D6
19037890,D6
19041991,D6
19043314,D6
19045511,D6
19047716,D6
19048282,D6
19051647,D6
19054651,D6
19060317,D6
19062574,D6
19063685,D6
19065031,D6
19065150,D6
19065776,D6
19072596,D6
19076179,D6
19076771,D6
19083207,D6
19085504,D6
19087621,D6
19088398,D6
19089227,D6
19089408,D6
19092053,D6
19093735,D6
19095462,D6
19097923,D6
19098645,D6
19107797,D6
19109085,D6
19112335,D6
19112444,D6
19112445,D6
19116298,D6
19117066,D6
19117068,D6
19117967,D6
19119945,D6
19121167,D6
19121168,D6
19121169,D6
19121170,D6
19121172,D6
19121173,D6
19121955,D6
19122062,D6
19124180,D6
19126890,D6
19128988,D6
19133254,D6
19134080,D6
19134082,D6
19134085,D6
19134086,D6
19134087,D6
19134089,D6
19134093,D6
19134099,D6
19134102,D6
19134104,D6
19134105,D6
19134108,D6
19134221,D6
19138598,D6
19138605,D6
19140105,D6
19142693,D6
19143018,D6
19144324,D6
19144778,D6
19145364,D6
19148940,D6
19149233,D6
19151405,D6
19151863,D6
19151866,D6
19151867,D6
19151869,D6
19151871,D6
19151875,D6
19152470,D6
19152613,D6
19152614,D6
19152615,D6
19152616,D6
19152618,D6
19152619,D6
19152620,D6
19152621,D6
19152622,D6
19152623,D6
19153875,D6
19157782,D6
19164849,D6
19165192,D6
19168807,D6
19169099,D6
19171510,D6
19172285,D6
19182606,D6
19182670,D6
19182704,D6
19183262,D6
19183824,D6
19184009,D6
19184287,D6
19189112,D6
19190435,D6
19191792,D6
19191797,D6
19192592,D6
19192884,D6
19192885,D6
19198894,D6
19200793,D6
19203702,D6
19203703,D6
19203704,D6
19204370,D6
19205058,D6
19205589,D6
19207041,D6
19210241,D6
19214894,D6
19215028,D6
19216261,D6
19216278,D6
19216313,D6
19217101,D6
19225173,D6
19226011,D6
19226088,D6
19229662,D6
19230720,D6
19235302,D6
19236675,D6
19236679,D6
19236680,D6
19236681,D6
19236682,D6
19236683,D6
19236684,D6
19241700,D6
19242366,D6
19242737,D6
19242967,D6
19244824,D6
19245748,D6
19246288,D6
19247158,D6
19247166,D6
19247168,D6
19248097,D6
19250040,D6
19252545,D6
19254157,D6
19255218,D6
19257808,D6
19261080,D6
19263314,D6
19270321,D6
19271058,D6
19272839,D6
19274754,D6
19274755,D6
19274756,D6
19275111,D6
19276747,D6
19278833,D6
19280341,D6
19280971,D6
19283616,D6
19283659,D6
19290390,D6
19290393,D6
19290394,D6
19290396,D6
19290399,D6
19290401,D6
19290402,D6
19290508,D6
19292323,D6
19296109,D6
19301575,D6
19302033,D6
19304040,D6
19305972,D6
19305977,D6
19309060,D6
19320814,D6
19322766,D6
19328497,D6
19329114,D6
19329790,D6
19330331,D6
19339575,D6
19343345,D6
19344636,D6
19344887,D6
19345874,D6
19350254,D6
19352244,D6
19353444,D6
19357859,D6
19358406,D6
19358407,D6
19365110,D6
19366104,D6
19366155,D6
19372353,D6
19378779,D6
19380137,D6
19382184,D6
19382195,D6
19386753,D6
19393930,D6
19395133,D6
19397636,D6
19398044,D6
19399356,D6
19402150,D6
19405884,D6
19406538,D6
19407306,D6
19410024,D6
19410029,D6
19411469,D6
19412399,D6
19412401,D6
19412898,D6
19413747,D6
19413750,D6
19414748,D6
19419446,D6
19419872,D6
19422103,D6
19426907,D6
19428266,D6
19431975,D6
19431988,D6
19437510,D6
19441986,D6
19442623,D6
19444052,D6
19446201,D6
19446207,D6
19447266,D6
19448172,D6
19448868,D6
19448878,D6
19451010,D6
19457447,D6
19457679,D6
19458153,D6
19459439,D6
19459781,D6
19460652,D6
19460812,D6
19460814,D6
19464640,D6
19467654,D6
19472963,D6
19475437,D6
19475465,D6
19476174,D6
19480040,D6
19482390,D6
19482520,D6
19489045,D6
19489327,D6
19490628,D6
19492639,D6
19496394,D6
19496660,D6
19497394,D6
19498304,D6
19499998,D6
19502635,D6
19503998,D6
19504590,D6
19505197,D6
19508339,D6
19509413,D6
19514572,D6
19514573,D6
19515034,D6
19517410,D6
19521699,D6
19524727,D6
19524905,D6
19524939,D6
19525836,D6
19527125,D6
19527183,D6
19527606,D6
19529951,D6
19531103,D6
19531421,D6
19535718,D6
19537860,D6
19538668,D6
19538676,D6
19538677,D6
19538678,D6
19543260,D6
19543778,D6
19544397,D6
19546875,D6
19548055,D6
19554327,D6
19563074,D6
19563714,D6
19564754,D6
19565962,D6
19565984,D6
19568774,D6
19569482,D6
19572300,D6
19573055,D6
19573056,D6
19573057,D6
19573058,D6
19573059,D6
19573060,D6
19573062,D6
19573063,D6
19573064,D6
19573067,D6
19573071,D6
19573073,D6
19573074,D6
19573095,D6
19573096,D6
19573097,D6
19573099,D6
19573102,D6
19573103,D6
19573104,D6
19573111,D6
19578106,D6
19581323,D6
19582492,D6
19582840,D6
19585592,D6
19587868,D6
19587871,D6
19588527,D6
19589562,D6
19590329,D6
19597626,D6
19597627,D6
19597628,D6
19597629,D6
19597631,D6
19597632,D6
19597635,D6
19597636,D6
19597639,D6
19614722,D6
19615576,D6
19619115,D6
19623664,D6
19625205,D6
19626018,D6
19629442,D6
19635715,D6
19637472,D6
19639642,D6
19641975,D6
19642769,D6
19643292,D6
19645577,D6
19648683,D6
19650039,D6
19651957,D6
19660054,D6
19662478,D6
19666914,D6
19674409,D6
19674410,D6
19674411,D6
19674412,D6
19674413,D6
19674414,D6
19674415,D6
19674421,D6
19674423,D6
19680713,D6
19681924,D6
19681941,D6
19681942,D6
19681965,D6
19681969,D6
19684345,D6
19688137,D6
19693636,D6
19693644,D6
19693735,D6
19694509,D6
19698092,D6
19700996,D6
19705464,D6
19712893,D6
19714688,D6
19716324,D6
19716719,D6
19716721,D6
19717670,D6
19718487,D6
19718840,D6
19718846,D6
19719422,D6
19719739,D6
19721790,D6
19722281,D6
19725961,D6
19728042,D6
19728631,D6
19730297,D6
19731258,D6
19732675,D6
19733557,D6
19734461,D6
19738576,D6
19740465,D6
19742393,D6
19742394,D6
19749002,D6
19750281,D6
19750282,D6
19750283,D6
19750287,D6
19750288,D6
19750289,D6
19756653,D6
19756903,D6
19758734,D6
19760469,D6
19761922,D6
19763718,D6
19766024,D6
19769254,D6
19769486,D6
19770604,D6
19770704,D6
19772956,D6
19775694,D6
19777486,D6
19777863,D6
19780192,D6
19781028,D6
19781029,D6
19781030,D6
19781032,D6
19784461,D6
19784628,D6
19784631,D6
19784835,D6
19788843,D6
19793331,D6
19793333,D6
19793881,D6
19795937,D6
19795978,D6
19796163,D6
19796311,D6
19796314,D6
19801290,D6
19802680,D6
19803046,D6
19809195,D6
19810114,D6
19815161,D6
19816301,D6
19817729,D6
19822099,D6
19824607,D6
19828342,D6
19828800,D6
19828842,D6
19836983,D6
19837313,D6
19838612,D6
19840644,D6
19840787,D6
19846327,D6
19846616,D6
19847760,D6
19850857,D6
19853981,D6
19857235,D6
19857239,D6
19858976,D6
19858977,D6
19858978,D6
19859898,D6
19860529,D6
19863012,D6
19865626,D6
19873719,D6
19873720,D6
19873721,D6
19876517,D6
19876518,D6
19876519,D6
19876523,D6
19876525,D6
19876526,D6
19876527,D6
19877286,D6
19878002,D6
19880114,D6
19880177,D6
19880905,D6
19881374,D6
19881377,D6
19881930,D6
19885911,D6
19887390,D6
19887733,D6
19887934,D6
19888496,D6
19889486,D6
19890682,D6
19890688,D6
19890991,D6
19890994,D6
19891331,D6
19891733,D6
19893249,D6
19893962,D6
19893967,D6
19894334,D6
19895916,D6
19895947,D6
19895960,D6
19896051,D6
19902886,D6
19910206,D6
19910208,D6
19910754,D6
19915099,D6
19916696,D6
19919926,D6
19920776,D6
19923041,D6
19927717,D6
19927731,D6
19929138,D6
19929356,D6
19931052,D6
19931957,D6
19932041,D6
19934437,D6
19935308,D6
19940730,D6
19947477,D6
19948009,D6
19949285,D6
19949553,D6
19949941,D6
19951030,D6
19951612,D6
19953233,D6
19953956,D6
19954443,D6
19954875,D6
19957162,D6
19957850,D6
19957851,D6
19958756,D6
19960356,D6
19962066,D6
19962598,D6
19966892,D6
19968218,D6
19995322,D6
19997667,D6
19997668,D6
19997671,D6
19997672,D6
19997673,D6
19997674,D6
19997675,D6
20005255,D6
20006700,D6
20008343,D6
20009606,D6
20009691,D6
20009694,D6
20010414,D6
20012755,D6
20013595,D6
20013824,D6
20013838,D6
20014292,D6
20014295,D6
20017758,D6
20017847,D6
20017858,D6
20017860,D6
20018416,D6
20021738,D6
20022699,D6
20030116,D6
20031953,D6
20032737,D6
20034976,D6
20035603,D6
20036345,D6
20036920,D6
20037482,D6
20038884,D6
20043778,D6
20043807,D6
20044699,D6
20046054,D6
20049353,D6
20049605,D6
20049636,D6
20049745,D6
20050345,D6
20051620,D6
20051679,D6
20058266,D6
20060340,D6
20062989,D6
20064837,D6
20065367,D6
20066430,D6
20066622,D6
20067413,D6
20067580,D6
20069299,D6
20070496,D6
20070741,D6
20072086,D6
20074968,D6
20076889,D6
20077910,D6
20081509,D6
20082791,D6
20084034,D6
20085049,D6
20087221,D6
20088228,D6
20089894,D6
20095452,D6
20097341,D6
20097543,D6
20105196,D6
20106572,D6
20109072,D6
20110838,D6
20110841,D6
20111958,D6
20112577,D6
20117631,D6
20117872,D6
20118471,D6
20119643,D6
20121906,D6
20123414,D6
20124065,D6
20124103,D6
20127496,D6
20129756,D6
20131271,D6
20131744,D6
20132758,D6
20132910,D6
20137640,D6
20137681,D6
20139330,D6
20139370,D6
20140396,D6
20144455,D6
20148826,D6
20149905,D6
20151073,D6
20151074,D6
20151077,D6
20151082,D6
20151084,D6
20151262,D6
20152663,D6
20156229,D6
20159697,D6
20162109,D6
20162112,D6
20162714,D6
20169393,D6
20171892,D6
20173658,D6
20182253,D6
20182255,D6
20186671,D6
20187460,D6
20188608,D6
20189731,D6
20190981,D6
20191132,D6
20192147,D6
20194325,D6
20195208,D6
20195596,D6
20196082,D6
20200934,D6
20202885,D6
20206725,D6
20208130,D6
20210581,D6
20210947,D6
20210948,D6
20210949,D6
20210950,D6
20210951,D6
20210952,D6
20210954,D6
20210963,D6
20210964,D6
20210965,D6
20210974,D6
20210975,D6
20216450,D6
20218874,D6
20223574,D6
20224349,D6
20225324,D6
20226575,D6
20227807,D6
20228366,D6
20228704,D6
20229522,D6
20236741,D6
20299161,D6
20302633,D6
20306164,D6
20307763,D6
20307767,D6
20334467,D6
20335058,D6
20336637,D6
20337667,D6
20345191,D6
20345382,D6
20345522,D6
20345525,D6
20345526,D6
20345527,D6
20345533,D6
20345535,D6
20345538,D6
20347761,D6
20349357,D6
20349872,D6
20356264,D6
20361607,D6
20362826,D6
20364011,D6
20367041,D6
20367058,D6
20367373,D6
20371084,D6
20375764,D6
20379087,D6
20382048,D6
20389258,D6
20391649,D6
20400750,D6
20400805,D6
20401620,D6
20402400,D6
20404761,D6
20406370,D6
20408865,D6
20416515,D6
20416517,D6
20416521,D6
20417017,D6
20417902,D6
20417914,D6
20418513,D6
20421076,D6
20422116,D6
20422121,D6
20422123,D6
20422124,D6
20422125,D6
20422126,D6
20425732,D6
20426679,D6
20432926,D6
20433374,D6
20433761,D6
20436013,D6
20440159,D6
20443224,D6
20443803,D6
20444324,D6
20445968,D6
20450905,D6
20451920,D6
20456966,D6
20459013,D6
20459016,D6
20459487,D6
20459493,D6
20459494,D6
20459495,D6
20459497,D6
20459498,D6
20459499,D6
20459502,D6
20459505,D6
20460449,D6
20463629,D6
20466862,D6
20469586,D6
20473718,D6
20476887,D6
20484648,D6
20485038,D6
20485861,D6
20486039,D6
20486380,D6
20489666,D6
20491835,D6
20492455,D6
20495867,D6
20498939,D6
20498944,D6
20504782,D6
20505570,D6
20509926,D6
20510391,D6
20511038,D6
20514255,D6
20516321,D6
20517092,D6
20521963,D6
20522212,D6
20522215,D6
20522216,D6
20523182,D6
20529176,D6
20533882,D6
20536688,D6
20536916,D6
20538996,D6
20540294,D6
20541011,D6
20541328,D6
20542368,D6
20543398,D6
20543399,D6
20545539,D6
20545546,D6
20545549,D6
20549186,D6
20549776,D6
20553125,D6
20553374,D6
20553571,D6
20559807,D6
20559808,D6
20561320,D6
20561467,D6
20562058,D6
20566055,D6
20566268,D6
20573533,D6
20576403,D6
20576452,D6
20577766,D6
20579037,D6
20579394,D6
20580287,D6
20581758,D6
20582709,D6
20585708,D6
20585711,D6
20585714,D6
20585717,D6
20585718,D6
20586703,D6
20589937,D6
20590494,D6
20590499,D6
20590681,D6
20591177,D6
20594059,D6
20595129,D6
20595573,D6
20602463,D6
20607657,D6
20610061,D6
20615654,D6
20615655,D6
20615666,D6
20618082,D6
20618720,D6
20619749,D6
20620786,D6
20620794,D6
20621764,D6
20623241,D6
20626000,D6
20626572,D6
20627494,D6
20628339,D6
20629081,D6
20630763,D6
20632786,D6
20632928,D6
20635044,D6
20636557,D6
20636558,D6
20637032,D6
20637324,D6
20639508,D6
20643128,D6
20648420,D6
20649150,D6
20649481,D6
20652421,D6
20652605,D6
20655762,D6
20661933,D6
20664377,D6
20665654,D6
20670582,D6
20672397,D6
20672957,D6
20673900,D6
20674121,D6
20676291,D6
20676486,D6
20681814,D6
20683387,D6
20690503,D6
20691440,D6
20691919,D6
20694847,D6
20694993,D6
20695079,D6
20695370,D6
20695372,D6
20703682,D6
20707751,D6
20709561,D6
20712417,D6
20714282,D6
20716198,D6
20720135,D6
20721552,D6
20723192,D6
20723193,D6
20723194,D6
20725752,D6
20727641,D6
20727643,D6
20728028,D6
20730712,D6
20734760,D6
20737951,D6
20740255,D6
20740257,D6
20740263,D6
20796020,D6
20797653,D6
20800781,D6
20802116,D6
20802995,D6
20804851,D6
20805760,D6
20805768,D6
20806390,D6
20806777,D6
20807150,D6
20808018,D6
20810030,D6
20813560,D6
20815732,D6
20818254,D6
20818999,D6
20819915,D6
20825594,D6
20828755,D6
20830446,D6
20830449,D6
20830453,D6
20830454,D6
20830456,D6
20830457,D6
20831755,D6
20832805,D6
20834000,D6
20835568,D6
20838370,D6
20838766,D6
20838768,D6
20840573,D6
20845498,D6
20848050,D6
20848051,D6
20848718,D6
20848940,D6
20848942,D6
20850115,D6
20850117,D6
20850739,D6
20855556,D6
20858910,D6
20860454,D6
20862402,D6
20869769,D6
20872579,D6
20872755,D6
20875983,D6
20878288,D6
20880138,D6
20880140,D6
20880141,D6
20882591,D6
20882597,D6
20885252,D6
20886322,D6
20886507,D6
20888142,D6
20890880,D6
20922797,D6
20934823,D6
20936284,D6
20937429,D6
20938386,D6
20938389,D6
20945541,D6
20947231,D6
20947709,D6
20948465,D6
20951299,D6
20952154,D6
20952222,D6
20954833,D6
20959769,D6
20963694,D6
20967431,D6
20970908,D6
20971370,D6
20971543,D6
20971970,D6
20973226,D6
20973747,D6
20973805,D6
20975621,D6
20975622,D6
21028989,D6
21029099,D6
21037531,D6
21037890,D6
21037897,D6
21039228,D6
21039984,D6
21042895,D6
21044163,D6
21044421,D6
21044856,D6
21046775,D6
21046801,D6
21050966,D6
21053877,D6
21055857,D6
21055959,D6
21056707,D6
21059761,D6
21067498,D6
21068710,D6
21070264,D6
21070265,D6
21070380,D6
21071030,D6
21073391,D6
21074768,D6
21075032,D6
21076013,D6
21076369,D6
21077916,D6
21077919,D6
21077921,D6
21084173,D6
21084174,D6
21084577,D6
21085811,D6
21085930,D6
21086003,D6
21087889,D6
21091539,D6
21095804,D6
21096028,D6
21099737,D6
21102207,D6
21102272,D6
21103649,D6
21103651,D6
21103655,D6
21103656,D6
21105836,D6
21106839,D6
21107696,D6
21117448,D6
21119436,D6
21120278,D6
21121918,D6
21123612,D6
21124263,D6
21127948,D6
21128865,D6
21129836,D6
21133952,D6
21133954,D6
21133955,D6
21134674,D6
21142982,D6
21144924,D6
21144936,D6
21145316,D6
21147005,D6
21150670,D6
21153539,D6
21156759,D6
21162954,D6
21162955,D6
21167389,D6
21173194,D6
21175688,D6
21175689,D6
21175694,D6
21175695,D6
21176098,D6
21176929,D6
21186641,D6
21195586,D6
21195644,D6
21196556,D6
21196558,D6
21197213,D6
21198906,D6
21200203,D6
21200204,D6
21206485,D6
21210315,D6
21211439,D6
21212310,D6
21216070,D6
21216415,D6
21216566,D6
21217429,D6
21220546,D6
21223312,D6
21223316,D6
21223319,D6
21225086,D6
21226354,D6
21227554,D6
21233300,D6
21234453,D6
21234999,D6
21235373,D6
21237684,D6
21239926,D6
21242823,D6
21243174,D6
21243178,D6
21244442,D6
21244444,D6
21244446,D6
21244982,D6
21248208,D6
21251430,D6
21252609,D6
21252610,D6
21254679,D6
21255485,D6
21255979,D6
21256668,D6
21256697,D6
21261104,D6
21262659,D6
21262720,D6
21263180,D6
21264481,D6
21266640,D6
21268110,D6
21270683,D6
21271201,D6
21274500,D6
21274501,D6
21275527,D6
21275832,D6
21276885,D6
21281192,D6
21281750,D6
21284031,D6
21284032,D6
21284586,D6
21285763,D6
21287244,D6
21288746,D6
21290114,D6
21290204,D6
21292371,D6
21294701,D6
21294733,D6
21296299,D6
21301293,D6
21301296,D6
21303440,D6
21305309,D6
21308661,D6
21308755,D6
21308757,D6
21310630,D6
21311080,D6
21316129,D6
21316135,D6
21318383,D6
21320011,D6
21321508,D6
21322118,D6
21322428,D6
21322430,D6
21325987,D6
21325992,D6
21326954,D6
21327288,D6
21327813,D6
21329773,D6
21329922,D6
21330165,D6
21331648,D6
21331816,D6
21334381,D6
21336178,D6
21337615,D6
21341128,D6
21343212,D6
21343692,D6
21343916,D6
21344499,D6
21349689,D6
21354467,D6
21354606,D6
21355746,D6
21358028,D6
21360452,D6
21361986,D6
21361988,D6
21361991,D6
21361995,D6
21365045,D6
21370664,D6
21372579,D6
21373717,D6
21374084,D6
21375807,D6
21377604,D6
21382907,D6
21384544,D6
21388860,D6
21392759,D6
21393374,D6
21395620,D6
21395622,D6
21399563,D6
21400658,D6
21403551,D6
21415637,D6
21415642,D6
21416204,D6
21417833,D6
21423054,D6
21424134,D6
21424598,D6
21425375,D6
21427690,D6
21430565,D6
21435006,D6
21437963,D6
21438611,D6
21439877,D6
21442188,D6
21443591,D6
21444011,D6
21445477,D6
21445990,D6
21445997,D6
21447532,D6
21451893,D6
21451972,D6
21453179,D6
21457859,D6
21458232,D6
21469635,D6
21470631,D6
21470726,D6
21471367,D6
21471660,D6
21474224,D6
21483886,D6
21485185,D6
21487787,D6
21488959,D6
21488973,D6
21491583,D6
21492202,D6
21492203,D6
21492204,D6
21493576,D6
21496062,D6
21496069,D6
21496099,D6
21498177,D6
21498234,D6
21500579,D6
21503957,D6
21504310,D6
21504476,D6
21508280,D6
21511775,D6
21514829,D6
21515224,D6
21518009,D6
21520259,D6
21521239,D6
21521241,D6
21521244,D6
21527476,D6
21528390,D6
21529215,D6
21529239,D6
21530048,D6
21531604,D6
21532415,D6
21532832,D6
21533527,D6
21537518,D6
21539577,D6
21539578,D6
21539580,D6
21542004,D6
21544593,D6
21545463,D6
21548072,D6
21548143,D6
21549468,D6
21549483,D6
21550207,D6
21550424,D6
21553043,D6
21553166,D6
21554531,D6
21556698,D6
21561484,D6
21566337,D6
21566397,D6
21566862,D6
21567362,D6
21568719,D6
21568773,D6
21572278,D6
21572279,D6
21575676,D6
21584820,D6
21586773,D6
21586779,D6
21590486,D6
21594572,D6
21596461,D6
21597645,D6
21601342,D6
21603741,D6
21604535,D6
21605791,D6
21606303,D6
21610299,D6
21610392,D6
21610415,D6
21613814,D6
21615431,D6
21615432,D6
21615939,D6
21618598,D6
21620444,D6
21624675,D6
21624677,D6
21625052,D6
21625952,D6
21627514,D6
21628638,D6
21629102,D6
21629226,D6
21629427,D6
21629674,D6
21637126,D6
21649712,D6
21655895,D6
21656187,D6
21658484,D6
21658758,D6
21666507,D6
21667178,D6
21668505,D6
21670853,D6
21671261,D6
21671808,D6
21671814,D6
21672349,D6
21673333,D6
21674547,D6
21676589,D6
21678092,D6
21683630,D6
21684655,D6
21685697,D6
21689153,D6
21692004,D6
21692857,D6
21699476,D6
21699550,D6
21699551,D6
21699962,D6
21726677,D6
21726857,D6
21726973,D6
21727014,D6
21735775,D6
21735776,D6
21735785,D6
21736595,D6
21736758,D6
21738066,D6
21738070,D6
21738092,D6
21741143,D6
21743401,D6
21751422,D6
21755776,D6
21756179,D6
21761226,D6
21762065,D6
21762501,D6
21764198,D6
21765129,D6
21766167,D6
21768643,D6
21770974,D6
21770976,D6
21770985,D6
21771615,D6
21773815,D6
21774209,D6
21775217,D6
21775959,D6
21778845,D6
21779794,D6
21779795,D6
21788832,D6
21789579,D6
21791639,D6
21792470,D6
21792471,D6
21792474,D6
21792476,D6
21794900,D6
21796676,D6
21801070,D6
21802252,D6
21802915,D6
21803835,D6
21805359,D6
21806476,D6
21806686,D6
21811151,D6
21811167,D6
21815992,D6
21817989,D6
21818959,D6
21819268,D6
21819435,D6
21819712,D6
21820926,D6
21820927,D6
21821345,D6
21822527,D6
21829525,D6
21831488,D6
21831663,D6
21831996,D6
21833653,D6
21837686,D6
21841529,D6
21848532,D6
21848944,D6
21849737,D6
21852506,D6
21855392,D6
21857394,D6
21857399,D6
21857402,D6
21858726,D6
21860970,D6
21861033,D6
21862278,D6
21863305,D6
21863314,D6
21863396,D6
21863397,D6
21867391,D6
21872762,D6
21872925,D6
21877449,D6
21883358,D6
21884810,D6
21889205,D6
21889311,D6
21889696,D6
21892524,D6
21892626,D6
21893015,D6
21895754,D6
21897345,D6
21898580,D6
21899576,D6
21899577,D6
21900514,D6
21901322,D6
21904932,D6
21905882,D6
21905900,D6
21906058,D6
21906059,D6
21906062,D6
21908154,D6
21908968,D6
21911539,D6
21912315,D6
21913218,D6
21916764,D6
21917459,D6
21919046,D6
21922535,D6
21923030,D6
21926881,D6
21927873,D6
21928693,D6
21931935,D6
21935616,D6
21938307,D6
21938308,D6
21938311,D6
21938312,D6
21940523,D6
21945486,D6
21953379,D6
21954706,D6
21956542,D6
21958221,D6
21959452,D6
21961302,D6
21962805,D6
21967705,D6
21967933,D6
21967956,D6
21968541,D6
21968608,D6
21974899,D6
21975493,D6
21975524,D6
21975592,D6
21976105,D6
21976135,D6
21976157,D6
21978472,D6
21978717,D6
21980877,D6
21985285,D6
21985287,D6
21986659,D6
22000958,D6
22009518,D6
22009831,D6
22009907,D6
22010074,D6
22010087,D6
22016526,D6
22019326,D6
22021212,D6
22021218,D6
22022897,D6
22024900,D6
22026743,D6
22027756,D6
22027813,D6
22028015,D6
22028048,D6
22028112,D6
22030817,D6
22033002,D6
22037970,D6
22038821,D6
22044477,D6
22046741,D6
22051499,D6
22052846,D6
22056295,D6
22056834,D6
22058371,D6
22060050,D6
22066561,D6
22078939,D6
22079566,D6
22081300,D6
22082439,D6
22088579,D6
22089032,D6
22091562,D6
22091736,D6
22091951,D6
22092096,D6
22092156,D6
22092182,D6
22092198,D6
22092302,D6
22092359,D6
22092391,D6
22092442,D6
22092453,D6
22092957,D6
22093025,D6
22093241,D6
22098022,D6
22098896,D6
22098908,D6
22098938,D6
22099315,D6
22101662,D6
22103760,D6
22103996,D6
22105153,D6
22105206,D6
22105234,D6
22105313,D6
22105354,D6
22106473,D6
22113114,D6
22113953,D6
22117792,D6
22118919,D6
22122126,D6
22122350,D6
22125428,D6
22125845,D6
22126695,D6
22126697,D6
22126698,D6
22126699,D6
22126781,D6
22127384,D6
22128830,D6
22129959,D6
22129960,D6
22131583,D6
22134271,D6
22134658,D6
22134659,D6
22134661,D6
22134666,D6
22134696,D6
22138803,D6
22140672,D6
22143317,D6
22143425,D6
22143558,D6
22144136,D6
22146203,D6
22146277,D6
22146279,D6
22150566,D6
22152135,D6
22152547,D6
22154574,D6
22159444,D6
22159854,D6
22160098,D6
22161915,D6
22161929,D6
22165130,D6
22166929,D6
22167165,D6
22167423,D6
22167428,D6
22168758,D6
22169762,D6
22171758,D6
22173391,D6
22175423,D6
22175430,D6
22176648,D6
22176822,D6
22177358,D6
22177673,D6
22178159,D6
22178275,D6
22179930,D6
22182660,D6
22186925,D6
22186942,D6
22187845,D6
22188100,D6
22188136,D6
22188217,D6
22188240,D6
22188335,D6
22188365,D6
22192646,D6
22193109,D6
22194127,D6
22201303,D6
22203050,D6
22203476,D6
22204047,D6
22209447,D6
22216722,D6
22218849,D6
22220773,D6
22221607,D6
22223716,D6
22224348,D6
22239681,D6
22240366,D6
22241304,D6
22241665,D6
22244068,D6
22247325,D6
22248387,D6
22249488,D6
22249523,D6
22251085,D6
22259992,D6
22260914,D6
22261137,D6
22261138,D6
22265787,D6
22267171,D6
22267177,D6
22271007,D6
22274770,D6
22274876,D6
22275066,D6
22276816,D6
22277762,D6
22281479,D6
22284334,D6
22284410,D6
22285012,D6
22286859,D6
22286897,D6
22286965,D6
22287647,D6
22289899,D6
22290154,D6
22294380,D6
22295701,D6
22303754,D6
22305326,D6
22307075,D6
22311070,D6
22312121,D6
22313247,D6
22314091,D6
22322500,D6
22323056,D6
22323687,D6
22324804,D6
22331824,D6
22332583,D6
22332584,D6
22334171,D6
22335192,D6
22336197,D6
22337436,D6
22339117,D6
22340683,D6
22356868,D6
22364336,D6
22364907,D6
22365977,D6
22369526,D6
22369527,D6
22370620,D6
22374066,D6
22375920,D6
22376212,D6
22377507,D6
22378051,D6
22378370,D6
22379194,D6
22379199,D6
22379207,D6
22380672,D6
22380673,D6
22380868,D6
22380922,D6
22380992,D6
22380994,D6
22386107,D6
22390838,D6
22391208,D6
22391215,D6
22391442,D6
22391745,D6
22400715,D6
22402851,D6
22407962,D6
22408780,D6
22415207,D6
22426745,D6
22426933,D6
22427618,D6
22427998,D6
22430895,D6
22433505,D6
22436574,D6
22437296,D6
22437658,D6
22437660,D6
22439980,D6
22440012,D6
22440978,D6
22442775,D6
22442777,D6
22442779,D6
22443362,D6
22445991,D6
22450956,D6
22451010,D6
22451088,D6
22451229,D6
22452368,D6
22453081,D6
22456357,D6
22458179,D6
22458628,D6
22460257,D6
22461015,D6
22461016,D6
22463108,D6
22464864,D6
22465820,D6
22465982,D6
22467074,D6
22467520,D6
22467966,D6
22469169,D6
22470527,D6
22471739,D6
22471749,D6
22472698,D6
22473062,D6
22474051,D6
22475784,D6
22476427,D6
22476693,D6
22477653,D6
22482761,D6
22482769,D6
22484390,D6
22486422,D6
22489796,D6
22490251,D6
22490294,D6
22490786,D6
22491438,D6
22491623,D6
22491821,D6
22492016,D6
22492018,D6
22492019,D6
22495762,D6
22496127,D6
22499460,D6
22502584,D6
22503081,D6
22505207,D6
22506811,D6
22509274,D6
22509754,D6
22510696,D6
22513050,D6
22513302,D6
22513886,D6
22515038,D6
22516203,D6
22516839,D6
22520254,D6
22520567,D6
22521160,D6
22522283,D6
22524331,D6
22526972,D6
22528382,D6
22528802,D6
22528937,D6
22530556,D6
22530746,D6
22531471,D6
22531895,D6
22532301,D6
22533393,D6
22533407,D6
22534675,D6
22535480,D6
22543854,D6
22544110,D6
22548436,D6
22548528,D6
22550122,D6
22551079,D6
22552219,D6
22559112,D6
22560849,D6
22561494,D6
22568319,D6
22572868,D6
22575460,D6
22576723,D6
22580096,D6
22580851,D6
22580918,D6
22580960,D6
22581024,D6
22584419,D6
22588408,D6
22607593,D6
22608288,D6
22609993,D6
22610532,D6
22611216,D6
22611873,D6
22612729,D6
22612842,D6
22613018,D6
22614270,D6
22616803,D6
22617817,D6
22618762,D6
22619092,D6
22623117,D6
22623380,D6
22626251,D6
22632284,D6
22632456,D6
22632929,D6
22633468,D6
22642379,D6
22642451,D6
22642497,D6
22643804,D6
22644703,D6
22648590,D6
22648931,D6
22654146,D6
22655590,D6
22656041,D6
22657932,D6
22658249,D6
22660797,D6
22664027,D6
22667683,D6
22668432,D6
22669177,D6
22674909,D6
22676928,D6
22676983,D6
22676985,D6
22677691,D6
22677734,D6
22683374,D6
22691458,D6
22692789,D6
22694477,D6
22695636,D6
22695682,D6
22695729,D6
22695799,D6
22696232,D6
22699067,D6
22702435,D6
22707746,D6
22708318,D6
22712686,D6
22714687,D6
22722667,D6
22727105,D6
22731872,D6
22731945,D6
22749358,D6
22759207,D6
22759235,D6
22766386,D6
22766953,D6
22770416,D6
22775137,D6
22775764,D6
22777077,D6
22779421,D6
22783835,D6
22784332,D6
22784394,D6
22785366,D6
22786700,D6
22788744,D6
22795567,D6
22800536,D6
22800604,D6
22801282,D6
22801456,D6
22805679,D6
22806260,D6
22806907,D6
22807114,D6
22809278,D6
22812471,D6
22816104,D6
22820281,D6
22820740,D6
22822724,D6
22823009,D6
22823108,D6
22823737,D6
22825767,D6
22827452,D6
22828648,D6
22828804,D6
22828876,D6
22829063,D6
22829177,D6
22833288,D6
22836138,D6
22842955,D6
22843826,D6
22846673,D6
22846714,D6
22847873,D6
22850224,D6
22851433,D6
22851787,D6
22854994,D6
22858432,D6
22863146,D6
22864225,D6
22871686,D6
22878481,D6
22880208,D6
22880710,D6
22882602,D6
22882607,D6
22882608,D6
22883436,D6
22885709,D6
22885836,D6
22888583,D6
22890790,D6
22895715,D6
22897385,D6
22897653,D6
22898914,D6
22899186,D6
22899852,D6
22901526,D6
22903591,D6
22905701,D6
22907114,D6
22909337,D6
22913748,D6
22914942,D6
22915116,D6
22915633,D6
22917743,D6
22918616,D6
22922896,D6
22924970,D6
22928429,D6
22930192,D6
22932026,D6
22933425,D6
22938500,D6
22939088,D6
22940385,D6
22941779,D6
22943214,D6
22945745,D6
22946413,D6
22946420,D6
22947157,D6
22948634,D6
22955406,D6
22957935,D6
22958832,D6
22959744,D6
22961426,D6
22963016,D6
22963748,D6
22964686,D6
22968200,D6
22968602,D6
22968603,D6
22971979,D6
22972528,D6
22972852,D6
22976431,D6
22976644,D6
22976645,D6
22976650,D6
22978618,D6
22981193,D6
22984131,D6
22984926,D6
22985083,D6
22989307,D6
22990122,D6
22990385,D6
22991274,D6
23000053,D6
23001194,D6
23009204,D6
23011324,D6
23013368,D6
23015343,D6
23020776,D6
23024386,D6
23024397,D6
23025201,D6
23026154,D6
23027468,D6
23028255,D6
23032203,D6
23033465,D6
23039036,D6
23040297,D6
23040298,D6
23040300,D6
23040301,D6
23040302,D6
23040303,D6
23040304,D6
23040305,D6
23040306,D6
23040307,D6
23040308,D6
23040309,D6
23040310,D6
23040311,D6
23041115,D6
23053753,D6
23057014,D6
23057052,D6
23057142,D6
23058228,D6
23062671,D6
23063054,D6
23063386,D6
23063388,D6
23063390,D6
23063391,D6
23063392,D6
23063393,D6
23064974,D6
23064983,D6
23065481,D6
23069096,D6
23069375,D6
23069855,D6
23070742,D6
23075439,D6
23075803,D6
23076655,D6
23077959,D6
23078559,D6
23078569,D6
23078821,D6
23078824,D6
23079719,D6
23082546,D6
23084459,D6
23089400,D6
23096128,D6
23096950,D6
23097319,D6
23106452,D6
23110415,D6
23110425,D6
23110434,D6
23111413,D6
23111812,D6
23111839,D6
23114263,D6
23115061,D6
23116585,D6
23117869,D6
23124266,D6
23124984,D6
23132501,D6
23134297,D6
23138239,D6
23140766,D6
23141203,D6
23141729,D6
23141995,D6
23149677,D6
23152080,D6
23153012,D6
23153073,D6
23154486,D6
23154786,D6
23154812,D6
23156981,D6
23158710,D6
23160848,D6
23160911,D6
23163286,D6
23164332,D6
23165646,D6
23165791,D6
23165861,D6
23167723,D6
23171957,D6
23171990,D6
23172433,D6
23172491,D6
23173312,D6
23173847,D6
23174707,D6
23176434,D6
23179118,D6
23181825,D6
23182349,D6
23182750,D6
23184427,D6
23185494,D6
23185640,D6
23189284,D6
23189288,D6
23189297,D6
23192490,D6
23192572,D6
23193710,D6
23198912,D6
23198918,D6
23198937,D6
23200845,D6
23200846,D6
23202970,D6
23203844,D6
23204592,D6
23207064,D6
23207750,D6
23207801,D6
23207843,D6
23208295,D6
23208901,D6
23208908,D6
23209677,D6
23213062,D6
23215672,D6
23215780,D6
23215795,D6
23215964,D6
23216037,D6
23216100,D6
23219713,D6
23220162,D6
23222648,D6
23223945,D6
23223946,D6
23226018,D6
23229157,D6
23231071,D6
23236180,D6
23238225,D6
23238257,D6
23238334,D6
23241097,D6
23242236,D6
23242379,D6
23249775,D6
23253038,D6
23253039,D6
23255439,D6
23257485,D6
23260085,D6
23260231,D6
23263298,D6
23265865,D6
23265985,D6
23268825,D6
23270724,D6
23272364,D6
23274345,D6
23277645,D6
23278408,D6
23278908,D6
23280988,D6
23281016,D6
23282102,D6
23286467,D6
23293283,D6
23294848,D6
23295034,D6
23296032,D6
23296033,D6
23298783,D6
23299851,D6
23299852,D6
23307193,D6
23307438,D6
23314862,D6
23317355,D6
23318613,D6
23318937,D6
23324281,D6
23324931,D6
23325540,D6
23327178,D6
23332471,D6
23335324,D6
23338116,D6
23340838,D6
23344367,D6
23347297,D6
23348076,D6
23348291,D6
23349966,D6
23350700,D6
23351480,D6
23351770,D6
23358010,D6
23359483,D6
23359561,D6
23362152,D6
23369015,D6
23369496,D6
23369657,D6
23373545,D6
23373856,D6
23374732,D6
23375664,D6
23377049,D6
23381179,D6
23383624,D6
23387451,D6
23389559,D6
23390754,D6
23390755,D6
23395296,D6
23397126,D6
23398900,D6
23404085,D6
23404514,D6
23404559,D6
23407637,D6
23409431,D6
23409438,D6
23409846,D6
23412202,D6
23412219,D6
23412283,D6
23412415,D6
23412444,D6
23413130,D6
23413842,D6
23414521,D6
23414969,D6
23416847,D6
23416966,D6
23419084,D6
23422080,D6
23422365,D6
23425016,D6
23426768,D6
23428599,D6
23428602,D6
23432205,D6
23432412,D6
23432511,D6
23433215,D6
23434270,D6
23438064,D6
23441739,D6
23442146,D6
23442259,D6
23442602,D6
23445267,D6
23446610,D6
23447499,D6
23448371,D6
23452156,D6
23454505,D6
23455331,D6
23456017,D6
23456190,D6
23457615,D6
23458354,D6
23460250,D6
23463287,D6
23463289,D6
23464886,D6
23465196,D6
23467035,D6
23469548,D6
23470815,D6
23471732,D6
23472861,D6
23474158,D6
23475943,D6
23478087,D6
23479055,D6
23479343,D6
23481315,D6
23484168,D6
23485483,D6
23489697,D6
23494141,D6
23494761,D6
23499159,D6
23503670,D6
23503861,D6
23503934,D6
23505351,D6
23505733,D6
23507085,D6
23507324,D6
23510012,D6
23512742,D6
23516485,D6
23519882,D6
23520783,D6
23521120,D6
23522348,D6
23522461,D6
23522867,D6
23523501,D6
23524737,D6
23524770,D6
23524827,D6
23528562,D6
23531980,D6
23535114,D6
23535749,D6
23535751,D6
23539173,D6
23542071,D6
23542888,D6
23543929,D6
23550623,D6
23552720,D6
23553542,D6
23557098,D6
23558019,D6
23558249,D6
23560883,D6
23560936,D6
23564076,D6
23565586,D6
23566297,D6
23568235,D6
23576922,D6
23576923,D6
23578297,D6
23582429,D6
23583464,D6
23584990,D6
23588617,D6
23589164,D6
23594680,D6
23594809,D6
23595964,D6
23598047,D6
23600782,D6
23601834,D6
23602673,D6
23604845,D6
23605221,D6
23606443,D6
23608892,D6
23611415,D6
23611900,D6
23612609,D6
23612687,D6
23614688,D6
23614983,D6
23614984,D6
23617358,D6
23621809,D6
23622945,D6
23627790,D6
23629083,D6
23629110,D6
23630676,D6
23631877,D6
23633713,D6
23634676,D6
23636191,D6
23636558,D6
23639451,D6
23644293,D6
23645228,D6
23649614,D6
23650737,D6
23653133,D6
23661384,D6
23662340,D6
23663234,D6
23664240,D6
23664781,D6
23672141,D6
23672910,D6
23680875,D6
23684239,D6
23686083,D6
23688100,D6
23689912,D6
23690259,D6
23690486,D6
23695650,D6
23696375,D6
23699716,D6
23706244,D6
23708890,D6
23708981,D6
23714272,D6
23714884,D6
23714938,D6
23714940,D6
23715953,D6
23718897,D6
23721113,D6
23723285,D6
23725556,D6
23728104,D6
23729312,D6
23732180,D6
23742017,D6
23742072,D6
23746868,D6
23747231,D6
23748297,D6
23748617,D6
23748619,D6
23756875,D6
23756969,D6
23757826,D6
23759125,D6
23760480,D6
23763591,D6
23767066,D6
23770453,D6
23771087,D6
23772492,D6
23775453,D6
23783208,D6
23783430,D6
23783533,D6
23784004,D6
23787423,D6
23789644,D6
23790337,D6
23793460,D6
23793478,D6
23793779,D6
23796078,D6
23800317,D6
23800744,D6
23800842,D6
23800871,D6
23804950,D6
23806959,D6
23808583,D6
23809979,D6
23810455,D6
23810515,D6
23810744,D6
23812147,D6
23814244,D6
23814471,D6
23815514,D6
23815837,D6
23816187,D6
23819858,D6
23821387,D6
23822079,D6
23827476,D6
23829685,D6
23834351,D6
23837929,D6
23839241,D6
23841083,D6
23841294,D6
23842952,D6
23845325,D6
23845402,D6
23851743,D6
23857280,D6
23857570,D6
23857578,D6
23857883,D6
23859702,D6
23864176,D6
23865882,D6
23866952,D6
23867254,D6
23868185,D6
23871317,D6
23873227,D6
23873230,D6
23873232,D6
23873586,D6
23876155,D6
23877997,D6
23879664,D6
23884158,D6
23889810,D6
23891084,D6
23893362,D6
23896432,D6
23896836,D6
23897751,D6
23899021,D6
23899023,D6
23904640,D6
23906275,D6
23910202,D6
23911120,D6
23913175,D6
23913847,D6
23915466,D6
23919887,D6
23921832,D6
23923071,D6
23923917,D6
23927083,D6
23932424,D6
23932545,D6
23934632,D6
23938360,D6
23942049,D6
23946164,D6
23948358,D6
23949374,D6
23950108,D6
23952562,D6
23952677,D6
23955020,D6
23955193,D6
23957784,D6
23957941,D6
23965910,D6
23966143,D6
23967344,D6
23969909,D6
23971712,D6
23971847,D6
23977887,D6
23977888,D6
23982408,D6
23985093,D6
23985985,D6
23989855,D6
23992783,D6
23992825,D6
23992905,D6
23993036,D6
23994848,D6
23996754,D6
23997143,D6
23997179,D6
23997261,D6
23999230,D6
23999948,D6
24001403,D6
24003609,D6
24006721,D6
24008374,D6
24008559,D6
24008595,D6
24011556,D6
24012772,D6
24013446,D6
24015890,D6
24020187,D6
24020234,D6
24021248,D6
24027457,D6
24027458,D6
24029578,D6
24029950,D6
24029951,D6
24032426,D6
24033354,D6
24033669,D6
24033689,D6
24033720,D6
24033745,D6
24033770,D6
24033788,D6
24035733,D6
24036726,D6
24038399,D6
24040314,D6
24043224,D6
24043226,D6
24043338,D6
24044288,D6
24045909,D6
24048888,D6
24053147,D6
24055149,D6
24061713,D6
24063172,D6
24066315,D6
24066330,D6
24068412,D6
24069411,D6
24071040,D6
24071693,D6
24075477,D6
24075606,D6
24075607,D6
24076073,D6
24076701,D6
24079554,D6
24080230,D6
24080761,D6
24081455,D6
24081486,D6
24082161,D6
24086626,D6
24086768,D6
24089140,D6
24091232,D6
24094170,D6
24094194,D6
24094688,D6
24095021,D6
24097853,D6
24099033,D6
24101307,D6
24102886,D6
24104230,D6
24108296,D6
24109645,D6
24111796,D6
24111844,D6
24112524,D6
24112599,D6
24113296,D6
24114752,D6
24115366,D6
24117528,D6
24117979,D6
24119389,D6
24121752,D6
24122434,D6
24122773,D6
24130216,D6
24131003,D6
24131143,D6
24132360,D6
24136665,D6
24139522,D6
24141339,D6
24141841,D6
24145692,D6
24146021,D6
24146085,D6
24146104,D6
24147953,D6
24151432,D6
24151941,D6
24161386,D6
24161707,D6
24164947,D6
24166021,D6
24171354,D6
24171500,D6
24175893,D6
24179242,D6
24185110,D6
24185463,D6
24199634,D6
24202237,D6
24207109,D6
24214848,D6
24216494,D6
24216497,D6
24217708,D6
24220371,D6
24220373,D6
24226647,D6
24226764,D6
24236530,D6
24237185,D6
24238866,D6
24241973,D6
24248270,D6
24254452,D6
24256297,D6
24258685,D6
24259375,D6
24266076,D6
24268394,D6
24269175,D6
24275773,D6
24278913,D6
24278918,D6
24278940,D6
24278950,D6
24281655,D6
24281985,D6
24283568,D6
24285274,D6
24296989,D6
24299546,D6
24307164,D6
24313461,D6
24313676,D6
24316159,D6
24316683,D6
24316859,D6
24317222,D6
24317557,D6
24317796,D6
24319059,D6
24320103,D6
24321231,D6
24321425,D6
24326594,D6
24331564,D6
24331570,D6
24332594,D6
24332893,D6
24338640,D6
24341781,D6
24342800,D6
24345552,D6
24351005,D6
24351822,D6
24352772,D6
24352778,D6
24355198,D6
24364952,D6
24364959,D6
24366378,D6
24366845,D6
24372159,D6
24372398,D6
24372993,D6
24374200,D6
24374670,D6
24375544,D6
24379006,D6
24384743,D6
24385037,D6
24388419,D6
24392636,D6
24393054,D6
24393075,D6
24393096,D6
24393521,D6
24393592,D6
24395013,D6
24395434,D6
24398034,D6
24400679,D6
24400840,D6
24404859,D6
24404998,D6
24405628,D6
24405736,D6
24406569,D6
24406592,D6
24410723,D6
24410754,D6
24410869,D6
24410998,D6
24417437,D6
24418019,D6
24430431,D6
24430723,D6
24433318,D6
24438513,D6
24438940,D6
24440514,D6
24441572,D6
24441589,D6
24442383,D6
24443757,D6
24443758,D6
24445918,D6
24448537,D6
24449003,D6
24450058,D6
24451112,D6
24451853,D6
24451890,D6
24452949,D6
24461197,D6
24467933,D6
24469915,D6
24473390,D6
24479459,D6
24479885,D6
24480444,D6
24480503,D6
24480720,D6
24482159,D6
24482164,D6
24482165,D6
24482166,D6
24484218,D6
24485111,D6
24485978,D6
24486470,D6
24486479,D6
24491234,D6
24493154,D6
24493210,D6
24495743,D6
24496505,D6
24500915,D6
24502165,D6
24502654,D6
24503388,D6
24507686,D6
24508711,D6
24509223,D6
24512340,D6
24512370,D6
24512440,D6
24512451,D6
24512474,D6
24512696,D6
24513785,D6
24518942,D6
24518946,D6
24521286,D6
24522890,D6
24522981,D6
24524198,D6
24525989,D6
24527494,D6
24527495,D6
24527784,D6
24528562,D6
24530076,D6
24534220,D6
24534657,D6
24534659,D6
24534661,D6
24534662,D6
24534663,D6
24534666,D6
24534667,D6
24535048,D6
24547966,D6
24549775,D6
24550166,D6
24552907,D6
24552908,D6
24552909,D6
24557934,D6
24558108,D6
24564309,D6
24564750,D6
24568966,D6
24569860,D6
24569922,D6
24571342,D6
24572857,D6
24573237,D6
24576438,D6
24576958,D6
24580861,D6
24581259,D6
24582290,D6
24583547,D6
24587506,D6
24587508,D6
24590323,D6
24590340,D6
24590994,D6
24594992,D6
24602054,D6
24602080,D6
24602810,D6
24604838,D6
24605194,D6
24605645,D6
24606045,D6
24612079,D6
24613584,D6
24616333,D6
24617418,D6
24617450,D6
24617599,D6
24617749,D6
24617866,D6
24623185,D6
24629171,D6
24630213,D6
24634903,D6
24635119,D6
24635855,D6
24636669,D6
24643106,D6
24649987,D6
24650384,D6
24650950,D6
24656407,D6
24656913,D6
24657115,D6
24659730,D6
24664413,D6
24671205,D6
24673140,D6
24673540,D6
24673898,D6
24673932,D6
24673967,D6
24675830,D6
24676881,D6
24678866,D6
24679197,D6
24680213,D6
24680214,D6
24683566,D6
24683575,D6
24683581,D6
24684030,D6
24686383,D6
24689903,D6
24689938,D6
24697772,D6
24700411,D6
24702507,D6
24702543,D6
24703287,D6
24708556,D6
24709942,D6
24711135,D6
24711359,D6
24712345,D6
24712858,D6
24714881,D6
24719145,D6
24719295,D6
24720361,D6
24720385,D6
24721169,D6
24724618,D6
24725985,D6
24728277,D6
24728771,D6
24732834,D6
24732851,D6
24732938,D6
24735431,D6
24735748,D6
24737182,D6
24739115,D6
24740279,D6
24743032,D6
24743627,D6
24747630,D6
24749522,D6
24751534,D6
24753455,D6
24754195,D6
24756537,D6
24762021,D6
24762857,D6
24768749,D6
24770863,D6
24773267,D6
24777015,D6
24780351,D6
24782158,D6
24784998,D6
24786318,D6
24790230,D6
24792073,D6
24792077,D6
24794761,D6
24797106,D6
24801573,D6
24806014,D6
24817017,D6
24819372,D6
24819806,D6
24820707,D6
24825441,D6
24830660,D6
24831774,D6
24831850,D6
24833083,D6
24835853,D6
24837052,D6
24837054,D6
24837529,D6
24837650,D6
24838477,D6
24839036,D6
24839039,D6
24839636,D6
24840192,D6
24840732,D6
24844011,D6
24844023,D6
24844132,D6
24844188,D6
24848176,D6
24848992,D6
24850771,D6
24853168,D6
24853959,D6
24854321,D6
24857493,D6
24859895,D6
24859898,D6
24861524,D6
24864072,D6
24866511,D6
24880844,D6
24882739,D6
24884635,D6
24886543,D6
24886622,D6
24886656,D6
24888978,D6
24889104,D6
24892866,D6
24899050,D6
24900898,D6
24901925,D6
24901927,D6
24902779,D6
24902869,D6
24905927,D6
24906811,D6
24907007,D6
24908355,D6
24909236,D6
24909723,D6
24909882,D6
24911365,D6
24914755,D6
24915787,D6
24915950,D6
24919776,D6
24919882,D6
24921198,D6
24928370,D6
24934306,D6
24934595,D6
24935415,D6
24935662,D6
24943898,D6
24950251,D6
24951627,D6
24959728,D6
24961153,D6
24961798,D6
24961891,D6
24962052,D6
24962124,D6
24962201,D6
24962265,D6
24962969,D6
24965895,D6
24966304,D6
24969548,D6
24972741,D6
24974007,D6
24974999,D6
24979407,D6
24982858,D6
24984131,D6
24985960,D6
24987071,D6
24990981,D6
24991809,D6
24991874,D6
24992274,D6
24992621,D6
24996866,D6
24999089,D6
24999181,D6
25000699,D6
25001117,D6
25001891,D6
25006886,D6
25008032,D6
25010099,D6
25011908,D6
25019162,D6
25023060,D6
25027676,D6
25028440,D6
25029308,D6
25030100,D6
25030880,D6
25031207,D6
25033347,D6
25039481,D6
25040139,D6
25040939,D6
25044811,D6
25045680,D6
25046637,D6
25048502,D6
25050674,D6
25050773,D6
25051675,D6
25052290,D6
25052732,D6
25054426,D6
25055644,D6
25056675,D6
25058605,D6
25061703,D6
25065552,D6
25065687,D6
25066403,D6
25066582,D6
25066626,D6
25069690,D6
25070219,D6
25070492,D6
25073482,D6
25073635,D6
25074167,D6
25074653,D6
25077790,D6
25079048,D6
25080898,D6
25084014,D6
25086402,D6
25087685,D6
25088449,D6
25088613,D6
25089669,D6
25091894,D6
25097926,D6
25098844,D6
25099263,D6
25099484,D6
25102506,D6
25103191,D6
25106004,D6
25108339,D6
25109636,D6
25109907,D6
25110206,D6
25110274,D6
25111138,D6
25113269,D6
25116718,D6
25117308,D6
25119411,D6
25123129,D6
25123675,D6
25127722,D6
25131952,D6
25132164,D6
25132168,D6
25132257,D6
25132492,D6
25138672,D6
25140591,D6
25148643,D6
25150164,D6
25150407,D6
25151584,D6
25153673,D6
25156456,D6
25157882,D6
25158718,D6
25160943,D6
25162474,D6
25162918,D6
25163961,D6
25167994,D6
25173587,D6
25173908,D6
25173909,D6
25174319,D6
25175238,D6
25175661,D6
25178333,D6
25180341,D6
25183677,D6
25184836,D6
25187590,D6
25190272,D6
25192848,D6
25196889,D6
25200318,D6
25203585,D6
25204454,D6
25209367,D6
25211643,D6
25212950,D6
25213030,D6
25213032,D6
25219296,D6
25225160,D6
25226916,D6
25227180,D6
25227614,D6
25229791,D6
25231092,D6
25231907,D6
25234527,D6
25238431,D6
25238972,D6
25239930,D6
25239932,D6
25243596,D6
25243728,D6
25244424,D6
25246277,D6
25247172,D6
25250490,D6
25255787,D6
25255826,D6
25257136,D6
25258009,D6
25263617,D6
25264179,D6
25264790,D6
25266229,D6
25266593,D6
25266942,D6
25268612,D6
25269392,D6
25269715,D6
25270017,D6
25270166,D6
25274785,D6
25275969,D6
25276787,D6
25277806,D6
25281647,D6
25283885,D6
25285719,D6
25288509,D6
25289655,D6
25294002,D6
25295885,D6
25297567,D6
25301165,D6
25303046,D6
25304138,D6
25304648,D6
25311491,D6
25317993,D6
25318096,D6
25320387,D6
25322493,D6
25322494,D6
25322947,D6
25323801,D6
25326761,D6
25327754,D6
25327815,D6
25327869,D6
25327936,D6
25329851,D6
25330358,D6
25330416,D6
25331672,D6
25340697,D6
25343473,D6
25345445,D6
25345811,D6
25347056,D6
25350085,D6
25350129,D6
25351363,D6
25353202,D6
25354488,D6
25356706,D6
25356707,D6
25365970,D6
25366739,D6
25367445,D6
25369986,D6
25370371,D6
25372769,D6
25376795,D6
25379523,D6
25379733,D6
25380483,D6
25382763,D6
25384050,D6
25385218,D6
25391980,D6
25392547,D6
25394407,D6
25396223,D6
25396225,D6
25396226,D6
25396261,D6
25397361,D6
25397807,D6
25397990,D6
25402178,D6
25403226,D6
25403314,D6
25405936,D6
25408483,D6
25411745,D6
25412272,D6
25412879,D6
25413461,D6
25414080,D6
25414116,D6
25415218,D6
25415220,D6
25415276,D6
25417209,D6
25421549,D6
25422073,D6
25428052,D6
25429763,D6
25430622,D6
25432684,D6
25438097,D6
25443884,D6
25445453,D6
25448199,D6
25448927,D6
25450659,D6
25452015,D6
25452218,D6
25457741,D6
25457784,D6
25458067,D6
25463401,D6
25463499,D6
25463976,D6
25470524,D6
25487300,D6
25487317,D6
25487512,D6
25488415,D6
25491275,D6
25491804,D6
25494314,D6
25497864,D6
25500858,D6
25517771,D6
25522168,D6
25522489,D6
25526584,D6
25529045,D6
25532060,D6
25534041,D6
25536095,D6
25542644,D6
25543591,D6
25546062,D6
25549633,D6
25560955,D6
25563014,D6
25563016,D6
25563525,D6
25566554,D6
25569402,D6
25577344,D6
25581549,D6
25581686,D6
25582035,D6
25585978,D6
25591022,D6
25597271,D6
25598280,D6
25599311,D6
25599659,D6
25603990,D6
25606798,D6
25607240,D6
25608249,D6
25609210,D6
25615926,D6
25621556,D6
25627287,D6
25628015,D6
25628271,D6
25631269,D6
25632682,D6
25633308,D6
25635433,D6
25635873,D6
25635968,D6
25637734,D6
25639059,D6
25639189,D6
25639666,D6
25639792,D6
25640552,D6
25640700,D6
25640997,D6
25643186,D6
25643339,D6
25643733,D6
25644387,D6
25648203,D6
25650590,D6
25650724,D6
25650891,D6
25651082,D6
25653321,D6
25654963,D6
25655480,D6
25656987,D6
25661107,D6
25661502,D6
25661504,D6
25662078,D6
25665071,D6
25665420,D6
25668190,D6
25676876,D6
25677111,D6
25677837,D6
25680102,D6
25682685,D6
25686220,D6
25686402,D6
25686954,D6
25690620,D6
25693427,D6
25693675,D6
25694054,D6
25694665,D6
25697050,D6
25701712,D6
25703613,D6
25703715,D6
25703817,D6
25703832,D6
25705961,D6
25712436,D6
25712609,D6
25721259,D6
25721940,D6
25723654,D6
25724440,D6
25725367,D6
25725472,D6
25725966,D6
25728510,D6
25730756,D6
25731775,D6
25732349,D6
25733023,D6
25734944,D6
25734946,D6
25735721,D6
25740489,D6
25740910,D6
25742916,D6
25745826,D6
25746278,D6
25748392,D6
25751024,D6
25752241,D6
25754287,D6
25754758,D6
25757496,D6
25763560,D6
25767150,D6
25767269,D6
25780942,D6
25783399,D6
25785846,D6
25788305,D6
25791827,D6
25794644,D6
25796020,D6
25799475,D6
25803258,D6
25804295,D6
25804375,D6
25804980,D6
25805106,D6
25807513,D6
25807903,D6
25818052,D6
25818449,D6
25822454,D6
25822455,D6
25823289,D6
25825157,D6
25825378,D6
25826899,D6
25828667,D6
25829557,D6
25830387,D6
25830391,D6
25831591,D6
25831598,D6
25833998,D6
25835246,D6
25835759,D6
25836601,D6
25839070,D6
25845837,D6
25846453,D6
25856263,D6
25861691,D6
25867958,D6
25868709,D6
25875308,D6
25875672,D6
25879590,D6
25880535,D6
25884141,D6
25885793,D6
25885922,D6
25886252,D6
25886380,D6
25888096,D6
25889378,D6
25893337,D6
25893351,D6
25893392,D6
25894752,D6
25897838,D6
25899684,D6
25899793,D6
25899881,D6
25899991,D6
25901787,D6
25903228,D6
25904112,D6
25909372,D6
25910516,D6
25910692,D6
25911054,D6
25911389,D6
25912663,D6
25913611,D6
25916278,D6
25919100,D6
25920643,D6
25920896,D6
25921363,D6
25921364,D6
25922212,D6
25923466,D6
25925625,D6
25927813,D6
25929309,D6
25929514,D6
25929590,D6
25929606,D6
25929816,D6
25931337,D6
25932939,D6
25933150,D6
25936194,D6
25938408,D6
25938880,D6
25939612,D6
25940602,D6
25945815,D6
25951178,D6
25955169,D6
25956801,D6
25956927,D6
25957106,D6
25961542,D6
25975216,D6
25981102,D6
25981711,D6
25992702,D6
25994205,D6
25996102,D6
25996539,D6
25998130,D6
25998226,D6
25998685,D6
26001196,D6
26001383,D6
26009906,D6
26010765,D6
26011820,D6
26012942,D6
26013600,D6
26017189,D6
26017598,D6
26025764,D6
26026473,D6
26028683,D6
26028685,D6
26033070,D6
26033166,D6
26037208,D6
26037517,D6
26037623,D6
26038128,D6
26043936,D6
26044605,D6
26045204,D6
26053395,D6
26056711,D6
26058687,D6
26058891,D6
26077865,D6
26080160,D6
26085530,D6
26085534,D6
26085540,D6
26088717,D6
26090986,D6
26092113,D6
26095237,D6
26100003,D6
26109377,D6
26111089,D6
26111253,D6
26113352,D6
26114508,D6
26114511,D6
26114512,D6
26114518,D6
26114897,D6
26115209,D6
26116064,D6
26116310,D6
26116448,D6
26117658,D6
26123325,D6
26125501,D6
26125844,D6
26132082,D6
26134453,D6
26135713,D6
26138323,D6
26138716,D6
26141534,D6
26142757,D6
26145467,D6
26147725,D6
26147764,D6
26156711,D6
26159212,D6
26161768,D6
26165711,D6
26167493,D6
26167862,D6
26174082,D6
26174695,D6
26176902,D6
26177392,D6
26178170,D6
26187631,D6
26188326,D6
26190097,D6
26191793,D6
26192719,D6
26195005,D6
26200395,D6
26200413,D6
26201421,D6
26204963,D6
26205381,D6
26205511,D6
26206821,D6
26208227,D6
26210767,D6
26210779,D6
26210871,D6
26214407,D6
26219544,D6
26222496,D6
26223569,D6
26224291,D6
26224836,D6
26227281,D6
26232453,D6
26233675,D6
26234043,D6
26234044,D6
26238005,D6
26239941,D6
26250363,D6
26253405,D6
26258818,D6
26260954,D6
26265738,D6
26267104,D6
26271486,D6
26272059,D6
26273137,D6
26278405,D6
26285817,D6
26287445,D6
26289294,D6
26291397,D6
26293224,D6
26295737,D6
26297522,D6
26299767,D6
26300439,D6
26304962,D6
26305341,D6
26306772,D6
26309103,D6
26309104,D6
26310678,D6
26311103,D6
26311443,D6
26313209,D6
26319110,D6
26319778,D6
26320818,D6
26324795,D6
26324796,D6
26333277,D6
26333692,D6
26341682,D6
26343247,D6
26345493,D6
26345618,D6
26346424,D6
26347395,D6
26351871,D6
26352960,D6
26352973,D6
26355588,D6
26358818,D6
26361457,D6
26365170,D6
26365576,D6
26372523,D6
26383755,D6
26387394,D6
26388004,D6
26388617,D6
26392227,D6
26394359,D6
26397265,D6
26402880,D6
26403590,D6
26404581,D6
26404665,D6
26407196,D6
26407201,D6
26407863,D6
26409909,D6
26421403,D6
26421654,D6
26422528,D6
26423595,D6
26423824,D6
26426006,D6
26426363,D6
26428325,D6
26428612,D6
26428613,D6
26432316,D6
26439590,D6
26441073,D6
26444295,D6
26445328,D6
26445978,D6
26447168,D6
26447744,D6
26449394,D6
26449547,D6
26449666,D6
26455144,D6
26455148,D6
26468810,D6
26469563,D6
26477322,D6
26478960,D6
26482196,D6
26486308,D6
26490162,D6
26490290,D6
26491860,D6
26495722,D6
26497133,D6
26498452,D6
26502116,D6
26503838,D6
26503839,D6
26503840,D6
26503842,D6
26505718,D6
26507577,D6
26508376,D6
26509464,D6
26511121,D6
26511152,D6
26511526,D6
26511638,D6
26511696,D6
26512537,D6
26517611,D6
26517619,D6
26521993,D6
26523326,D6
26523961,D6
26525592,D6
26526651,D6
26529390,D6
26529670,D6
26535696,D6
26536446,D6
26536447,D6
26537950,D6
26539810,D6
26541205,D6
26542365,D6
26542457,D6
26542861,D6
26544954,D6
26546301,D6
26547378,D6
26549490,D6
26551378,D6
26552386,D6
26552901,D6
26568171,D6
26571170,D6
26574866,D6
26577997,D6
26580310,D6
26582488,D6
26582764,D6
26594967,D6
26595063,D6
26595882,D6
26597885,D6
26600915,D6
26601660,D6
26602903,D6
26606204,D6
26612477,D6
26617346,D6
26625352,D6
26637445,D6
26637676,D6
26638125,D6
26639997,D6
26640837,D6
26645286,D6
26645577,D6
26647066,D6
26652225,D6
26652469,D6
26653772,D6
26656047,D6
26657343,D6
26661096,D6
26664150,D6
26667561,D6
26667785,D6
26671040,D6
26674994,D6
26677323,D6
26677619,D6
26681138,D6
26684091,D6
26693695,D6
26694721,D6
26697743,D6
26704859,D6
26710527,D6
26710728,D6
26712707,D6
26713594,D6
26718116,D6
26718777,D6
26719896,D6
26728372,D6
26728516,D6
26731596,D6
26731708,D6
26732084,D6
26735050,D6
26737149,D6
26737442,D6
26741882,D6
26743583,D6
26748682,D6
26749057,D6
26749300,D6
26750003,D6
26750781,D6
26754150,D6
26758890,D6
26761710,D6
26762190,D6
26767727,D6
26767932,D6
26768085,D6
26768291,D6
26773461,D6
26775085,D6
26779586,D6
26780615,D6
26782842,D6
26787262,D6
26790583,D6
26792145,D6
26797871,D6
26799448,D6
26800162,D6
26805545,D6
26805919,D6
26808436,D6
26808437,D6
26808734,D6
26808757,D6
26808837,D6
26810893,D6
26810955,D6
26814714,D6
26818325,D6
26819154,D6
26825029,D6
26826470,D6
26830128,D6
26830666,D6
26831174,D6
26833804,D6
26840356,D6
26840708,D6
26846402,D6
26846563,D6
26846689,D6
26847298,D6
26850538,D6
26853840,D6
26853947,D6
26854621,D6
26862692,D6
26867692,D6
26868926,D6
26869789,D6
26871863,D6
26873243,D6
26874630,D6
26874631,D6
26875269,D6
26875552,D6
26875826,D6
26876734,D6
26880494,D6
26883948,D6
26887395,D6
26889776,D6
26898493,D6
26900795,D6
26910668,D6
26911538,D6
26916011,D6
26916561,D6
26919609,D6
26926389,D6
26927281,D6
26927486,D6
26931772,D6
26932531,D6
26935813,D6
26936493,D6
26944197,D6
26944764,D6
26947114,D6
26947358,D6
26951074,D6
26953420,D6
26953670,D6
26957219,D6
26965215,D6
26967070,D6
26969193,D6
26969960,D6
26971252,D6
26972483,D6
26972621,D6
26974057,D6
26975841,D6
26983721,D6
26984348,D6
26984914,D6
26984924,D6
26987217,D6
26990720,D6
26991949,D6
26992051,D6
26992137,D6
26993455,D6
26994176,D6
27000649,D6
27004276,D6
27004279,D6
27004298,D6
27004483,D6
27007191,D6
27007492,D6
27007749,D6
27008320,D6
27008321,D6
27008917,D6
27009685,D6
27010308,D6
27010612,D6
27012060,D6
27026030,D6
27028383,D6
27035510,D6
27037921,D6
27041138,D6
27041468,D6
27041488,D6
27041760,D6
27044216,D6
27044225,D6
27049839,D6
27050972,D6
27059203,D6
27059496,D6
27060512,D6
27062839,D6
27067651,D6
27068292,D6
27070124,D6
27070226,D6
27070667,D6
27070677,D6
27071009,D6
27075029,D6
27080163,D6
27081709,D6
27086308,D6
27088741,D6
27088742,D6
27090198,D6
27090262,D6
27092911,D6
27098324,D6
27098327,D6
27104525,D6
27109568,D6
27109711,D6
27111011,D6
27111023,D6
27111628,D6
27113532,D6
27119765,D6
27119943,D6
27120272,D6
27120273,D6
27123442,D6
27123893,D6
27124087,D6
27125376,D6
27132036,D6
27145776,D6
27148864,D6
27154399,D6
27155087,D6
27155106,D6
27156384,D6
27159314,D6
27160565,D6
27161959,D6
27165183,D6
27167138,D6
27170533,D6
27172112,D6
27174392,D6
27174421,D6
27175466,D6
27175471,D6
27184487,D6
27188306,D6
27189510,D6
27192403,D6
27195296,D6
27195737,D6
27198896,D6
27203258,D6
27206629,D6
27207681,D6
27209314,D6
27227357,D6
27233101,D6
27238458,D6
27243444,D6
27244203,D6
27247937,D6
27259019,D6
27262769,D6
27265238,D6
27266200,D6
27270054,D6
27270787,D6
27271244,D6
27271471,D6
27271863,D6
27272029,D6
27281474,D6
27281873,D6
27282686,D6
27283081,D6
27285665,D6
27298478,D6
27302763,D6
27308880,D6
27315377,D6
27315384,D6
27315387,D6
27329998,D6
27334295,D6
27337919,D6
27341291,D6
27345746,D6
27351696,D6
27354228,D6
27355319,D6
27357272,D6
27357273,D6
27357274,D6
27357275,D6
27357276,D6
27367941,D6
27374111,D6
27374112,D6
27381167,D6
27383166,D6
27386633,D6
27387718,D6
27395446,D6
27398949,D6
27400112,D6
27401006,D6
27411276,D6
27413746,D6
27417283,D6
27424570,D6
27431811,D6
27432272,D6
27435413,D6
27435986,D6
27436718,D6
27438006,D6
27439451,D6
27439574,D6
27439659,D6
27439728,D6
27443002,D6
27444713,D6
27446949,D6
27447143,D6
27447161,D6
27449336,D6
27454539,D6
27463547,D6
27466059,D6
27467281,D6
27467420,D6
27468609,D6
27468681,D6
27468804,D6
27471833,D6
27473706,D6
27473985,D6
27476364,D6
27476924,D6
27482028,D6
27485371,D6
27487283,D6
27487346,D6
27487351,D6
27492728,D6
27493282,D6
27493968,D6
27497370,D6
27504531,D6
27507845,D6
27513163,D6
27513430,D6
27515388,D6
27516016,D6
27523963,D6
27524517,D6
27526445,D6
27527388,D6
27527676,D6
27528855,D6
27530667,D6
27535284,D6
27540847,D6
27542547,D6
27549990,D6
27550205,D6
27550636,D6
27554268,D6
27556202,D6
27556230,D6
27557041,D6
27558705,D6
27560678,D6
27560682,D6
27567775,D6
27568399,D6
27574271,D6
27587887,D6
27591056,D6
27593197,D6
27593739,D6
27593757,D6
27593768,D6
27593771,D6
27593811,D6
27593819,D6
27593839,D6
27595936,D6
27599409,D6
27599482,D6
27605093,D6
27611453,D6
27612737,D6
27614774,D6
27616463,D6
27618571,D6
27631716,D6
27632253,D6
27633461,D6
27633464,D6
27636866,D6
27639655,D6
27643681,D6
27646404,D6
27654167,D6
27668578,D6
27671082,D6
27677086,D6
27680032,D6
27682019,D6
27682609,D6
27683194,D6
27683975,D6
27684059,D6
27685761,D6
27692104,D6
27692111,D6
27699921,D6
27709223,D6
27716025,D6
27716371,D6
27718130,D6
27718449,D6
27719768,D6
27723378,D6
27727105,D6
27731518,D6
27735063,D6
27739555,D6
27739556,D6
27739917,D6
27755058,D6
27755203,D6
27759852,D6
27761578,D6
27761581,D6
27766028,D6
27766696,D6
27768070,D6
27770393,D6
27770634,D6
27777115,D6
27779806,D6
27784330,D6
27791037,D6
27791456,D6
27802926,D6
27804121,D6
27804139,D6
27805449,D6
27807843,D6
27815474,D6
27815999,D6
27823368,D6
27825629,D6
27825991,D6
27833116,D6
27836254,D6
27841685,D6
27841708,D6
27849102,D6
27849104,D6
27849107,D6
27849109,D6
27852899,D6
27852910,D6
27856147,D6
27858117,D6
27858380,D6
27861456,D6
27862237,D6
27863947,D6
27866345,D6
27869175,D6
27871820,D6
27876267,D6
27876575,D6
27879505,D6
27879592,D6
27885262,D6
27893158,D6
27893513,D6
27901393,D6
27901458,D6
27902850,D6
27903311,D6
27904718,D6
27905059,D6
27906068,D6
27906096,D6
27906469,D6
27906844,D6
27909193,D6
27911364,D6
27912753,D6
27913176,D6
27922959,D6
27925240,D6
27925641,D6
27929692,D6
27934929,D6
27935005,D6
27935006,D6
27935008,D6
27939069,D6
27941347,D6
27941556,D6
27965076,D6
27965140,D6
27977027,D6
27977491,D6
27981610,D6
27990668,D6
27997503,D6
27998364,D6
28001111,D6
28002369,D6
28005749,D6
28005813,D6
28012366,D6
28012973,D6
28017468,D6
28019056,D6
28027872,D6
28032708,D6
28042153,D6
28043447,D6
28045946,D6
28048963,D6
28052066,D6
28052415,D6
28054333,D6
28057910,D6
28058947,D6
28068982,D6
28070685,D6
28072652,D6
28072837,D6
28075496,D6
28075497,D6
28080915,D6
28082076,D6
28082848,D6
28083754,D6
28089795,D6
28089826,D6
28094419,D6
28094422,D6
28094562,D6
28094860,D6
28094861,D6
28095112,D6
28095514,D6
28101680,D6
28107235,D6
28110459,D6
28113132,D6
28114241,D6
28115019,D6
28116296,D6
28118835,D6
28119180,D6
28120573,D6
28125935,D6
28126356,D6
28126687,D6
28127618,D6
28127738,D6
28131694,D6
28135007,D6
28135014,D6
28139193,D6
28140638,D6
28140641,D6
28142227,D6
28145568,D6
28146292,D6
28150691,D6
28151549,D6
28156207,D6
28160590,D6
28161746,D6
28165304,D6
28165305,D6
28165810,D6
28168347,D6
28183604,D6
28183618,D6
28190302,D6
28190488,D6
28190499,D6
28190827,D6
28198543,D6
28198553,D6
28207623,D6
28211291,D6
28213096,D6
28213100,D6
28214835,D6
28214894,D6
28216289,D6
28219305,D6
28219807,D6
28225888,D6
28228166,D6
28230572,D6
28233833,D6
28233909,D6
28235219,D6
28235419,D6
28235582,D6
28236164,D6
28247999,D6
28250250,D6
28265781,D6
28267190,D6
28270376,D6
28272927,D6
28272929,D6
28275205,D6
28276119,D6
28278282,D6
28279204,D6
28280735,D6
28284999,D6
28285922,D6
28291396,D6
28291403,D6
28291432,D6
28291642,D6
28291851,D6
28295616,D6
28298055,D6
28300879,D6
28301328,D6
28301858,D6
28303319,D6
28306485,D6
28314063,D6
28314067,D6
28320049,D6
28323713,D6
28328166,D6
28331927,D6
28331928,D6
28331930,D6
28331931,D6
28333972,D6
28334450,D6
28338437,D6
28339106,D6
28340490,D6
28341855,D6
28345997,D6
28346008,D6
28351717,D6
28355681,D6
28355944,D6
28358606,D6
28358661,D6
28359807,D6
28365682,D6
28368070,D6
28370231,D6
28373080,D6
28373730,D6
28373732,D6
28380670,D6
28382633,D6
28382920,D6
28385947,D6
28387155,D6
28388908,D6
28391431,D6
28393847,D6
28394460,D6
28395947,D6
28397530,D6
28399544,D6
28402086,D6
28404212,D6
28408260,D6
28411885,D6
28412163,D6
28414599,D6
28420425,D6
28422994,D6
28426371,D6
28437193,D6
28440300,D6
28440741,D6
28441310,D6
28442161,D6
28444758,D6
28445366,D6
28449254,D6
28453556,D6
28455212,D6
28457632,D6
28457825,D6
28460422,D6
28460427,D6
28460693,D6
28462826,D6
28463696,D6
28467588,D6
28478617,D6
28481696,D6
28484130,D6
28485078,D6
28485534,D6
28485552,D6
28487509,D6
28487594,D6
28487972,D6
28492981,D6
28493324,D6
28500874,D6
28501110,D6
28501719,D6
28502569,D6
28503759,D6
28508917,D6
28516218,D6
28520812,D6
28522238,D6
28522401,D6
28535749,D6
28539011,D6
28539658,D6
28540619,D6
28541152,D6
28541156,D6
28542041,D6
28542074,D6
28543035,D6
28543599,D6
28547574,D6
28552924,D6
28554449,D6
28554494,D6
28554796,D6
28556590,D6
28569634,D6
28570289,D6
28571512,D6
28572151,D6
28575001,D6
28575069,D6
28576269,D6
28576271,D6
28576272,D6
28576273,D6
28576274,D6
28576275,D6
28577573,D6
28578765,D6
28588328,D6
28588330,D6
28588334,D6
28589409,D6
28593727,D6
28593866,D6
28594231,D6
28600420,D6
28605989,D6
28606577,D6
28608754,D6
28609508,D6
28612084,D6
28617531,D6
28621175,D6
28621599,D6
28621912,D6
28623826,D6
28625583,D6
28633676,D6
28634897,D6
28636054,D6
28636055,D6
28636056,D6
28636058,D6
28636061,D6
28636062,D6
28637394,D6
28640455,D6
28641140,D6
28644076,D6
28644556,D6
28645289,D6
28646063,D6
28646383,D6
28646824,D6
28647583,D6
28647818,D6
28650796,D6
28651068,D6
28651457,D6
28654063,D6
28658200,D6
28669721,D6
28674738,D6
28681967,D6
28682003,D6
28684346,D6
28684801,D6
28687096,D6
28688825,D6
28689827,D6
28695807,D6
28697772,D6
28700006,D6
28703667,D6
28703677,D6
28703857,D6
28705189,D6
28708644,D6
28710893,D6
28710894,D6
28718671,D6
28720001,D6
28724382,D6
28725110,D6
28734854,D6
28745777,D6
28746051,D6
28755493,D6
28757523,D6
28760350,D6
28760713,D6
28763518,D6
28763519,D6
28763520,D6
28763580,D6
28770531,D6
28770551,D6
28779580,D6
28779797,D6
28781205,D6
28782280,D6
28786931,D6
28792082,D6
28792618,D6
28796280,D6
28802535,D6
28802681,D6
28803898,D6
28810851,D6
28814094,D6
28814789,D6
28818642,D6
28826710,D6
28828753,D6
28833285,D6
28834552,D6
28835987,D6
28844965,D6
28847164,D6
28852357,D6
28853071,D6
28853767,D6
28863592,D6
28863881,D6
28864292,D6
28865846,D6
28865948,D6
28869487,D6
28878420,D6
28879686,D6
28884841,D6
28885697,D6
28886084,D6
28886118,D6
28888901,D6
28889244,D6
28891043,D6
28893394,D6
28893543,D6
28906565,D6
28911840,D6
28914114,D6
28914836,D6
28917058,D6
28919510,D6
28923271,D6
28923308,D6
28926768,D6
28930778,D6
28934914,D6
28935712,D6
28940545,D6
28940654,D6
28941247,D6
28941276,D6
28944517,D6
28945129,D6
28946822,D6
28956202,D6
28957701,D6
28963482,D6
28967542,D6
28974458,D6
28980174,D6
28987400,D6
28990676,D6
29016438,D6
29018818,D6
29018937,D6
29031993,D6
29032916,D6
29034493,D6
29035653,D6
29037798,D6
29037799,D6
29040128,D6
29042769,D6
29053112,D6
29053676,D6
29055733,D6
29055739,D6
29061495,D6
29064569,D6
29064584,D6
29064767,D6
29066890,D6
29070026,D6
29074335,D6
29074336,D6
29074363,D6
29079345,D6
29080268,D6
29085079,D6
29089654,D6
29091962,D6
29094344,D6
29094513,D6
29094665,D6
29095728,D6
29097920,D6
29099255,D6
29100681,D6
29103060,D6
29105095,D6
29107037,D6
29111100,D6
29112826,D6
29121106,D6
29121822,D6
29128150,D6
29128862,D6
29130237,D6
29131389,D6
29134318,D6
29135038,D6
29135041,D6
29135381,D6
29135705,D6
29141674,D6
29144538,D6
29145011,D6
29146161,D6
29146163,D6
29146294,D6
29150321,D6
29150639,D6
29153053,D6
29154712,D6
29155725,D6
29156946,D6
29159911,D6
29160896,D6
29167073,D6
29169630,D6
29172864,D6
29172960,D6
29175959,D6
29180616,D6
29181144,D6
29183574,D6
29193030,D6
29193227,D6
29196819,D6
29198017,D6
29198047,D6
29198577,D6
29199191,D6
29200004,D6
29202506,D6
29203937,D6
29203943,D6
29206788,D6
29216691,D6
29222837,D6
29228043,D6
29229404,D6
29230821,D6
29230868,D6
29230875,D6
29235158,D6
29235932,D6
29241826,D6
29242952,D6
29243238,D6
29248806,D6
29250831,D6
29258851,D6
29266465,D6
29268903,D6
29269312,D6
29269864,D6
29273059,D6
29275300,D6
29275600,D6
29275984,D6
29284372,D6
29291977,D6
29291984,D6
29294300,D6
29297838,D6
29298079,D6
29304080,D6
29304962,D6
29309450,D6
29309792,D6
29311710,D6
29318773,D6
29325193,D6
29325194,D6
29325937,D6
29328609,D6
29340351,D6
29341335,D6
29341570,D6
29342064,D6
29343155,D6
29345503,D6
29350412,D6
29351870,D6
29355856,D6
29357477,D6
29364342,D6
29366743,D6
29369309,D6
29370240,D6
29372868,D6
29374100,D6
29376156,D6
29387724,D6
29393732,D6
29393738,D6
29398673,D6
29409249,D6
29409286,D6
29410101,D6
29412179,D6
29415694,D6
29420674,D6
29421350,D6
29424175,D6
29429889,D6
29435992,D6
29437241,D6
29437995,D6
29438203,D6
29438657,D6
29439802,D6
29444669,D6
29446096,D6
29446490,D6
29452282,D6
29453851,D6
29457246,D6
29457596,D6
29462059,D6
29464726,D6
29466683,D6
29466922,D6
29475413,D6
29478074,D6
29479686,D6
29479806,D6
29484625,D6
29486879,D6
29493345,D6
29496624,D6
29497762,D6
29500876,D6
29504151,D6
29504176,D6
29504576,D6
29504849,D6
29504855,D6
29504860,D6
29505889,D6
29507429,D6
29508553,D6
29510858,D6
29512791,D6
29514363,D6
29517460,D6
29520833,D6
29530700,D6
29534277,D6
29534280,D6
29534281,D6
29534283,D6
29536555,D6
29537128,D6
29543120,D6
29543908,D6
29543927,D6
29553907,D6
29553909,D6
29554904,D6
29554909,D6
29555523,D6
29556366,D6
29557864,D6
29557926,D6
29558373,D6
29564054,D6
29564568,D6
29565097,D6
29572481,D6
29572595,D6
29573756,D6
29574978,D6
29575173,D6
29577595,D6
29580116,D6
29581988,D6
29582561,D6
29595907,D6
29599558,D6
29600660,D6
29600676,D6
29603790,D6
29605954,D6
29606725,D6
29606726,D6
29607519,D6
29618341,D6
29620913,D6
29622010,D6
29622254,D6
29624608,D6
29624874,D6
29625357,D6
29634082,D6
29635873,D6
29636238,D6
29649092,D6
29651439,D6
29654386,D6
29654421,D6
29654991,D6
29655516,D6
29655901,D6
29659020,D6
29660737,D6
29663638,D6
29667535,D6
29674611,D6
29678698,D6
29679950,D6
29679951,D6
29680509,D6
29682529,D6
29684308,D6
29684620,D6
29684919,D6
29684920,D6
29684921,D6
29685704,D6
29687410,D6
29694687,D6
29697148,D6
29700614,D6
29701250,D6
29717217,D6
29722123,D6
29723877,D6
29723878,D6
29727018,D6
29727869,D6
29727872,D6
29728409,D6
29736917,D6
29738366,D6
29742566,D6
29742568,D6
29742946,D6
29747677,D6
29748965,D6
29761549,D6
29762184,D6
29762185,D6
29763358,D6
29763987,D6
29768535,D6
29772271,D6
29772973,D6
29773402,D6
29778418,D6
29781156,D6
29783121,D6
29783695,D6
29784034,D6
29784055,D6
29784551,D6
29784586,D6
29786308,D6
29786363,D6
29789248,D6
29798535,D6
29798627,D6
29803766,D6
29806343,D6
29806433,D6
29809266,D6
29813078,D6
29813142,D6
29843440,D6
29850594,D6
29851368,D6
29851987,D6
29852514,D6
29853415,D6
29856939,D6
29859511,D6
29859514,D6
29864050,D6
29876969,D6
29878479,D6
29883588,D6
29884239,D6
29885471,D6
29886637,D6
29887246,D6
29889637,D6
29889642,D6
29890534,D6
29890807,D6
29902525,D6
29903498,D6
29905052,D6
29905105,D6
29907331,D6
29908522,D6
29910478,D6
29910481,D6
29913295,D6
29917272,D6
29920923,D6
29922953,D6
29923451,D6
29925092,D6
29925093,D6
29926113,D6
29929431,D6
29938767,D6
29950157,D6
29953287,D6
29953634,D6
29954394,D6
29954396,D6
29960822,D6
29972992,D6
29973254,D6
29976844,D6
29982887,D6
29991155,D6
29995064,D6
29996155,D6
29997100,D6
29998744,D6
30002442,D6
30004116,D6
30004563,D6
30009789,D6
30015719,D6
30019998,D6
30020001,D6
30021549,D6
30024459,D6
30028252,D6
30030175,D6
30034675,D6
30037570,D6
30037573,D6
30039308,D6
30040000,D6
30041069,D6
30041291,D6
30043546,D6
30051470,D6
30052115,D6
30052650,D6
30054392,D6
30054932,D6
30054965,D6
30057249,D6
30058855,D6
30063598,D6
30067073,D6
30071834,D6
30073680,D6
30074186,D6
30074433,D6
30074588,D6
30074814,D6
30074817,D6
30079757,D6
30085861,D6
30091179,D6
30091515,D6
30096415,D6
30103355,D6
30103659,D6
30112958,D6
30113419,D6
30120800,D6
30121246,D6
30125040,D6
30125786,D6
30125912,D6
30125913,D6
30126906,D6
30129026,D6
30129027,D6
30129063,D6
30129065,D6
30129067,D6
30129347,D6
30132146,D6
30136796,D6
30138362,D6
30138950,D6
30138952,D6
30141762,D6
30149404,D6
30153050,D6
30157145,D6
30157237,D6
30159661,D6
30168758,D6
30173807,D6
30179084,D6
30180275,D6
30180855,D6
30185781,D6
30186873,D6
30187637,D6
30188365,D6
30188470,D6
30194446,D6
30196275,D6
30198099,D6
30198388,D6
30198747,D6
30204019,D6
30206049,D6
30207744,D6
30208130,D6
30212916,D6
30214191,D6
30217689,D6
30219381,D6
30224178,D6
30235471,D6
30235472,D6
30235966,D6
30238514,D6
30239027,D6
30240051,D6
30241120,D6
30243360,D6
30243361,D6
30243366,D6
30243555,D6
30243653,D6
30261123,D6
30266454,D6
30267415,D6
30267441,D6
30267592,D6
30270538,D6
30281683,D6
30285459,D6
30292667,D6
30296356,D6
30298138,D6
30298429,D6
30301650,D6
30302611,D6
30303552,D6
30309795,D6
30316696,D6
30317001,D6
30324711,D6
30326803,D6
30326934,D6
30327262,D6
30328905,D6
30345483,D6
30346051,D6
30347411,D6
30348696,D6
30351200,D6
30352475,D6
30356216,D6
30357797,D6
30358924,D6
30361113,D6
30367741,D6
30368561,D6
30370552,D6
30370596,D6
30378125,D6
30378137,D6
30378344,D6
30383533,D6
30391745,D6
30396363,D6
30398387,D6
30399082,D6
30399448,D6
30399469,D6
30400796,D6
30401566,D6
30403407,D6
30406133,D6
30408016,D6
30408213,D6
30410063,D6
30412273,D6
30412316,D6
30413905,D6
30413950,D6
30415905,D6
30419172,D6
30422336,D6
30423661,D6
30423721,D6
30431170,D6
30440331,D6
30446327,D6
30447129,D6
30451612,D6
30451626,D6
30457907,D6
30458171,D6
30462749,D6
30462757,D6
30464184,D6
30465340,D6
30467870,D6
30474882,D6
30477042,D6
30482233,D6
30485821,D6
30501912,D6
30507651,D6
30507875,D6
30507887,D6
30507900,D6
30510309,D6
30510315,D6
30510320,D6
30511246,D6
30517441,D6
30520953,D6
30521633,D6
30524063,D6
30527859,D6
30527883,D6
30528562,D6
30528669,D6
30529784,D6
30530001,D6
30530942,D6
30531286,D6
30532287,D6
30541174,D6
30543729,D6
30549081,D6
30551705,D6
30553581,D6
30554738,D6
30554911,D6
30569660,D6
30569682,D6
30569762,D6
30573259,D6
30575003,D6
30578579,D6
30583951,D6
30584910,D6
30587048,D6
30589238,D6
30596099,D6
30605378,D6
30606209,D6
30614018,D6
30614621,D6
30614994,D6
30616704,D6
30622234,D6
30623455,D6
30623470,D6
30623986,D6
30624513,D6
30624514,D6
30627838,D6
30628512,D6
30628959,D6
30632606,D6
30635673,D6
30644766,D6
30645014,D6
30646406,D6
30646408,D6
30646409,D6
30646414,D6
30646415,D6
30653344,D6
30653363,D6
30657777,D6
30661247,D6
30664099,D6
30664861,D6
30664999,D6
30665747,D6
30666675,D6
30667561,D6
30670678,D6
30670898,D6
30674313,D6
30676452,D6
30683101,D6
30685375,D6
30687754,D6
30690777,D6
30694945,D6
30698307,D6
30703182,D6
30711395,D6
30714306,D6
30716148,D6
30724479,D6
30728046,D6
30734264,D6
30736091,D6
30736762,D6
30742138,D6
30747474,D6
30759484,D6
30764722,D6
30765247,D6
30768660,D6
30772517,D6
30773122,D6
30773653,D6
30776259,D6
30776260,D6
30779619,D6
30785503,D6
30789779,D6
30791121,D6
30794209,D6
30798714,D6
30806277,D6
30810538,D6
30817520,D6
30820982,D6
30822310,D6
30822587,D6
30825890,D6
30826138,D6
30826398,D6
30826587,D6
30826919,D6
30828827,D6
30831304,D6
30835898,D6
30839120,D6
30839299,D6
30839463,D6
30840241,D6
30847872,D6
30847873,D6
30850335,D6
30858424,D6
30861265,D6
30864016,D6
30864051,D6
30870609,D6
30872000,D6
30877317,D6
30879912,D6
30879953,D6
30883815,D6
30887689,D6
30887885,D6
30889746,D6
30891456,D6
30896582,D6
30901460,D6
30902195,D6
30902537,D6
30902946,D6
30908445,D6
30909257,D6
30919437,D6
30921125,D6
30921824,D6
30921826,D6
30922161,D6
30939548,D6
30943550,D6
30950062,D6
30950083,D6
30951203,D6
30961897,D6
30961900,D6
30961901,D6
30962041,D6
30963727,D6
30965370,D6
30968538,D6
30971158,D6
30971621,D6
30979627,D6
30981608,D6
30991104,D6
30991651,D6
30999351,D6
31000615,D6
31006125,D6
31006645,D6
31009091,D6
31016885,D6
31022713,D6
31023333,D6
31028428,D6
31033211,D6
31034268,D6
31034922,D6
31042307,D6
31048259,D6
31048514,D6
31059834,D6
31062256,D6
31071606,D6
31072718,D6
31072958,D6
31078560,D6
31081555,D6
31083091,D6
31099609,D6
31102042,D6
31102726,D6
31109260,D6
31112678,D6
31114804,D6
31115897,D6
31117227,D6
31119340,D6
31120590,D6
31120595,D6
31121204,D6
31124609,D6
31125133,D6
31126308,D6
31127597,D6
31136604,D6
31140184,D6
31140637,D6
31140840,D6
31141823,D6
31142218,D6
31154596,D6
31158895,D6
31161874,D6
31167982,D6
31168817,D6
31172797,D6
31177624,D6
31187758,D6
31200396,D6
31204254,D6
31205268,D6
31206305,D6
31206306,D6
31209977,D6
31219613,D6
31221922,D6
31222767,D6
31222781,D6
31226071,D6
31226722,D6
31228280,D6
31228336,D6
31229386,D6
31230383,D6
31232987,D6
31233002,D6
31234725,D6
31234729,D6
31234746,D6
31240625,D6
31243876,D6
31246124,D6
31246493,D6
31251504,D6
31254030,D6
31254179,D6
31255790,D6
31259800,D6
31260437,D6
31262326,D6
31265469,D6
31269528,D6
31270796,D6
31270830,D6
31273239,D6
31277937,D6
31281190,D6
31281194,D6
31281619,D6
31282052,D6
31283052,D6
31283054,D6
31287180,D6
31289845,D6
31291009,D6
31298216,D6
31298433,D6
31298641,D6
31300276,D6
31319200,D6
31319432,D6
31319440,D6
31322757,D6
31323532,D6
31331380,D6
31331852,D6
31332811,D6
31337284,D6
31337956,D6
31341225,D6
31348344,D6
31348345,D6
31348538,D6
31348539,D6
31349830,D6
31350655,D6
31350789,D6
31351934,D6
31355793,D6
31357063,D6
31364090,D6
31368216,D6
31371195,D6
31373719,D6
31377475,D6
31377837,D6
31381582,D6
31382826,D6
31387122,D6
31390083,D6
31392786,D6
31393302,D6
31407819,D6
31410880,D6
31410993,D6
31413118,D6
31413687,D6
31414583,D6
31420630,D6
31439135,D6
31439136,D6
31441983,D6
31446324,D6
31446862,D6
31451184,D6
31456256,D6
31464084,D6
31464794,D6
31468139,D6
31468519,D6
31468554,D6
31469432,D6
31470442,D6
31470443,D6
31474746,D6
31476779,D6
31477474,D6
31480227,D6
31482998,D6
31488155,D6
31488392,D6
31489606,D6
31491772,D6
31494718,D6
31495755,D6
31498438,D6
31499541,D6
31511984,D6
31517583,D6
31523089,D6
31525088,D6
31530436,D6
31531537,D6
31531539,D6
31532857,D6
31533754,D6
31537433,D6
31539105,D6
31545329,D6
31545532,D6
31547961,D6
31556837,D6
31565798,D6
31571428,D6
31571733,D6
31573067,D6
31573862,D6
31579953,D6
31592842,D6
31596513,D6
31596568,D6
31597995,D6
31601849,D6
31617818,D6
31617958,D6
31618774,D6
31627235,D6
31627990,D6
31630302,D6
31635912,D6
31635914,D6
31635915,D6
31635916,D6
31635917,D6
31642946,D6
31644343,D6
31647991,D6
31648818,D6
31648819,D6
31650923,D6
31650929,D6
31653535,D6
31653536,D6
31655837,D6
31662507,D6
31662511,D6
31664573,D6
31664725,D6
31665702,D6
31667869,D6
31668598,D6
31672257,D6
31675680,D6
31676189,D6
31677620,D6
31678449,D6
31680666,D6
31681320,D6
31683352,D6
31685135,D6
31692048,D6
31696456,D6
31707028,D6
31710023,D6
31710379,D6
31711073,D6
31713891,D6
31713901,D6
31714415,D6
31715656,D6
31727050,D6
31729610,D6
31730250,D6
31733670,D6
31743488,D6
31745644,D6
31747760,D6
31750552,D6
31751551,D6
31756749,D6
31756751,D6
31758707,D6
31761155,D6
31768003,D6
31769056,D6
31771380,D6
31774629,D6
31777101,D6
31777975,D6
31778263,D6
31778526,D6
31782172,D6
31785595,D6
31791038,D6
31791743,D6
31792933,D6
31796993,D6
31798022,D6
31801716,D6
31805408,D6
31806432,D6
31811743,D6
31814092,D6
31815122,D6
31819424,D6
31820198,D6
31826577,D6
31828520,D6
31831349,D6
31833312,D6
31841352,D6
31850689,D6
31856853,D6
31858511,D6
31860680,D6
31867781,D6
31875528,D6
31887181,D6
31894401,D6
31894432,D6
31897891,D6
31899374,D6
31900572,D6
31901554,D6
31910088,D6
31911639,D6
31911786,D6
31915704,D6
31916546,D6
31926129,D6
31932888,D6
31933002,D6
31940689,D6
31943288,D6
31943345,D6
31947689,D6
31950522,D6
31952805,D6
31957897,D6
31962366,D6
31965060,D6
31973990,D6
31977186,D6
31977334,D6
31980876,D6
31981151,D6
31981365,D6
31982249,D6
31984956,D6
31985430,D6
31989683,D6
31991756,D6
31994755,D6
31996106,D6
31998976,D6
32000273,D6
32005061,D6
32008100,D6
32009237,D6
32009615,D6
32013622,D6
32014189,D6
32014583,D6
32017187,D6
32017424,D6
32019982,D6
32022955,D6
32025798,D6
32040598,D6
32042651,D6
32042656,D6
32042659,D6
32044224,D6
32048809,D6
32052642,D6
32053401,D6
32058285,D6
32059234,D6
32060491,D6
32062299,D6
32066323,D6
32077263,D6
32086832,D6
32088924,D6
32088925,D6
32091125,D6
32092169,D6
32096137,D6
32096768,D6
32098585,D6
32103287,D6
32103946,D6
32111789,D6
32112934,D6
32113586,D6
32128527,D6
32131971,D6
32133657,D6
32159274,D6
32160489,D6
32164954,D6
32165749,D6
32167000,D6
32170777,D6
32172923,D6
32174420,D6
32185593,D6
32187863,D6
32190690,D6
32196971,D6
32197115,D6
32197646,D6
32197807,D6
32198782,D6
32203013,D6
32209352,D6
32210280,D6
32211999,D6
32215463,D6
32222345,D6
32223704,D6
32224270,D6
32228256,D6
32233004,D6
32234036,D6
32237683,D6
32238689,D6
32244335,D6
32245447,D6
32271840,D6
32272201,D6
32275899,D6
32279848,D6
32283560,D6
32283888,D6
32285971,D6
32291960,D6
32298135,D6
32301662,D6
32305353,D6
32305426,D6
32309841,D6
32311154,D6
32315779,D6
32316059,D6
32316060,D6
32316943,D6
32333682,D6
32338167,D6
32342545,D6
32349136,D6
32354892,D6
32356295,D6
32356296,D6
32359005,D6
32364629,D6
32369210,D6
32369220,D6
32369494,D6
32375579,D6
32376298,D6
32382570,D6
32384082,D6
32394624,D6
32413774,D6
32413908,D6
32418346,D6
32421424,D6
32426252,D6
32426262,D6
32432851,D6
32437406,D6
32441845,D6
32444954,D6
32448261,D6
32448811,D6
32449035,D6
32449707,D6
32450340,D6
32451957,D6
32458719,D6
32459588,D6
32460592,D6
32460740,D6
32462728,D6
32463515,D6
32471559,D6
32475212,D6
32483878,D6
32484711,D6
32490900,D6
32496502,D6
32498062,D6
32505801,D6
32507677,D6
32514843,D6
32520519,D6
32521058,D6
32522203,D6
32529724,D6
32529785,D6
32531655,D6
32535762,D6
32536266,D6
32536529,D6
32544068,D6
32549571,D6
32557516,D6
32558616,D6
32563434,D6
32567560,D6
32577102,D6
32577103,D6
32582918,D6
32584721,D6
32586832,D6
32588341,D6
32590521,D6
32591524,D6
32596324,D6
32596771,D6
32604299,D6
32607849,D6
32614077,D6
32615011,D6
32618176,D6
32621637,D6
32623779,D6
32624120,D6
32632571,D6
32633420,D6
32633701,D6
32640113,D6
32645503,D6
32651017,D6
32652599,D6
32658179,D6
32659345,D6
32659797,D6
32666727,D6
32667709,D6
32672863,D6
32677115,D6
32686558,D6
32688088,D6
32690279,D6
32691633,D6
32694485,D6
32697398,D6
32699899,D6
32701657,D6
32703311,D6
32706139,D6
32709971,D6
32713662,D6
32715928,D6
32716063,D6
32716092,D6
32719048,D6
32723894,D6
32724796,D6
32724923,D6
32724924,D6
32724925,D6
32727506,D6
32732577,D6
32732578,D6
32732799,D6
32735099,D6
32735102,D6
32742129,D6
32749612,D6
32750216,D6
32769546,D6
32769577,D6
32776615,D6
32778092,D6
32779616,D6
32779622,D6
32783206,D6
32789712,D6
32790921,D6
32790953,D6
32792272,D6
32796603,D6
32797465,D6
32799311,D6
32800758,D6
32800896,D6
32803459,D6
32803696,D6
32807351,D6
32808118,D6
32811725,D6
32813053,D6
32815252,D6
32820218,D6
32821656,D6
32827323,D6
32838464,D6
32853946,D6
32855965,D6
32857004,D6
32859231,D6
32865260,D6
32870527,D6
32877422,D6
32878616,D6
32879518,D6
32885508,D6
32888335,D6
32891835,D6
32892542,D6
32900538,D6
32901678,D6
32902871,D6
32907071,D6
32907772,D6
32908884,D6
32909120,D6
32909820,D6
32913190,D6
32915488,D6
32916005,D6
32930997,D6
32933551,D6
32937928,D6
32940142,D6
32941240,D6
32943076,D6
32949430,D6
32949442,D6
32951192,D6
32956535,D6
32958221,D6
32959159,D6
32962576,D6
32967934,D6
32968987,D6
32969936,D6
32970350,D6
32971543,D6
32971544,D6
32972678,D6
32977912,D6
32987437,D6
32991510,D6
32991618,D6
32991637,D6
32997353,D6
32997528,D6
33003225,D6
33004751,D6
33004928,D6
33009862,D6
33010510,D6
33012443,D6
33012823,D6
33012824,D6
33017801,D6
33019085,D6
33027821,D6
33028314,D6
33034786,D6
33046248,D6
33047382,D6
33052023,D6
33058099,D6
33058190,D6
33064612,D6
33065747,D6
33065749,D6
33069236,D6
33069813,D6
33074573,D6
33077103,D6
33079278,D6
33079604,D6
33079897,D6
33085802,D6
33086415,D6
33086416,D6
33086417,D6
33089667,D6
33095462,D6
33104913,D6
33111968,D6
33113558,D6
33113562,D6
33115350,D6
33116295,D6
33125121,D6
33129211,D6
33129986,D6
33130059,D6
33130305,D6
33136853,D6
33136889,D6
33139057,D6
33141598,D6
33142348,D6
33144508,D6
33146412,D6
33150589,D6
33154428,D6
33155558,D6
33157561,D6
33166074,D6
33168449,D6
33174612,D6
33179804,D6
33181859,D6
33196657,D6
33197028,D6
33202428,D6
33206028,D6
33207394,D6
33210131,D6
33212512,D6
33217060,D6
33220104,D6
33222881,D6
33225808,D6
33226289,D6
33227438,D6
33228708,D6
33230862,D6
33234136,D6
33242094,D6
33243591,D6
33244089,D6
33244090,D6
33249549,D6
33251837,D6
33255022,D6
33263237,D6
33268079,D6
33270046,D6
33270867,D6
33276153,D6
33280138,D6
33280152,D6
33287802,D6
33287832,D6
33308245,D6
33314080,D6
33315696,D6
33320573,D6
33320600,D6
33325099,D6
33331453,D6
33331973,D6
33340244,D6
33340777,D6
33342675,D6
33354978,D6
33355401,D6
33356628,D6
33359249,D6
33359852,D6
33368055,D6
33372253,D6
33375087,D6
33377496,D6
33382095,D6
33394989,D6
33395579,D6
33398932,D6
33400311,D6
33403911,D6
33404123,D6
33405980,D6
33406205,D6
33410213,D6
33415138,D6
33427242,D6
33434103,D6
33436742,D6
33438067,D6
33438505,D6
33440434,D6
33440435,D6
33443215,D6
33445164,D6
33446762,D6
33449646,D6
33451806,D6
33453711,D6
33455002,D6
33455309,D6
33455565,D6
33460911,D6
33461381,D6
33463431,D6
33463432,D6
33463436,D6
33465775,D6
33475276,D6
33475862,D6
33480076,D6
33481466,D6
33482813,D6
33485053,D6
33491800,D6
33493682,D6
33495410,D6
33514429,D6
33530649,D6
33533827,D6
33534613,D6
33536058,D6
33543404,D6
33546670,D6
33546925,D6
33558016,D6
33561146,D6
33565272,D6
33573634,D6
33574494,D6
33576043,D6
33593365,D6
33601180,D6
33602048,D6
33605632,D6
33606294,D6
33606794,D6
33606895,D6
33614435,D6
33614442,D6
33614443,D6
33621666,D6
33625772,D6
33625791,D6
33629437,D6
33630887,D6
33634629,D6
33641804,D6
33657362,D6
33682947,D6
33686790,D6
33692230,D6
33709390,D6
33709440,D6
33709459,D6
33709467,D6
33710644,D6
33713478,D6
33714620,D6
33725735,D6
33729540,D6
33733882,D6
33736485,D6
33738437,D6
33739014,D6
33749866,D6
33753454,D6
33757339,D6
33759484,D6
33764831,D6
33773391,D6
33792006,D6
33800710,D6
33801547,D6
33801860,D6
33812569,D6
33813442,D6
33814330,D6
33826172,D6
33827200,D6
33830550,D6
33831576,D6
33844334,D6
33847538,D6
33847569,D6
33849784,D6
33853660,D6
33855832,D6
33858422,D6
33860511,D6
33863596,D6
33864429,D6
33870528,D6
33871061,D6
33871082,D6
33872370,D6
33875675,D6
33877059,D6
33892589,D6
33892610,D6
33893901,D6
33898288,D6
33899439,D6
33905955,D6
33909713,D6
33909719,D6
33910827,D6
33913530,D6
33914340,D6
33928658,D6
33931811,D6
33935139,D6
33942332,D6
33946887,D6
33955033,D6
33955036,D6
33955568,D6
33959971,D6
33959975,D6
33959989,D6
33967284,D6
33970250,D6
33982674,D6
33982804,D6
33984013,D6
33984889,D6
33985504,D6
33988049,D6
33993951,D6
34013994,D6
34024166,D6
34028840,D6
34029756,D6
34031611,D6
34031931,D6
34032480,D6
34033156,D6
34033931,D6
34036869,D6
34037261,D6
34041760,D6
34076290,D6
34076292,D6
34081344,D6
34082458,D6
34082945,D6
34085907,D6
34088469,D6
34091687,D6
34092498,D6
34100366,D6
34101195,D6
34102687,D6
34107971,D6
34114052,D6
34115061,D6
34115070,D6
34115714,D6
34117071,D6
34118160,D6
34130432,D6
34142897,D6
34143290,D6
34145810,D6
34152356,D6
34158018,D6
34161433,D6
34167338,D6
34171609,D6
34173706,D6
34176345,D6
34179723,D6
34186235,D6
34189643,D6
34190837,D6
34192921,D6
34193933,D6
34209240,D6
34219293,D6
34224167,D6
34225859,D6
34233524,D6
34233852,D6
34242073,D6
34242080,D6
34242997,D6
34243876,D6
34252560,D6
34260445,D6
34260758,D6
34263337,D6
34266520,D6
34273965,D6
34274245,D6
34274502,D6
34281328,D6
34282140,D6
34288006,D6
34292444,D6
34298579,D6
34299937,D6
34304634,D6
34309048,D6
34314533,D6
34326400,D6
34337962,D6
34341600,D6
34343157,D6
34344053,D6
34346849,D6
34350613,D6
34352142,D6
34360864,D6
34370337,D6
34370341,D6
34379677,D6
34381002,D6
34382699,D6
34388012,D6
34391917,D6
34398899,D6
34406150,D6
34410009,D6
34411202,D6
34411205,D6
34411207,D6
34411209,D6
34412025,D6
34417861,D6
34418096,D6
34419826,D6
34420085,D6
34423457,D6
34425742,D6
34428883,D6
34440827,D6
34453449,D6
34459755,D6
34461817,D6
34462826,D6
34465227,D6
34472088,D6
34472987,D6
34475578,D6
34483040,D6
34486459,D6
34486894,D6
34488233,D6
34491974,D6
34500341,D6
34504247,D6
34504262,D6
34509268,D6
34509913,D6
34513988,D6
34516257,D6
34520047,D6
34524548,D6
34527955,D6
34541696,D6
34544197,D6
34545141,D6
34545581,D6
34547785,D6
34547787,D6
34547788,D6
34547789,D6
34558081,D6
34560807,D6
34561120,D6
34562032,D6
34569267,D6
34571544,D6
34581450,D6
34587303,D6
34587641,D6
34590109,D6
34592859,D6
34597164,D6
34598302,D6
34599905,D6
34602737,D6
34605062,D6
34609183,D6
34610029,D6
34620030,D6
34623654,D6
34629417,D6
34634053,D6
34634824,D6
34637153,D6
34638520,D6
34643966,D6
34647476,D6
34647478,D6
34647843,D6
34651322,D6
34652298,D6
34652825,D6
34655241,D6
34655766,D6
34664691,D6
34666413,D6
34668099,D6
34687157,D6
34688960,D6
34698715,D6
34713316,D6
34714701,D6
34724235,D6
34727071,D6
34731911,D6
34736146,D6
34743341,D6
34755216,D6
34779674,D6
34783092,D6
34785696,D6
34787314,D6
34794408,D6
34802060,D6
34807762,D6
34826040,D6
34830237,D6
34837657,D6
34842101,D6
34845246,D6
34847579,D6
34857838,D6
34861875,D6
34866208,D6
34866213,D6
34870491,D6
34874003,D6
34875392,D6
34876010,D6
34884630,D6
34884680,D6
34890363,D6
34897159,D6
34905066,D6
34906741,D6
34907526,D6
34911115,D6
34914628,D6
34919604,D6
34926682,D6
34930351,D6
34936079,D6
34941567,D6
34957579,D6
34958819,D6
34972231,D6
34972232,D6
34973664,D6
34975171,D6
34975220,D6
34980766,D6
34986173,D6
34986843,D6
35006627,D6
35006887,D6
35006944,D6
35008749,D6
35028785,D6
35033148,D6
35040539,D6
35042271,D6
35056411,D6
35066485,D6
35067493,D6
35070870,D6
35080252,D6
35080254,D6
35088447,D6
35088938,D6
35092666,D6
35093495,D6
35098743,D6
35102588,D6
35107342,D6
35119582,D6
35128722,D6
35130972,D6
35137953,D6
35137955,D6
35139311,D6
35139460,D6
35142089,D6
35146966,D6
35151366,D6
35157575,D6
35167770,D6
35171193,D6
35172406,D6
35178749,D6
35195190,D6
35195294,D6
35210288,D6
35224762,D6
35229653,D6
35233044,D6
35233920,D6
35234121,D6
35234122,D6
35234366,D6
35235627,D6
35238856,D6
35241115,D6
35241664,D6
35245156,D6
35248702,D6
35254143,D6
35257492,D6
35258115,D6
35261062,D6
35272366,D6
35272371,D6
35276708,D6
35279486,D6
35282789,D6
35288019,D6
35289413,D6
35289943,D6
35292205,D6
35294928,D6
35298851,D6
35301740,D6
35302250,D6
35305283,D6
35314385,D6
35333738,D6
35333746,D6
35345923,D6
35353991,D6
35358062,D6
35381007,D6
35383973,D6
35383991,D6
35394080,D6
35403281,D6
35403724,D6
35404170,D6
35404342,D6
35414615,D6
35437771,D6
35445429,D6
35445493,D6
35460550,D6
35460592,D6
35481715,D6
35502249,D6
35504146,D6
35523390,D6
35524683,D6
35526160,D6
35527156,D6
35543659,D6
35549713,D6
35550342,D6
35550600,D6
35560359,D6
35562220,D6
35562802,D6
35568914,D6
35580615,D6
35580616,D6
35594008,D6
35594487,D6
35603077,D6
35609872,D6
35609873,D6
35611829,D6
35612699,D6
35616040,D6
35616636,D6
35618492,D6
35623920,D6
35639439,D6
35642268,D6
35652876,D6
35667886,D6
35674798,D6
35675144,D6
35679872,D6
35686589,D6
35688699,D6
35689508,D6
35691537,D6
35705970,D6
35713219,D6
35713260,D6
35715907,D6
35732853,D6
35734828,D6
35752564,D6
35759812,D6
35760365,D6
35763883,D6
35764306,D6
35764459,D6
35771197,D6
35772728,D6
35777378,D6
35784779,D6
35790165,D6
35793485,D6
35795860,D6
35795995,D6
35797625,D6
35803983,D6
35815761,D6
35817707,D6
35820093,D6
35821338,D6
35830311,D6
35834876,D6
35834964,D6
35839838,D6
35841008,D6
35843208,D6
35844114,D6
35852778,D6
35853160,D6
35857711,D6
35878428,D6
35880353,D6
35886080,D6
35888576,D6
35888618,D6
35895761,D6
35895785,D6
35896778,D6
35904834,D6
35913954,D6
35915920,D6
35916574,D6
35916646,D6
35926958,D6
35927668,D6
35929041,D6
35929275,D6
35929727,D6
35941575,D6
35943233,D6
35943947,D6
35947706,D6
35948132,D6
35953282,D6
35960740,D6
35963607,D6
35972990,D6
35974184,D6
35976438,D6
35983913,D6
35986910,D6
35989304,D6
35995620,D6
35996997,D6
36001356,D6
36013522,D6
36018880,D6
36037439,D6
36041275,D6
36047251,D6
36047817,D6
36054415,D6
36056530,D6
36056889,D6
36058516,D6
36058614,D6
36060488,D6
36062338,D6
36064089,D6
36075271,D6
36084141,D6
36098492,D6
36118714,D6
36121271,D6
36122584,D6
36130044,D6
36136932,D6
36148894,D6
36150695,D6
36150696,D6
36156275,D6
36169234,D6
36177536,D6
36177881,D6
36180371,D6
36181274,D6
36182993,D6
36197326,D6
36207369,D6
36215295,D6
36222446,D6
36222619,D6
36257319,D6
36259149,D6
36269396,D6
36273533,D6
36285396,D6
36285427,D6
36293313,D6
36310488,D6
36326437,D6
36343914,D6
36349546,D6
36369743,D6
36374140,D6
36376076,D6
36379999,D6
36382668,D6
36411945,D6
36414002,D6
36417876,D6
36422835,D6
36424688,D6
36426874,D6
36459849,D6
36471632,D6
36473007,D6
36481532,D6
36482856,D6
36493586,D6
36508247,D6
36511300,D6
36516840,D6
36541337,D6
36574044,D6
36577444,D6
36577445,D6
36581479,D6
36584520,D6
36592017,D6
36597708,D6
36598474,D6
36601237,D6
36606042,D6
36618310,D6
36621360,D6
36624133,D6
36626397,D6
36633665,D6
36634741,D6
36635361,D6
36638107,D6
36645043,D6
36646271,D6
36649830,D6
36650855,D6
36652332,D6
36688346,D6
36690022,D6
36690023,D6
36690288,D6
36691866,D6
36701403,D6
36703127,D6
36726277,D6
36728738,D6
36732925,D6
36733642,D6
36733654,D6
36735932,D6
36737772,D6
36746777,D6
36750546,D6
36752692,D6
36756788,D6
36758617,D6
36764846,D6
36765314,D6
36772977,D6
36773546,D6
36775875,D6
36795722,D6
36796077,D6
36796430,D6
36796431,D6
36797993,D6
36811178,D6
36812090,D6
36812935,D6
36820851,D6
36834244,D6
36841790,D6
36847706,D6
36849968,D6
36850902,D6
36852476,D6
36864451,D6
36864720,D6
36868150,D6
36871885,D6
36877155,D6
36881321,D6
36894616,D6
36915203,D6
36917865,D6
36917988,D6
36922161,D6
36929604,D6
36939282,D6
36943262,D6
36965663,D6
36977641,D6
36994481,D6
36995597,D6
37010018,D6
37011040,D6
37012036,D6
37019152,D6
37020578,D6
37026068,D6
37062914,D6
37071824,D6
37073566,D6
37078877,D6
37083985,D6
37092381,D6
37099572,D6
37100497,D6
37105415,D6
37106251,D6
37114865,D6
37114870,D6
37128636,D6
37129323,D6
37130555,D6
37130556,D6
37130557,D6
37133795,D6
37138390,D6
37142232,D6
37142233,D6
37146960,D6
37148995,D6
37160758,D6
37170233,D6
37187251,D6
37187997,D6
37191693,D6
37195000,D6
37207849,D6
37211471,D6
37212657,D6
37220655,D6
37225159,D6
37230117,D6
37235799,D6
37257825,D6
37258126,D6
37263889,D6
37265808,D6
37265877,D6
37271502,D6
37271513,D6
37278016,D6
37279218,D6
37282820,D6
37286806,D6
37287388,D6
37291148,D6
37298111,D6
37304599,D6
37309843,D6
37330224,D6
37345578,D6
37347531,D6
37355369,D6
37355696,D6
37380391,D6
37381061,D6
37383847,D6
37384389,D6
37385428,D6
37385600,D6
37390083,D6
37397629,D6
37397699,D6
37403596,D6
37406996,D6
37417738,D6
37418348,D6
37435744,D6
37460184,D6
37462353,D6
37470173,D6
37473765,D6
37473771,D6
37481547,D6
37487533,D6
37496376,D6
37525246,D6
37528435,D6
37528466,D6
37531239,D6
37532238,D6
37534913,D6
37550102,D6
37552320,D6
37556719,D6
37563636,D6
37573402,D6
37584321,D6
37586554,D6
37586802,D6
37589243,D6
37592275,D6
37592746,D6
37593823,D6
37596801,D6
37619616,D6
37619713,D6
37629152,D6
37629787,D6
37634465,D6
37635342,D6
37635617,D6
37639500,D6
37644283,D6
37663030,D6
37665165,D6
37665632,D6
37668117,D6
37676080,D6
37684025,D6
37694883,D6
37696270,D6
37696299,D6
37702039,D6
37704419,D6
37708150,D6
37708472,D6
37715198,D6
37717208,D6
37733458,D6
37737583,D6
37752132,D6
37752689,D6
37752808,D6
37766500,D6
37770751,D6
37772312,D6
37791442,D6
37806085,D6
37818951,D6
37822110,D6
37822249,D6
37823966,D6
37830539,D6
37833185,D6
37848327,D6
37850240,D6
37856071,D6
37861304,D6
37870158,D6
37890581,D6
37906180,D6
37907243,D6
37907937,D6
37909103,D6
37913794,D6
37915782,D6
37924306,D6
37925281,D6
37930731,D6
37931623,D6
37935116,D6
37935391,D6
37936153,D6
37937551,D6
37967845,D6
37978161,D6
37992144,D6
37993038,D6
37997031,D6
38031528,D6
38039628,D6
38065017,D6
38071467,D6
38072438,D6
38092193,D6
38095661,D6
38098070,D6
38102032,D6
38109844,D6
38113915,D6
38129900,D6
38131525,D6
38143035,D6
38143276,D6
38157949,D6
38174454,D6
38190989,D6
38190990,D6
38194481,D6
38200461,D6
38211901,D6
38213106,D6
38224951,D6
38225877,D6
38227583,D6
38229572,D6
38232477,D6
38233183,D6
38240128,D6
38245849,D6
38258572,D6
38260934,D6
38267039,D6
38278822,D6
38282014,D6
38292707,D6
38302937,D6
38317580,D6
38319426,D6
38326013,D6
38331033,D6
38331034,D6
38335998,D6
38344296,D6
38348858,D6
38349047,D6
38354182,D6
38358307,D6
38368612,D6
38372793,D6
38380523,D6
38394696,D6
38394765,D6
38395060,D6
38401619,D6
38402170,D6
38402631,D6
38417876,D6
38422485,D6
38428121,D6
38428698,D6
38429433,D6
38432085,D6
38442768,D6
38447962,D6
38447964,D6
38457264,D6
38459788,D6
38466022,D6
38467838,D6
38468521,D6
38475906,D6
38499068,D6
38501739,D6
38503301,D6
38506124,D6
38507862,D6
38515416,D6
38517297,D6
38519857,D6
38520628,D6
38525803,D6
38533809,D6
38534160,D6
38539131,D6
38553382,D6
38556784,D6
38562033,D6
38563528,D6
38565922,D6
38567415,D6
38568827,D6
38576016,D6
38579154,D6
38582102,D6
38583525,D6
38591745,D6
38594836,D6
38599605,D6
38600055,D6
38602541,D6
38614193,D6
38615258,D6
38626886,D6
38639204,D6
38640955,D6
38647529,D6
38650558,D6
38650565,D6
38657346,D6
38670148,D6
38670905,D6
38682939,D6
38684415,D6
38690847,D6
38694736,D6
38697509,D6
38701835,D6
38704096,D6
38704532,D6
38709138,D6
38710066,D6
38717791,D6
38718819,D6
38721771,D6
38723028,D6
38723995,D6
38726944,D6
38727116,D6
38730373,D6
38731827,D6
38740251,D6
38741381,D6
38742688,D6
38742752,D6
38744301,D6
38747324,D6
38750119,D6
38753558,D6
38755635,D6
38761202,D6
38764197,D6
38767364,D6
38772850,D6
38781097,D6
38781429,D6
38782801,D6
38783269,D6
38783272,D6
38798121,D6
38798850,D6
38804260,D6
38806292,D6
38807224,D6
38810670,D6
38816454,D6
38821112,D6
38823432,D6
38829115,D6
38834168,D6
38836731,D6
38838049,D6
38841876,D6
38843277,D6
38843820,D6
38846643,D6
38848743,D6
38848749,D6
38850094,D6
38851052,D6
38851675,D6
38853369,D6
38855886,D6
38863104,D6
38870989,D6
38876236,D6
38879698,D6
38881046,D6
38923047,D6
38923543,D6
38923571,D6
38925839,D6
38928145,D6
38936406,D6
38938442,D6
38941166,D6
38943295,D6
38943867,D6
38944675,D6
38952025,D6
38956719,D6
38959879,D6
38961744,D6
38964541,D6
38971766,D6
38972503,D6
38973630,D6
38978345,D6
38980274,D6
38988089,D6
39003989,D6
39004327,D6
39013378,D6
39031096,D6
39031443,D6
39032112,D6
39037619,D6
39037632,D6
39043138,D6
39048025,D6
39048930,D6
39053002,D6
39072761,D6
39074896,D6
39079771,D6
39084545,D6
39087282,D6
39088191,D6
39089316,D6
39093098,D6
39100680,D6
39102850,D6
39102851,D6
39102852,D6
39108014,D6
39117069,D6
39117544,D6
39118343,D6
39121864,D6
39122179,D6
39127080,D6
39134394,D6
39137606,D6
39143023,D6
39143703,D6
39148400,D6
39149893,D6
39155412,D6
39163588,D6
39165218,D6
39166822,D6
39168141,D6
39168422,D6
39171795,D6
39173670,D6
39174762,D6
39175324,D6
39181242,D6
39192290,D6
39209288,D6
39212416,D6
39217412,D6
39227027,D6
39227028,D6
39230539,D6
39235101,D6
39235777,D6
39243099,D6
39245287,D6
39249609,D6
39255812,D6
39260811,D6
39265267,D6
39276502,D6
39276659,D6
39279043,D6
39283875,D6
39289566,D6
39308736,D6
39312474,D6
39315668,D6
39318262,D6
39334089,D6
39344749,D6
39345105,D6
39348804,D6
39360717,D6
39362450,D6
39364840,D6
39365907,D6
39365911,D6
39366420,D6
39368729,D6
39370131,D6
39370441,D6
39380267,D6
39380281,D6
39389107,D6
39393569,D6
39396014,D6
39397384,D6
39400340,D6
39403996,D6
39417529,D6
39420742,D6
39424834,D6
39427476,D6
39427970,D6
39431814,D6
39434203,D6
39436971,D6
39447562,D6
39454242,D6
39456000,D6
39465892,D6
39474770,D6
39476115,D6
39476713,D6
39480740,D6
39482807,D6
39482966,D6
39486180,D6
39487233,D6
39487512,D6
39491521,D6
39494186,D6
39496310,D6
39497144,D6
39502017,D6
39503336,D6
39505066,D6
39511955,D6
39521891,D6
39531863,D6
39542295,D6
39547683,D6
39547684,D6
39547685,D6
39551688,D6
39555683,D6
39557905,D6
39561181,D6
39563170,D6
39566358,D6
39567697,D6
39572217,D6
39572420,D6
39577110,D6
39580671,D6
39587575,D6
39603604,D6
39603898,D6
39604491,D6
39607250,D6
39608270,D6
39612574,D6
39614325,D6
39617960,D6
39618533,D6
39626655,D6
39633532,D6
39637918,D6
39639734,D6
39649744,D6
39653079,D6
39653318,D6
39654262,D6
39657931,D6
39662684,D6
39665351,D6
39673885,D6
39681280,D6
39681876,D6
39684723,D6
39693009,D6
39694448,D6
39698964,D6
39699160,D6
39701181,D6
39702245,D6
39703178,D6
39707518,D6
39707695,D6
39709021,D6
39723658,D6
39724729,D6
39725595,D6
39733901,D6
39737051,D6
39741089,D6
39744466,D6
39749381,D6
39751831,D6
39776415,D6
39777781,D6
39778911,D6
39781408,D6
39793190,D6
39793197,D6
39794854,D6
39795911,D6
39797571,D6
39813584,D6
39814013,D6
39814045,D6
39815446,D6
39815793,D6
39833770,D6
39835630,D6
39837556,D6
39837557,D6
39837558,D6
39840608,D6
39842095,D6
39843480,D6
39846941,D6
39848937,D6
39849265,D6
39870037,D6
39870560,D6
39883965,D6
39885397,D6
39887216,D6
39889228,D6
39889746,D6
39889747,D6
39890505,D6
39891030,D6
39892741,D6
39893997,D6
39895425,D6
39898162,D6
39898173,D6
39900501,D6
39905612,D6
39910448,D6
39912883,D6
39914019,D6
39914023,D6
39915861,D6
39915894,D6
39922178,D6
39929037,D6
39933239,D6
39933720,D6
39934526,D6
39953574,D6
39953786,D6
39965619,D6
39967459,D6
39972999,D6
39973336,D6
39976918,D6
39977419,D6
39982121,D6
39986922,D6
39988893,D6
39994711,D6
40001236,D6
40008463,D6
40010461,D6
40011895,D6
40013457,D6
40019514,D6
40024765,D6
40029355,D6
40033549,D6
40033815,D6
40033853,D6
40036028,D6
40038245,D6
40043613,D6
40049143,D6
40054618,D6
40059430,D6
40062642,D6
40064586,D6
40067729,D6
40071705,D6
40074742,D6
40081419,D6
40084482,D6
40090277,D6
40092204,D6
40095749,D6
40106085,D6
40110991,D6
40111450,D6
40118772,D6
40119494,D6
40121432,D6
40122581,D6
40130766,D6
40138157,D6
40139159,D6
40140668,D6
40149932,D6
40158658,D6
40159851,D6
40159866,D6
40170945,D6
40173048,D6
40179155,D6
40180662,D6
40185195,D6
40188110,D6
40192639,D6
40195612,D6
40203060,D6
40204858,D6
40217466,D6
40223479,D6
40226419,D6
40228545,D6
40228546,D6
40229790,D6
40229877,D6
40231673,D6
40233796,D6
40233818,D6
40235411,D6
40235417,D6
40237326,D6
40250470,D6
40254966,D6
40260979,D6
40285436,D6
40289612,D6
40294452,D6
40297017,D6
40304061,D6
40306458,D6
40306656,D6
40312797,D6
40314971,D6
40318622,D6
40320832,D6
40323334,D6
40326210,D6
40333898,D6
40334349,D6
40341514,D6
40345246,D6
40347286,D6
40350557,D6
40354487,D6
40357816,D6
40367980,D6
40368863,D6
40371840,D6
40377265,D6
40384286,D6
40387364,D6
40393511,D6
40399677,D6
40403376,D6
40405261,D6
40405546,D6
40406914,D6
40413372,D6
40425040,D6
40426164,D6
40426199,D6
40433821,D6
40437480,D6
40445948,D6
40449365,D6
40450308,D6
40450892,D6
40450954,D6
40455707,D6
40455881,D6
40457615,D6
40460536,D6
40461339,D6
40461642,D6
40473729,D6
40474443,D6
40488664,D6
40491075,D6
40492446,D6
40494878,D6
40495706,D6
40498109,D6
40498974,D6
40501170,D6
40509681,D6
40514003,D6
40516142,D6
40517035,D6
40521678,D6
40528518,D6
40531686,D6
40532890,D6
40543596,D6
40546094,D6
40548746,D6
40552436,D6
40555829,D6
40556526,D6
40572640,D6
40576056,D6
40576683,D6
40578010,D6
40579036,D6
40582041,D6
40588163,D6
40590336,D6
40597458,D6
40599101,D6
40600256,D6
40600422,D6
40603124,D6
40605350,D6
40606712,D6
40613618,D6
40613632,D6
40613873,D6
40624954,D6
40627755,D6
40627762,D6
40628297,D6
40628406,D6
40631664,D6
40631699,D6
40631710,D6
40669851,D6
40669852,D6
40675183,D6
40675186,D6
40679251,D6
40680361,D6
40682365,D6
40683300,D6
40685948,D6
40694590,D6
40695488,D6
40695489,D6
40698391,D6
40698516,D6
40701619,D6
40713658,D6
40714190,D6
40717621,D6
40719109,D6
40719113,D6
40722017,D6
40726100,D6
40741802,D6
40743825,D6
40744091,D6
40744483,D6
40747958,D6
40749727,D6
40753421,D6
40755289,D6
40763791,D6
40767149,D6
40786742,D6
40790206,D6
40797346,D6
40803960,D6
40804422,D6
40815852,D6
40816320,D6
40833070,D6
40833162,D6
40840224,D6
40841837,D6
40842117,D6
40842176,D6
40846292,D6
40849765,D6
40853576,D6
40865560,D6
40879667,D6
40883430,D6
40884561,D6
40890723,D6
40898201,D6
40902635,D6
40902750,D6
40912279,D6
40913298,D6
40914834,D6
40920648,D6
40922452,D6
40922548,D6
40923776,D6
40925695,D6
40930153,D6
40931893,D6
40934952,D6
40937680,D6
40948057,D6
40955800,D6
40957368,D6
40961982,D6
40968213,D6
40969741,D6
40993972,D6
40996111,D6
40998927,D6
40999476,D6
41003806,D6
41013457,D6
41015061,D6
41015717,D6
41020599,D6
41022262,D6
41023378,D6
41023955,D6
41036376,D6
41036642,D6
41036668,D6
41037802,D6
41038247,D6
41045235,D6
41046114,D6
41056965,D6
41056989,D6
41067421,D6
41067886,D6
41072080,D6
41072472,D6
41073793,D6
41075225,D6
41088371,D6
41097877,D6
41099756,D6
41105113,D6
41108053,D6
41110812,D6
41114907,D6
41116607,D6
41117479,D6
41119996,D6
41121327,D6
41125119,D6
41128403,D6
41138727,D6
41139507,D6
41143583,D6
41145071,D6
41148211,D6
41155782,D6
41160855,D6
41161251,D6
41163096,D6
41166749,D6
41174761,D6
41178525,D6
41187158,D6
41191328,D6
41192053,D6
41194038,D6
41194167,D6
41194314,D6
41214087,D6
41224233,D6
41233200,D6
41234465,D6
41235728,D6
41237430,D6
41241736,D6
41243437,D6
41251263,D6
41253184,D6
41253308,D6
41264340,D6
41268773,D6
41271443,D6
41274212,D6
41277865,D6
41287575,D6
41288104,D6
41291907,D6
41307407,D6
41316974,D6
41325913,D6
41326001,D6
41330553,D6
41339264,D6
41344201,D6
41344366,D6
41350412,D6
41350874,D6
41352863,D6
41358636,D6
41360999,D6
41370466,D6
41372092,D6
41386710,D6
41386711,D6
41386720,D6
41388007,D6
41391137,D6
41392305,D6
41392549,D6
41392579,D6
41395778,D6
41397351,D6
41401941,D6
41406595,D6
41410358,D6
41411740,D6
41417157,D6
41417440,D6
41417614,D6
41418398,D6
41418687,D6
41420803,D6
41423917,D6
41432788,D6
41442904,D6
41444962,D6
41449786,D6
41451803,D6
41453386,D6
41454562,D6
41456281,D6
41478106,D6
41478392,D6
41526313,D6
41550189,D6
41578792,D6
41584241,D6
41784125,D6
41928753,D6
42023920,D6
42189619,D6
