rank,poprzednik_A,termin_B,y0_B,podobienstwo,percentyl_losowy,n_A_okno_wczesne,n_B_okno_pozne,okno_wczesne,okno_pozne,n_wspolnych_prac,A_2005,B_2005,A_2006,B_2006,A_2007,B_2007,A_2008,B_2008,A_2009,B_2009,A_2010,B_2010,A_2011,B_2011,A_2012,B_2012,A_2013,B_2013,A_2014,B_2014,A_2015,B_2015,A_2016,B_2016,A_2017,B_2017,A_2018,B_2018,A_2019,B_2019,A_2020,B_2020,A_2021,B_2021,A_2022,B_2022,A_2023,B_2023,A_2024,B_2024,A_2025,B_2025,tytuly_A_wczesne,tytuly_B_pozne,tytuly_WSPOLNE,werdykt
1,critical limb ischemia,limb threatening,2021,0.5968,100.0,358,621,2017-2020,2021-2024,21,13,13,27,20,38,11,44,17,66,12,66,24,79,10,82,16,95,6,86,8,89,14,126,16,104,25,90,21,84,38,80,110,67,144,38,145,22,146,29,186,29,193,"A Multicenter Predictive Score for Amputation-Free Survival for Patients Operated on with an Heparin-Bonded ePTFE Graft for Critical Limb Ischemia.
[Omniflow-IITM for critical limb ischemia : Long-term results].
Neutrophil-to-lymphocyte ratio is effective prognostic indicator for post-amputation patients with critical limb ischemia.
Clinical Outcomes of Pedal Artery Angioplasty for Patients With Ischemic Wounds: Results From the Multicenter RENDEZVOUS Registry.
Inframalleolar Interventions in Critical Limb Ischemia: Trailblazing the Path Toward the Final Frontier?","Risk Models and Scores in Patients with Peripheral Artery Disease and Chronic Limb-threatening Ischemia: A Comprehensive Review.
Phage Therapy for Limb-threatening Prosthetic Knee Klebsiella pneumoniae Infection: Case Report and In Vitro Characterization of Anti-biofilm Activity.
Validation of Global Limb Anatomical Staging System (GLASS) in patients with hemodialysis and Chronic Limb-Threatening Ischemia after endovascular treatment.
Outcomes of open and hybrid treatments in below the knee pathology for critical limb threatening ischemia.
Evaluation of Clinical Outcomes After Revascularization in Patients With Chronic Limb-Threatening Ischemia: Results From a Prospective National Cohort Study (RIVALUTANDO).","Ambulatory Status Over Time after Revascularization in Patients with Chronic Limb-Threatening Ischemia.
Impact of homocysteine levels on mortality risk in patients with chronic limb-threatening ischemia undergoing revascularization.
Multi-Level Lower Extremity Arterial Revascularization Via Retrograde Pedal Access Under Local Anesthesia in a Patient With Severe Cardiopulmonary Comorbidities: A Case Report.
Use of drug-eluting stents in patients with critical limb ischemia and infrapopliteal arterial disease: a real-world single-center experience.
Health Related Quality of Life Over Time After Revascularisation in Patients With Chronic Limb Threatening Ischaemia.",
2,critical limb ischemia,limb threatening ischemia,2020,0.5856,100.0,404,416,2016-2019,2020-2023,17,13,4,27,3,38,6,44,8,66,3,66,7,79,3,82,1,95,1,86,2,89,3,126,3,104,13,90,14,84,23,80,77,67,109,38,108,22,122,29,161,29,165,"Clinical outcome of angiosome-oriented infrapopliteal percutaneous transluminal angioplasty for isolated infrapopliteal lesions in patients with critical limb ischemia.
Commentary: Carbon Dioxide Automated Angiography in Patients With a High Risk of Contrast-Induced Nephropathy Who Undergo Percutaneous Interventions for Critical Limb Ischemia.
Low Rates of Revascularization and High In-Hospital Mortality in Patients With Ischemic Lower Limb Amputation: Morbidity and Mortality of Ischemic Amputation.
[Indications and results of endovascular therapy of critical limb ischemia].
The Use of the Angiosome Concept for Treating Infrapopliteal Critical Limb Ischemia through Interventional Therapy and Determining the Clinical Significance of Collateral Vessels.","Paclitaxel-Coated Balloon for the Treatment of Infrainguinal Disease: 12-Month Outcomes in the All-Comers Cohort of BIOLUX P-III Global Registry.
Outcomes of Pedal Artery Angioplasty Are Independent of the Severity of Inframalleolar Disease: A Subanalysis of the Multicenter RENDEZVOUS Registry.
Predictors of Major Adverse Limb Events after Open Forefoot Amputation in Patients with Chronic Limb-Threatening Ischemia.
Implications of early failure of isolated endovascular tibial interventions.
Below-the-Ankle Arrival Time as a Novel Limb Tissue Perfusion Index: Two-dimensional Perfusion Angiography Evaluation.","The Association of Preoperative Characteristics with Reintervention Risk in Patients Undergoing Revascularization for Chronic Limb-Threatening Ischemia.
Limb-Based Patency After Surgical vs Endovascular Revascularization in Patients with Chronic Limb-Threatening Ischemia.
Direct transpedal pressure measurement during transpedal below-the-knee interventions in critical limb ischemia.
Current opinion on the role of the foot perfusion in limb amputation risk assessment.
Early outcomes of patients with chronic kidney disease after revascularization for critical limb ischemia.",
3,cli,limb threatening,2021,0.5661,100.0,231,621,2017-2020,2021-2024,26,8,13,21,20,17,11,22,17,43,12,48,24,61,10,51,16,59,6,51,8,57,14,72,16,75,25,53,21,56,38,47,110,33,144,24,145,18,146,23,186,30,193,"A Multicenter Predictive Score for Amputation-Free Survival for Patients Operated on with an Heparin-Bonded ePTFE Graft for Critical Limb Ischemia.
Neutrophil-to-lymphocyte ratio is effective prognostic indicator for post-amputation patients with critical limb ischemia.
Sailing the Murky Seas of Endovascular CLI Revascularization: Is Wound Blush Our Beacon?
Wound Blush Obtainment Is the Most Important Angiographic Endpoint for Wound Healing.
Editor's Choice - Dual Antiplatelet Therapy Improves Outcome in Diabetic Patients Undergoing Endovascular Femoropopliteal Stenting for Critical Limb Ischaemia.","Risk Models and Scores in Patients with Peripheral Artery Disease and Chronic Limb-threatening Ischemia: A Comprehensive Review.
Phage Therapy for Limb-threatening Prosthetic Knee Klebsiella pneumoniae Infection: Case Report and In Vitro Characterization of Anti-biofilm Activity.
Validation of Global Limb Anatomical Staging System (GLASS) in patients with hemodialysis and Chronic Limb-Threatening Ischemia after endovascular treatment.
Outcomes of open and hybrid treatments in below the knee pathology for critical limb threatening ischemia.
Evaluation of Clinical Outcomes After Revascularization in Patients With Chronic Limb-Threatening Ischemia: Results From a Prospective National Cohort Study (RIVALUTANDO).","Risk Models and Scores in Patients with Peripheral Artery Disease and Chronic Limb-threatening Ischemia: A Comprehensive Review.
Participation in a Chronic Limb Threatening Ischemia Randomized Trial Is Inversely Correlated With Regional Amputation Rate in Limb Threatening Ischemia Patients.
Local intramuscular transplantation of autologous bone marrow mononuclear cells for critical lower limb ischaemia.
Mesenchymal stem cells for critical limb ischemia: their function, mechanism, and therapeutic potential.
ERICVA Risk Scale simplified as a predictor of amputation in critical limb ischemia.",
4,critical limb ischemia,threatening ischemia clti,2020,0.5622,100.0,404,292,2016-2019,2020-2023,12,13,0,27,0,38,0,44,0,66,0,66,0,79,0,82,0,95,0,86,0,89,0,126,0,104,8,90,5,84,13,80,50,67,78,38,81,22,83,29,94,29,121,"Clinical outcome of angiosome-oriented infrapopliteal percutaneous transluminal angioplasty for isolated infrapopliteal lesions in patients with critical limb ischemia.
Commentary: Carbon Dioxide Automated Angiography in Patients With a High Risk of Contrast-Induced Nephropathy Who Undergo Percutaneous Interventions for Critical Limb Ischemia.
Low Rates of Revascularization and High In-Hospital Mortality in Patients With Ischemic Lower Limb Amputation: Morbidity and Mortality of Ischemic Amputation.
[Indications and results of endovascular therapy of critical limb ischemia].
The Use of the Angiosome Concept for Treating Infrapopliteal Critical Limb Ischemia through Interventional Therapy and Determining the Clinical Significance of Collateral Vessels.","Outcomes of Pedal Artery Angioplasty Are Independent of the Severity of Inframalleolar Disease: A Subanalysis of the Multicenter RENDEZVOUS Registry.
Predictors of Major Adverse Limb Events after Open Forefoot Amputation in Patients with Chronic Limb-Threatening Ischemia.
Below-the-Ankle Arrival Time as a Novel Limb Tissue Perfusion Index: Two-dimensional Perfusion Angiography Evaluation.
Outcomes of Peripheral Vascular Interventions via Retrograde Pedal Access for Chronic Limb-Threatening Ischemia in a Multicenter Registry.
In Situ Vein Bypass Is Superior to Endovascular Treatment of Femoropopliteal Lesions in Chronic Limb-Threatening Ischemia.","The Association of Preoperative Characteristics with Reintervention Risk in Patients Undergoing Revascularization for Chronic Limb-Threatening Ischemia.
Limb-Based Patency After Surgical vs Endovascular Revascularization in Patients with Chronic Limb-Threatening Ischemia.
Direct transpedal pressure measurement during transpedal below-the-knee interventions in critical limb ischemia.
Current opinion on the role of the foot perfusion in limb amputation risk assessment.
Early outcomes of patients with chronic kidney disease after revascularization for critical limb ischemia.",
5,limb ischemia cli,limb threatening,2021,0.5495,100.0,190,621,2017-2020,2021-2024,1,4,13,15,20,15,11,17,17,32,12,38,24,53,10,40,16,54,6,46,8,52,14,65,16,63,25,43,21,43,38,41,110,26,144,16,145,9,146,7,186,7,193,"A Multicenter Predictive Score for Amputation-Free Survival for Patients Operated on with an Heparin-Bonded ePTFE Graft for Critical Limb Ischemia.
Neutrophil-to-lymphocyte ratio is effective prognostic indicator for post-amputation patients with critical limb ischemia.
Wound Blush Obtainment Is the Most Important Angiographic Endpoint for Wound Healing.
Conservative management of distal leg necrosis in lung transplant recipients.
The effect of ambulatory status on outcomes of percutaneous vascular interventions and lower extremity bypass for critical limb ischemia in the Vascular Quality Initiative.","Risk Models and Scores in Patients with Peripheral Artery Disease and Chronic Limb-threatening Ischemia: A Comprehensive Review.
Phage Therapy for Limb-threatening Prosthetic Knee Klebsiella pneumoniae Infection: Case Report and In Vitro Characterization of Anti-biofilm Activity.
Validation of Global Limb Anatomical Staging System (GLASS) in patients with hemodialysis and Chronic Limb-Threatening Ischemia after endovascular treatment.
Outcomes of open and hybrid treatments in below the knee pathology for critical limb threatening ischemia.
Evaluation of Clinical Outcomes After Revascularization in Patients With Chronic Limb-Threatening Ischemia: Results From a Prospective National Cohort Study (RIVALUTANDO).",The Untold Story: Early and Mid-Term Results of Subintimal Angioplasty in Superficial Femoral Artery Versus Popliteal Artery Chronic Total Occlusion.,
6,cli,limb threatening ischemia,2020,0.5417,100.0,256,416,2016-2019,2020-2023,15,8,4,21,3,17,6,22,8,43,3,48,7,61,3,51,1,59,1,51,2,57,3,72,3,75,13,53,14,56,23,47,77,33,109,24,108,18,122,23,161,30,165,"Low Rates of Revascularization and High In-Hospital Mortality in Patients With Ischemic Lower Limb Amputation: Morbidity and Mortality of Ischemic Amputation.
[Indications and results of endovascular therapy of critical limb ischemia].
The Use of the Angiosome Concept for Treating Infrapopliteal Critical Limb Ischemia through Interventional Therapy and Determining the Clinical Significance of Collateral Vessels.
Endovascular Surgery, Open Surgery, and Primary Amputation in Nonagenarians Presenting with Critical Limb Ischemia.
In-hospital outcomes in patients with critical limb ischemia and end-stage renal disease after revascularization.","Paclitaxel-Coated Balloon for the Treatment of Infrainguinal Disease: 12-Month Outcomes in the All-Comers Cohort of BIOLUX P-III Global Registry.
Outcomes of Pedal Artery Angioplasty Are Independent of the Severity of Inframalleolar Disease: A Subanalysis of the Multicenter RENDEZVOUS Registry.
Predictors of Major Adverse Limb Events after Open Forefoot Amputation in Patients with Chronic Limb-Threatening Ischemia.
Implications of early failure of isolated endovascular tibial interventions.
Below-the-Ankle Arrival Time as a Novel Limb Tissue Perfusion Index: Two-dimensional Perfusion Angiography Evaluation.","Duplex Ultrasound May Predict the Best Level of Lower Limb Amputation in Patients with Chronic Limb-Threatening Ischemia: A Retrospective Observational Cohort Study.
Risk Models and Scores in Patients with Peripheral Artery Disease and Chronic Limb-threatening Ischemia: A Comprehensive Review.
Current opinion on the role of the foot perfusion in limb amputation risk assessment.
Influence of Operative Time in the Results of Infrainguinal Bypass for Chronic Limb Threatening Ischemia.
Arterial calcification and long-term outcome in chronic limb-threatening ischemia patients.",
7,limb ischemia cli,limb threatening ischemia,2020,0.5327,100.0,214,416,2016-2019,2020-2023,1,4,4,15,3,15,6,17,8,32,3,38,7,53,3,40,1,54,1,46,2,52,3,65,3,63,13,43,14,43,23,41,77,26,109,16,108,9,122,7,161,7,165,"Low Rates of Revascularization and High In-Hospital Mortality in Patients With Ischemic Lower Limb Amputation: Morbidity and Mortality of Ischemic Amputation.
[Indications and results of endovascular therapy of critical limb ischemia].
The Use of the Angiosome Concept for Treating Infrapopliteal Critical Limb Ischemia through Interventional Therapy and Determining the Clinical Significance of Collateral Vessels.
Endovascular Surgery, Open Surgery, and Primary Amputation in Nonagenarians Presenting with Critical Limb Ischemia.
In-hospital outcomes in patients with critical limb ischemia and end-stage renal disease after revascularization.","Paclitaxel-Coated Balloon for the Treatment of Infrainguinal Disease: 12-Month Outcomes in the All-Comers Cohort of BIOLUX P-III Global Registry.
Outcomes of Pedal Artery Angioplasty Are Independent of the Severity of Inframalleolar Disease: A Subanalysis of the Multicenter RENDEZVOUS Registry.
Predictors of Major Adverse Limb Events after Open Forefoot Amputation in Patients with Chronic Limb-Threatening Ischemia.
Implications of early failure of isolated endovascular tibial interventions.
Below-the-Ankle Arrival Time as a Novel Limb Tissue Perfusion Index: Two-dimensional Perfusion Angiography Evaluation.",Current opinion on the role of the foot perfusion in limb amputation risk assessment.,
8,cli,threatening ischemia clti,2020,0.5295,100.0,256,292,2016-2019,2020-2023,7,8,0,21,0,17,0,22,0,43,0,48,0,61,0,51,0,59,0,51,0,57,0,72,0,75,8,53,5,56,13,47,50,33,78,24,81,18,83,23,94,30,121,"Low Rates of Revascularization and High In-Hospital Mortality in Patients With Ischemic Lower Limb Amputation: Morbidity and Mortality of Ischemic Amputation.
[Indications and results of endovascular therapy of critical limb ischemia].
The Use of the Angiosome Concept for Treating Infrapopliteal Critical Limb Ischemia through Interventional Therapy and Determining the Clinical Significance of Collateral Vessels.
Endovascular Surgery, Open Surgery, and Primary Amputation in Nonagenarians Presenting with Critical Limb Ischemia.
In-hospital outcomes in patients with critical limb ischemia and end-stage renal disease after revascularization.","Outcomes of Pedal Artery Angioplasty Are Independent of the Severity of Inframalleolar Disease: A Subanalysis of the Multicenter RENDEZVOUS Registry.
Predictors of Major Adverse Limb Events after Open Forefoot Amputation in Patients with Chronic Limb-Threatening Ischemia.
Below-the-Ankle Arrival Time as a Novel Limb Tissue Perfusion Index: Two-dimensional Perfusion Angiography Evaluation.
Outcomes of Peripheral Vascular Interventions via Retrograde Pedal Access for Chronic Limb-Threatening Ischemia in a Multicenter Registry.
In Situ Vein Bypass Is Superior to Endovascular Treatment of Femoropopliteal Lesions in Chronic Limb-Threatening Ischemia.","Current opinion on the role of the foot perfusion in limb amputation risk assessment.
Surgery or Endovascular Therapy for Chronic Limb-Threatening Ischemia.
Relationship between WIfI stage and quality of life at revascularization in the BEST-CLI trial.
Baseline modern medical management in the BEST-CLI trial.
Perioperative complications following open or endovascular revascularization for chronic limb-threatening ischemia in the BEST-CLI Trial.",
9,limb ischemia cli,threatening ischemia clti,2020,0.5216,100.0,214,292,2016-2019,2020-2023,1,4,0,15,0,15,0,17,0,32,0,38,0,53,0,40,0,54,0,46,0,52,0,65,0,63,8,43,5,43,13,41,50,26,78,16,81,9,83,7,94,7,121,"Low Rates of Revascularization and High In-Hospital Mortality in Patients With Ischemic Lower Limb Amputation: Morbidity and Mortality of Ischemic Amputation.
[Indications and results of endovascular therapy of critical limb ischemia].
The Use of the Angiosome Concept for Treating Infrapopliteal Critical Limb Ischemia through Interventional Therapy and Determining the Clinical Significance of Collateral Vessels.
Endovascular Surgery, Open Surgery, and Primary Amputation in Nonagenarians Presenting with Critical Limb Ischemia.
In-hospital outcomes in patients with critical limb ischemia and end-stage renal disease after revascularization.","Outcomes of Pedal Artery Angioplasty Are Independent of the Severity of Inframalleolar Disease: A Subanalysis of the Multicenter RENDEZVOUS Registry.
Predictors of Major Adverse Limb Events after Open Forefoot Amputation in Patients with Chronic Limb-Threatening Ischemia.
Below-the-Ankle Arrival Time as a Novel Limb Tissue Perfusion Index: Two-dimensional Perfusion Angiography Evaluation.
Outcomes of Peripheral Vascular Interventions via Retrograde Pedal Access for Chronic Limb-Threatening Ischemia in a Multicenter Registry.
In Situ Vein Bypass Is Superior to Endovascular Treatment of Femoropopliteal Lesions in Chronic Limb-Threatening Ischemia.",Current opinion on the role of the foot perfusion in limb amputation risk assessment.,
10,critical limb ischemia,with clti,2020,0.5185,100.0,404,194,2016-2019,2020-2023,4,13,0,27,0,38,0,44,0,66,0,66,0,79,0,82,0,95,0,86,0,89,0,126,0,104,4,90,4,84,12,80,30,67,50,38,57,22,57,29,73,29,71,"Clinical outcome of angiosome-oriented infrapopliteal percutaneous transluminal angioplasty for isolated infrapopliteal lesions in patients with critical limb ischemia.
Commentary: Carbon Dioxide Automated Angiography in Patients With a High Risk of Contrast-Induced Nephropathy Who Undergo Percutaneous Interventions for Critical Limb Ischemia.
Low Rates of Revascularization and High In-Hospital Mortality in Patients With Ischemic Lower Limb Amputation: Morbidity and Mortality of Ischemic Amputation.
[Indications and results of endovascular therapy of critical limb ischemia].
The Use of the Angiosome Concept for Treating Infrapopliteal Critical Limb Ischemia through Interventional Therapy and Determining the Clinical Significance of Collateral Vessels.","Descriptive title: The body with chronic limb-threatening ischaemia: A phenomenologically derived understanding.
Outcomes of Pedal Artery Angioplasty Are Independent of the Severity of Inframalleolar Disease: A Subanalysis of the Multicenter RENDEZVOUS Registry.
Predictors of Major Adverse Limb Events after Open Forefoot Amputation in Patients with Chronic Limb-Threatening Ischemia.
Outcomes of Peripheral Vascular Interventions via Retrograde Pedal Access for Chronic Limb-Threatening Ischemia in a Multicenter Registry.
In Situ Vein Bypass Is Superior to Endovascular Treatment of Femoropopliteal Lesions in Chronic Limb-Threatening Ischemia.","Ambulatory Status Over Time after Revascularization in Patients with Chronic Limb-Threatening Ischemia.
The Society for Vascular Surgery Objective Performance Goals for Critical Limb Ischemia are attainable in select patients with ischemic wounds managed with wound care alone.
Analysis of Interwoven Nitinol Stenting for the Treatment of Critical Limb Ischemia: Outcomes From an Average 3-Year Follow-up Period.
Critical Limb Ischemia in Nonagenarians: A Challenge of Our Times.",
11,critical limb ischemia,freedom from,2022,0.5133,100.0,321,216,2018-2021,2022-2025,13,13,2,27,3,38,7,44,6,66,11,66,13,79,13,82,14,95,27,86,35,89,26,126,26,104,31,90,26,84,44,80,52,67,35,38,36,22,36,29,73,29,71,"Axillobifemoral Bypasses: Reappraisal of an Extra-Anatomic Bypass by Analysis of Results and Prognostic Factors.
Lower Extremity Bypass Using Bovine Carotid Artery Graft (Artegraft): An Analysis of 124 Cases with Long-Term Results.
Predictors of delayed wound healing after successful isolated below-the-knee endovascular intervention in patients with ischemic foot ulcers.
Reclaiming Autologous Amputated Tissue for Limb Salvage of a Diabetic Foot Burn with Underlying Critical Limb Ischemia.
Aggressive infrainguinal revascularization in renal transplant patients is justifiable.","10-Year clinical outcomes of hemodialysis patients with peripheral arterial disease due to infrainguinal disease undergoing endovascular therapy.
Contemporary outcomes of limb-salvage procedures using Vascular Quality Initiative-Medicare-linked data: Racial and ethnic disparities persist.
Assessment of Sirolimus- vs. paCLitaxEl-coated balloon angioPlasty In atherosclerotic femoropopliteal lesiOnS (ASCLEPIOS Study): preliminary results.
Paclitaxel in real-life data is not associated with reduced survival but has limited benefit in preventing amputation.
Individual patient data meta-analysis of patients treated with a heparin-bonded Viabahn in the femoropopliteal artery for chronic limb-threatening ischemia.","Midterm Outcomes of Endovascular Therapy for TASC II D Femoropopliteal Lesions with Critical Limb Ischemia: A Retrospective Analysis.
Ten-year experience of infrainguinal bypass with endoscopic vein harvest.
Drug-Coated Balloon for the Treatment of Long-Segment Femoropopliteal Artery Disease: Pooled Analysis from the BIOLUX P-III SPAIN and BIOLUX P-III All-Comers Registry Long Lesion Subgroup.
Ten-year experience with use of cryopreserved allografts for redo infrapopliteal bypass.
Amputation-free survival in the long-term follow-up and gender-related characteristics in patients revascularized for critical limb ischemia.",
12,with cli,limb threatening,2021,0.5054,100.0,115,621,2017-2020,2021-2024,5,8,13,13,20,9,11,13,17,24,12,21,24,32,10,21,16,26,6,24,8,27,14,33,16,41,25,27,21,25,38,22,110,15,144,12,145,6,146,3,186,3,193,"A Multicenter Predictive Score for Amputation-Free Survival for Patients Operated on with an Heparin-Bonded ePTFE Graft for Critical Limb Ischemia.
Neutrophil-to-lymphocyte ratio is effective prognostic indicator for post-amputation patients with critical limb ischemia.
Wound Blush Obtainment Is the Most Important Angiographic Endpoint for Wound Healing.
Editor's Choice - Dual Antiplatelet Therapy Improves Outcome in Diabetic Patients Undergoing Endovascular Femoropopliteal Stenting for Critical Limb Ischaemia.
The effect of ambulatory status on outcomes of percutaneous vascular interventions and lower extremity bypass for critical limb ischemia in the Vascular Quality Initiative.","Risk Models and Scores in Patients with Peripheral Artery Disease and Chronic Limb-threatening Ischemia: A Comprehensive Review.
Phage Therapy for Limb-threatening Prosthetic Knee Klebsiella pneumoniae Infection: Case Report and In Vitro Characterization of Anti-biofilm Activity.
Validation of Global Limb Anatomical Staging System (GLASS) in patients with hemodialysis and Chronic Limb-Threatening Ischemia after endovascular treatment.
Outcomes of open and hybrid treatments in below the knee pathology for critical limb threatening ischemia.
Evaluation of Clinical Outcomes After Revascularization in Patients With Chronic Limb-Threatening Ischemia: Results From a Prospective National Cohort Study (RIVALUTANDO).","Participation in a Chronic Limb Threatening Ischemia Randomized Trial Is Inversely Correlated With Regional Amputation Rate in Limb Threatening Ischemia Patients.
Local intramuscular transplantation of autologous bone marrow mononuclear cells for critical lower limb ischaemia.
Mesenchymal stem cells for critical limb ischemia: their function, mechanism, and therapeutic potential.
ERICVA Risk Scale simplified as a predictor of amputation in critical limb ischemia.
Revascularisation Options for Chronic Limb Threatening Ischaemia in Diabetes: Implications From Two Recent Trials.",
13,nationwide inpatient sample,comorbidity,2019,0.5029,100.0,198,2645,2015-2018,2019-2022,39,6,39,5,53,11,82,8,108,18,130,14,148,14,198,23,217,46,306,84,343,50,365,52,423,53,454,43,500,26,618,17,675,15,647,16,705,6,639,18,798,12,906,"International classification of disease clinical modification 9 modeling of a patient comorbidity score predicts incidence of perioperative complications in a nationwide inpatient sample assessment of complications in spine surgery.
Health care burden of anterior cervical spine surgery: national trends in hospital charges and length of stay, 2000-2009.
Incidental dural tear in cervical spine surgery: analysis of a nationwide database.
The John Insall Award: Morbid obesity independently impacts complications, mortality, and resource use after TKA.
Does HIV infection increase the risk of perioperative complications after THA? A nationwide database study.","Participation in Regular Physical Activity After Total Knee or Hip Arthroplasty for Osteoarthritis: Prevalence, Associated Factors, and Type.
What Factors Influence Reimbursement for 1 to 2 Level Anterior Cervical Discectomy and Fusion Procedures?
Quantitative Risk Factor Analysis of Postoperative Dysphagia After Anterior Cervical Discectomy and Fusion (ACDF) Using the Eating Assessment Tool-10 (EAT-10).
Perioperative Catheter Use as a Risk Factor for Surgical Site Infection After Cervical Surgery: An Analysis of 39,893 Patients.
Lack of Cost Savings for Lumbar Spine Fusions After Bundled Payments for Care Improvement Initiative: A Consequence of Increased Case Complexity.","Patient and Practice Trends in Total Ankle Replacement and Tibiotalar Arthrodesis in the United States From 2007 to 2013.
Risk Factors for Cerebrospinal Fluid Leak Following Anterior Cervical Discectomy and Fusion.
Machine Learning Accurately Predicts Short-Term Outcomes Following Open Reduction and Internal Fixation of Ankle Fractures.
Investigating the utility of intraoperative neurophysiological monitoring for anterior cervical discectomy and fusion: analysis of over 140,000 cases from the National (Nationwide) Inpatient Sample data set.
Matched Cohort Analysis of Total Hip Arthroplasty in Patients With and Without Parkinson's Disease: Complications, Mortality, Length of Stay, and Hospital Charges.",
14,critical limb ischemia,patient with clti,2020,0.5026,100.0,404,160,2016-2019,2020-2023,4,13,0,27,0,38,0,44,0,66,0,66,0,79,0,82,0,95,0,86,0,89,0,126,0,104,4,90,3,84,9,80,21,67,40,38,51,22,48,29,62,29,61,"Clinical outcome of angiosome-oriented infrapopliteal percutaneous transluminal angioplasty for isolated infrapopliteal lesions in patients with critical limb ischemia.
Commentary: Carbon Dioxide Automated Angiography in Patients With a High Risk of Contrast-Induced Nephropathy Who Undergo Percutaneous Interventions for Critical Limb Ischemia.
Low Rates of Revascularization and High In-Hospital Mortality in Patients With Ischemic Lower Limb Amputation: Morbidity and Mortality of Ischemic Amputation.
[Indications and results of endovascular therapy of critical limb ischemia].
The Use of the Angiosome Concept for Treating Infrapopliteal Critical Limb Ischemia through Interventional Therapy and Determining the Clinical Significance of Collateral Vessels.","Outcomes of Pedal Artery Angioplasty Are Independent of the Severity of Inframalleolar Disease: A Subanalysis of the Multicenter RENDEZVOUS Registry.
Predictors of Major Adverse Limb Events after Open Forefoot Amputation in Patients with Chronic Limb-Threatening Ischemia.
Outcomes of Peripheral Vascular Interventions via Retrograde Pedal Access for Chronic Limb-Threatening Ischemia in a Multicenter Registry.
In Situ Vein Bypass Is Superior to Endovascular Treatment of Femoropopliteal Lesions in Chronic Limb-Threatening Ischemia.
Comparative 12-Month Outcomes of Drug-Coated Balloon Versus Non-Drug-Coated Balloon Revascularization Strategy in Chronic Limb-Threatening Ischemia: Results From the XLPAD Registry.","Ambulatory Status Over Time after Revascularization in Patients with Chronic Limb-Threatening Ischemia.
The Society for Vascular Surgery Objective Performance Goals for Critical Limb Ischemia are attainable in select patients with ischemic wounds managed with wound care alone.
Analysis of Interwoven Nitinol Stenting for the Treatment of Critical Limb Ischemia: Outcomes From an Average 3-Year Follow-up Period.
Critical Limb Ischemia in Nonagenarians: A Challenge of Our Times.",
15,critical limb ischemia,free survival afs,2020,0.495,100.0,404,82,2016-2019,2020-2023,7,13,0,27,0,38,0,44,1,66,2,66,4,79,6,82,3,95,8,86,9,89,19,126,12,104,16,90,15,84,13,80,23,67,25,38,16,22,18,29,40,29,35,"Clinical outcome of angiosome-oriented infrapopliteal percutaneous transluminal angioplasty for isolated infrapopliteal lesions in patients with critical limb ischemia.
Commentary: Carbon Dioxide Automated Angiography in Patients With a High Risk of Contrast-Induced Nephropathy Who Undergo Percutaneous Interventions for Critical Limb Ischemia.
Low Rates of Revascularization and High In-Hospital Mortality in Patients With Ischemic Lower Limb Amputation: Morbidity and Mortality of Ischemic Amputation.
[Indications and results of endovascular therapy of critical limb ischemia].
The Use of the Angiosome Concept for Treating Infrapopliteal Critical Limb Ischemia through Interventional Therapy and Determining the Clinical Significance of Collateral Vessels.","The Controlling Nutritional Status Score is Significantly Associated with Complete Ulcer Healing in Patients with Critical Limb Ischemia.
Outcomes of Peripheral Vascular Interventions via Retrograde Pedal Access for Chronic Limb-Threatening Ischemia in a Multicenter Registry.
Outcomes of isolated inframalleolar interventions for chronic limb-threatening ischemia in diabetic patients.
Amputation-free survival, limb symptom alleviation, and reintervention rates after open and endovascular revascularization of femoropopliteal lesions in patients with chronic limb-threatening ischemia.
Improved survival with angiotensin-converting enzyme inhibitors and angiotensin receptor blockers in chronic limb-threatening ischemia.","The Controlling Nutritional Status Score is Significantly Associated with Complete Ulcer Healing in Patients with Critical Limb Ischemia.
Endovascular or open surgical treatment of high-risk patients with infrainguinal peripheral arterial disease and critical limb ischemia.
End-stage renal disease patients undergoing angioplasty and bypass for critical limb ischemia have worse outcomes compared to non-ESRD patients: Systematic review and meta-analysis.
Could prior endovascular interventions affect the results of lower extremity below the knee autologous vein bypasses?
Validation of ERICVA Risk Score as a Predictor of One Year Amputation-Free Survival of Patients with Critical Limb Ischemia.",
16,with cli,limb threatening ischemia,2020,0.4944,100.0,126,416,2016-2019,2020-2023,5,8,4,13,3,9,6,13,8,24,3,21,7,32,3,21,1,26,1,24,2,27,3,33,3,41,13,27,14,25,23,22,77,15,109,12,108,6,122,3,161,3,165,"Low Rates of Revascularization and High In-Hospital Mortality in Patients With Ischemic Lower Limb Amputation: Morbidity and Mortality of Ischemic Amputation.
Management of Critical Limb Ischemia.
Predictors of major amputation despite patent bypass grafts.
The Role of Sequential Pneumatic Compression in Limb Salvage in Non-reconstructable Critical Limb Ischemia.
Expansion and angiogenic potential of mesenchymal stem cells from patients with critical limb ischemia.","Paclitaxel-Coated Balloon for the Treatment of Infrainguinal Disease: 12-Month Outcomes in the All-Comers Cohort of BIOLUX P-III Global Registry.
Outcomes of Pedal Artery Angioplasty Are Independent of the Severity of Inframalleolar Disease: A Subanalysis of the Multicenter RENDEZVOUS Registry.
Predictors of Major Adverse Limb Events after Open Forefoot Amputation in Patients with Chronic Limb-Threatening Ischemia.
Implications of early failure of isolated endovascular tibial interventions.
Below-the-Ankle Arrival Time as a Novel Limb Tissue Perfusion Index: Two-dimensional Perfusion Angiography Evaluation.","Duplex Ultrasound May Predict the Best Level of Lower Limb Amputation in Patients with Chronic Limb-Threatening Ischemia: A Retrospective Observational Cohort Study.
Arterial calcification and long-term outcome in chronic limb-threatening ischemia patients.
Participation in a Chronic Limb Threatening Ischemia Randomized Trial Is Inversely Correlated With Regional Amputation Rate in Limb Threatening Ischemia Patients.
Mesenchymal stem cells for critical limb ischemia: their function, mechanism, and therapeutic potential.
ERICVA Risk Scale simplified as a predictor of amputation in critical limb ischemia.",
17,nationwide inpatient sample,regression,2019,0.4931,100.0,198,5881,2015-2018,2019-2022,36,6,129,5,137,11,168,8,187,18,237,14,280,14,368,23,416,46,538,84,598,50,698,52,849,53,941,43,1093,26,1372,17,1496,15,1499,16,1514,6,1448,18,1715,12,2031,"International classification of disease clinical modification 9 modeling of a patient comorbidity score predicts incidence of perioperative complications in a nationwide inpatient sample assessment of complications in spine surgery.
Health care burden of anterior cervical spine surgery: national trends in hospital charges and length of stay, 2000-2009.
Incidental dural tear in cervical spine surgery: analysis of a nationwide database.
The John Insall Award: Morbid obesity independently impacts complications, mortality, and resource use after TKA.
Does HIV infection increase the risk of perioperative complications after THA? A nationwide database study.","Systematic Selection of Key Logistic Regression Variables for Risk Prediction Analyses: A Five-Factor Maximum Model.
Hospitals' adoption of medical device registers: Evidence from the German Arthroplasty Register.
Does Perioperative Hemoglobin A1c Level Affect the Incidence, Pattern and Mortality of Lower Extremity Amputation?
Is the ""Appropriate Use Criteria"" for Type II Supracondylar Humerus Fractures Really Appropriate?
Strength Testing After Anterior Cruciate Ligament Reconstruction: A Prospective Cohort Study Investigating Overlap of Tests.","Inhospital Complications of Patients With Neuromuscular Disorders Undergoing Total Joint Arthroplasty.
Risk Factors for Cerebrospinal Fluid Leak Following Anterior Cervical Discectomy and Fusion.
Disparities in outcomes of patients admitted with diabetic foot infections.
Machine Learning Accurately Predicts Short-Term Outcomes Following Open Reduction and Internal Fixation of Ankle Fractures.
The effect of income and insurance on the likelihood of major leg amputation.",
18,critical limb ischemia,for chronic limb,2020,0.4921,100.0,404,124,2016-2019,2020-2023,3,13,1,27,1,38,0,44,0,66,0,66,1,79,1,82,0,95,2,86,0,89,2,126,0,104,5,90,3,84,8,80,30,67,29,38,36,22,29,29,42,29,38,"Clinical outcome of angiosome-oriented infrapopliteal percutaneous transluminal angioplasty for isolated infrapopliteal lesions in patients with critical limb ischemia.
Commentary: Carbon Dioxide Automated Angiography in Patients With a High Risk of Contrast-Induced Nephropathy Who Undergo Percutaneous Interventions for Critical Limb Ischemia.
Low Rates of Revascularization and High In-Hospital Mortality in Patients With Ischemic Lower Limb Amputation: Morbidity and Mortality of Ischemic Amputation.
[Indications and results of endovascular therapy of critical limb ischemia].
The Use of the Angiosome Concept for Treating Infrapopliteal Critical Limb Ischemia through Interventional Therapy and Determining the Clinical Significance of Collateral Vessels.","Outcomes of Pedal Artery Angioplasty Are Independent of the Severity of Inframalleolar Disease: A Subanalysis of the Multicenter RENDEZVOUS Registry.
Implications of early failure of isolated endovascular tibial interventions.
Outcomes of Peripheral Vascular Interventions via Retrograde Pedal Access for Chronic Limb-Threatening Ischemia in a Multicenter Registry.
Outcomes of isolated inframalleolar interventions for chronic limb-threatening ischemia in diabetic patients.
Comparative 12-Month Outcomes of Drug-Coated Balloon Versus Non-Drug-Coated Balloon Revascularization Strategy in Chronic Limb-Threatening Ischemia: Results From the XLPAD Registry.","The Association of Preoperative Characteristics with Reintervention Risk in Patients Undergoing Revascularization for Chronic Limb-Threatening Ischemia.
Limb-Based Patency After Surgical vs Endovascular Revascularization in Patients with Chronic Limb-Threatening Ischemia.
The Geriatric Nutritional Risk Index predicts amputation after infrapopliteal angioplasty in critical limb ischemia patients.",
19,cli,with clti,2020,0.4915,100.0,256,194,2016-2019,2020-2023,8,8,0,21,0,17,0,22,0,43,0,48,0,61,0,51,0,59,0,51,0,57,0,72,0,75,4,53,4,56,12,47,30,33,50,24,57,18,57,23,73,30,71,"Low Rates of Revascularization and High In-Hospital Mortality in Patients With Ischemic Lower Limb Amputation: Morbidity and Mortality of Ischemic Amputation.
[Indications and results of endovascular therapy of critical limb ischemia].
The Use of the Angiosome Concept for Treating Infrapopliteal Critical Limb Ischemia through Interventional Therapy and Determining the Clinical Significance of Collateral Vessels.
Endovascular Surgery, Open Surgery, and Primary Amputation in Nonagenarians Presenting with Critical Limb Ischemia.
In-hospital outcomes in patients with critical limb ischemia and end-stage renal disease after revascularization.","Descriptive title: The body with chronic limb-threatening ischaemia: A phenomenologically derived understanding.
Outcomes of Pedal Artery Angioplasty Are Independent of the Severity of Inframalleolar Disease: A Subanalysis of the Multicenter RENDEZVOUS Registry.
Predictors of Major Adverse Limb Events after Open Forefoot Amputation in Patients with Chronic Limb-Threatening Ischemia.
Outcomes of Peripheral Vascular Interventions via Retrograde Pedal Access for Chronic Limb-Threatening Ischemia in a Multicenter Registry.
In Situ Vein Bypass Is Superior to Endovascular Treatment of Femoropopliteal Lesions in Chronic Limb-Threatening Ischemia.","Risk Models and Scores in Patients with Peripheral Artery Disease and Chronic Limb-threatening Ischemia: A Comprehensive Review.
Surgery or Endovascular Therapy for Chronic Limb-Threatening Ischemia.
Relationship between WIfI stage and quality of life at revascularization in the BEST-CLI trial.
Baseline modern medical management in the BEST-CLI trial.
Perioperative complications following open or endovascular revascularization for chronic limb-threatening ischemia in the BEST-CLI Trial.",
20,restenosis,target lesion,2019,0.4899,100.0,90,92,2015-2018,2019-2022,28,0,0,10,2,7,0,12,1,10,9,21,2,23,7,22,14,19,11,23,17,15,12,34,28,23,19,18,13,16,29,16,33,9,21,5,9,14,27,22,56,24,41,"Safety, clinical outcome, and fracture rate of femoropopliteal stenting using a 4F compatible delivery system.
Atheromatous occlusive lesions of the popliteal artery treated with stent grafts: predictive factors of midterm patency.
Angioplasty of femoral-popliteal arteries with drug-coated balloons: 5-year follow-up of the THUNDER trial.
Cervical open-door laminoplasty technique with simple sutures and bone grafts: a single institutional study with 30 consecutive cases.
Paclitaxel-releasing balloon in femoropopliteal lesions using a BTHC excipient: twelve-month results from the BIOLUX P-I randomized trial.","The use of drug-eluting stents in infrapopliteal arteries: an updated systematic review and meta-analysis of randomized trials.
Drug-eluting balloon angioplasty versus uncoated balloon angioplasty for the treatment of in-stent restenosis of the femoropopliteal arteries.
Six-Month Angiographic and Clinical Outcomes of Therapeutic Ultrasound Pretreatment Associated With Plain Balloon Angioplasty for Below-the-Knee Lesions in Patients With Critical Limb Ischemia: A Prospective, Single-Center Pilot Study.
Drug-coated balloon versus uncoated percutaneous transluminal angioplasty for the treatment of atherosclerotic lesions in the superficial femoral and proximal popliteal artery: 2-year results of the MDT-2113 SFA Japan randomized trial.
Drug-Coated Balloon Treatment for Femoropopliteal Artery Disease: The Chronic Total Occlusion Cohort in the IN.PACT Global Study.","The use of drug-eluting stents in infrapopliteal arteries: an updated systematic review and meta-analysis of randomized trials.
Drug-eluting balloon angioplasty versus uncoated balloon angioplasty for the treatment of in-stent restenosis of the femoropopliteal arteries.
Six-Month Angiographic and Clinical Outcomes of Therapeutic Ultrasound Pretreatment Associated With Plain Balloon Angioplasty for Below-the-Knee Lesions in Patients With Critical Limb Ischemia: A Prospective, Single-Center Pilot Study.
Drug-Coated Balloon Treatment for Femoropopliteal Artery Disease: The Chronic Total Occlusion Cohort in the IN.PACT Global Study.
Impact of Plaque Calcification and Stent Oversizing on Clinical Outcomes of Atherosclerotic Femoropopliteal Arterial Occlusive Disease Following Stent Angioplasty.",
21,critical limb ischemia,afs,2020,0.4878,100.0,404,95,2016-2019,2020-2023,7,13,0,27,0,38,0,44,1,66,3,66,4,79,7,82,6,95,11,86,11,89,20,126,13,104,18,90,16,84,14,80,25,67,31,38,19,22,20,29,44,29,36,"Clinical outcome of angiosome-oriented infrapopliteal percutaneous transluminal angioplasty for isolated infrapopliteal lesions in patients with critical limb ischemia.
Commentary: Carbon Dioxide Automated Angiography in Patients With a High Risk of Contrast-Induced Nephropathy Who Undergo Percutaneous Interventions for Critical Limb Ischemia.
Low Rates of Revascularization and High In-Hospital Mortality in Patients With Ischemic Lower Limb Amputation: Morbidity and Mortality of Ischemic Amputation.
[Indications and results of endovascular therapy of critical limb ischemia].
The Use of the Angiosome Concept for Treating Infrapopliteal Critical Limb Ischemia through Interventional Therapy and Determining the Clinical Significance of Collateral Vessels.","Efficacy of antifibrinolytics in pediatric orthopedic surgery: a systematic review and meta-analysis.
The Controlling Nutritional Status Score is Significantly Associated with Complete Ulcer Healing in Patients with Critical Limb Ischemia.
Outcomes of Peripheral Vascular Interventions via Retrograde Pedal Access for Chronic Limb-Threatening Ischemia in a Multicenter Registry.
Outcomes of isolated inframalleolar interventions for chronic limb-threatening ischemia in diabetic patients.
Mortality Rate of Geriatric Acetabular Fractures Is High Compared With Hip Fractures. A Matched Cohort Study.","The Controlling Nutritional Status Score is Significantly Associated with Complete Ulcer Healing in Patients with Critical Limb Ischemia.
Endovascular or open surgical treatment of high-risk patients with infrainguinal peripheral arterial disease and critical limb ischemia.
End-stage renal disease patients undergoing angioplasty and bypass for critical limb ischemia have worse outcomes compared to non-ESRD patients: Systematic review and meta-analysis.
Could prior endovascular interventions affect the results of lower extremity below the knee autologous vein bypasses?
Validation of ERICVA Risk Score as a Predictor of One Year Amputation-Free Survival of Patients with Critical Limb Ischemia.",
22,patient with cli,limb threatening,2021,0.487,100.0,91,621,2017-2020,2021-2024,4,8,13,10,20,6,11,13,17,20,12,17,24,22,10,18,16,18,6,20,8,23,14,26,16,32,25,20,21,20,38,19,110,13,144,9,145,6,146,2,186,2,193,"A Multicenter Predictive Score for Amputation-Free Survival for Patients Operated on with an Heparin-Bonded ePTFE Graft for Critical Limb Ischemia.
Neutrophil-to-lymphocyte ratio is effective prognostic indicator for post-amputation patients with critical limb ischemia.
Wound Blush Obtainment Is the Most Important Angiographic Endpoint for Wound Healing.
Editor's Choice - Dual Antiplatelet Therapy Improves Outcome in Diabetic Patients Undergoing Endovascular Femoropopliteal Stenting for Critical Limb Ischaemia.
The effect of ambulatory status on outcomes of percutaneous vascular interventions and lower extremity bypass for critical limb ischemia in the Vascular Quality Initiative.","Risk Models and Scores in Patients with Peripheral Artery Disease and Chronic Limb-threatening Ischemia: A Comprehensive Review.
Phage Therapy for Limb-threatening Prosthetic Knee Klebsiella pneumoniae Infection: Case Report and In Vitro Characterization of Anti-biofilm Activity.
Validation of Global Limb Anatomical Staging System (GLASS) in patients with hemodialysis and Chronic Limb-Threatening Ischemia after endovascular treatment.
Outcomes of open and hybrid treatments in below the knee pathology for critical limb threatening ischemia.
Evaluation of Clinical Outcomes After Revascularization in Patients With Chronic Limb-Threatening Ischemia: Results From a Prospective National Cohort Study (RIVALUTANDO).","Participation in a Chronic Limb Threatening Ischemia Randomized Trial Is Inversely Correlated With Regional Amputation Rate in Limb Threatening Ischemia Patients.
Mesenchymal stem cells for critical limb ischemia: their function, mechanism, and therapeutic potential.
ERICVA Risk Scale simplified as a predictor of amputation in critical limb ischemia.
Revascularisation Options for Chronic Limb Threatening Ischaemia in Diabetes: Implications From Two Recent Trials.",
23,critical limb ischemia,for clti,2020,0.4848,100.0,404,104,2016-2019,2020-2023,4,13,0,27,0,38,0,44,0,66,0,66,0,79,0,82,0,95,0,86,0,89,0,126,0,104,5,90,3,84,8,80,17,67,29,38,31,22,27,29,30,29,44,"Clinical outcome of angiosome-oriented infrapopliteal percutaneous transluminal angioplasty for isolated infrapopliteal lesions in patients with critical limb ischemia.
Commentary: Carbon Dioxide Automated Angiography in Patients With a High Risk of Contrast-Induced Nephropathy Who Undergo Percutaneous Interventions for Critical Limb Ischemia.
Low Rates of Revascularization and High In-Hospital Mortality in Patients With Ischemic Lower Limb Amputation: Morbidity and Mortality of Ischemic Amputation.
[Indications and results of endovascular therapy of critical limb ischemia].
The Use of the Angiosome Concept for Treating Infrapopliteal Critical Limb Ischemia through Interventional Therapy and Determining the Clinical Significance of Collateral Vessels.","The Association of Preoperative Characteristics with Reintervention Risk in Patients Undergoing Revascularization for Chronic Limb-Threatening Ischemia.
Amputation-free survival, limb symptom alleviation, and reintervention rates after open and endovascular revascularization of femoropopliteal lesions in patients with chronic limb-threatening ischemia.
Improved survival with angiotensin-converting enzyme inhibitors and angiotensin receptor blockers in chronic limb-threatening ischemia.
Endovascular Therapy Provides Similar Results of Bypass Graft Surgery in the Treatment of Infrainguinal Multilevel Arterial Disease in Patients with Chronic Limb-Threatening Ischemia in All GLASS Stages.
Increased Reintervention After Infrainguinal Revascularization for Chronic Limb-Threatening Ischemia in Women.","The Association of Preoperative Characteristics with Reintervention Risk in Patients Undergoing Revascularization for Chronic Limb-Threatening Ischemia.
Impact of homocysteine levels on mortality risk in patients with chronic limb-threatening ischemia undergoing revascularization.
Health Related Quality of Life Over Time After Revascularisation in Patients With Chronic Limb Threatening Ischaemia.
Analysis of Interwoven Nitinol Stenting for the Treatment of Critical Limb Ischemia: Outcomes From an Average 3-Year Follow-up Period.",
24,nationwide inpatient sample,insurance,2018,0.4847,100.0,239,650,2014-2017,2018-2021,13,6,9,5,16,11,22,8,20,18,19,14,31,14,46,23,35,46,70,84,83,50,91,52,98,53,116,43,144,26,173,17,182,15,151,16,188,6,156,18,204,12,191,"International classification of disease clinical modification 9 modeling of a patient comorbidity score predicts incidence of perioperative complications in a nationwide inpatient sample assessment of complications in spine surgery.
Treatment of femoral head osteonecrosis in the United States: 16-year analysis of the Nationwide Inpatient Sample.
Comparison between cervical total disc replacement and anterior cervical discectomy and fusion of 1 to 2 levels from 2002 to 2009.
Health care burden of anterior cervical spine surgery: national trends in hospital charges and length of stay, 2000-2009.
Incidence, outcomes, and mortality of reintubation after anterior cervical fusion.","Comparison of the risk of non-traumatic lower extremity amputation between haemodialysis and peritoneal dialysis patients with end-stage renal disease.
Analysis of National Rates, Cost, and Sources of Cost Variation in Adult Spinal Deformity.
Risk Factors Associated With Failure to Reach Minimal Clinically Important Difference in Patient-reported Outcomes Following Minimally Invasive Transforaminal Lumbar Interbody Fusion for Spondylolisthesis.
Variation in Spine Surgeon Selection Criteria Between Neurosurgery and Orthopedic Surgery Patients.
Increased Volume of Lumbar Surgeries for Herniated Intervertebral Disc Disease and Cost-Effectiveness Analysis: A Nationwide Cohort Study.","Does Parkinson Disease Increase the Risk of Perioperative Complications After Total Hip Arthroplasty? A Nationwide Database Study.
Insurance Status Affects In-Hospital Complication Rates After Total Knee Arthroplasty.
Use of Bone Morphogenetic Protein-2 in Vertebral Column Tumor Surgery: A National Investigation.
Parkinson's disease increases the risk of perioperative complications after total knee arthroplasty: a nationwide database study.
The effect of income and insurance on the likelihood of major leg amputation.",
25,question purpose,level iii,2016,0.4844,100.0,1065,1996,2012-2015,2016-2019,268,0,42,0,40,0,34,0,74,20,65,195,77,249,128,248,152,276,195,317,273,224,303,171,407,135,444,123,500,133,645,128,676,128,608,108,581,75,592,80,747,87,757,"Is percutaneous repair better than open repair in acute Achilles tendon rupture?
Can wedge osteotomy correct depression of the lateral tibial plateau mimicking posterolateral rotatory knee instability?
Can arthroscopically assisted treatment of chronic patellar tendinopathy reduce pain and restore function?
Can tantalum cones provide fixation in complex revision knee arthroplasty?
Single- versus double-bundle ACL reconstruction: is there any difference in stability and function at 3-year followup?","Postoperative Complications After Hip Surgery in Patients With Cerebral Palsy: A Retrospective Matched Cohort Study.
Functional Outcomes After Treatment of Scaphoid Fractures in Children and Adolescents.
The Mark Coventry Award: Custom Cutting Guides Do Not Improve Total Knee Arthroplasty Clinical Outcomes at 2 Years Followup.
Time-driven Activity-based Costing More Accurately Reflects Costs in Arthroplasty Surgery.
Initial Correction Predicts the Need for Secondary Achilles Tendon Procedures in Patients With Idiopathic Clubfoot Treated With Ponseti Casting.","The Mark Coventry Award: Custom Cutting Guides Do Not Improve Total Knee Arthroplasty Clinical Outcomes at 2 Years Followup.
Time-driven Activity-based Costing More Accurately Reflects Costs in Arthroplasty Surgery.
What Can We Learn From 20-year Followup Studies of Hip Replacement?
Wear and Osteolysis of Highly Crosslinked Polyethylene at 10 to 14 Years: The Effect of Femoral Head Size.
What Are the Risk Factors and Management Options for Infection After Reconstruction With Massive Bone Allografts?",
26,with cli,threatening ischemia clti,2020,0.4837,100.0,126,292,2016-2019,2020-2023,0,8,0,13,0,9,0,13,0,24,0,21,0,32,0,21,0,26,0,24,0,27,0,33,0,41,8,27,5,25,13,22,50,15,78,12,81,6,83,3,94,3,121,"Low Rates of Revascularization and High In-Hospital Mortality in Patients With Ischemic Lower Limb Amputation: Morbidity and Mortality of Ischemic Amputation.
Management of Critical Limb Ischemia.
Predictors of major amputation despite patent bypass grafts.
The Role of Sequential Pneumatic Compression in Limb Salvage in Non-reconstructable Critical Limb Ischemia.
Expansion and angiogenic potential of mesenchymal stem cells from patients with critical limb ischemia.","Outcomes of Pedal Artery Angioplasty Are Independent of the Severity of Inframalleolar Disease: A Subanalysis of the Multicenter RENDEZVOUS Registry.
Predictors of Major Adverse Limb Events after Open Forefoot Amputation in Patients with Chronic Limb-Threatening Ischemia.
Below-the-Ankle Arrival Time as a Novel Limb Tissue Perfusion Index: Two-dimensional Perfusion Angiography Evaluation.
Outcomes of Peripheral Vascular Interventions via Retrograde Pedal Access for Chronic Limb-Threatening Ischemia in a Multicenter Registry.
In Situ Vein Bypass Is Superior to Endovascular Treatment of Femoropopliteal Lesions in Chronic Limb-Threatening Ischemia.",,
27,nationwide inpatient sample,logistic regression,2018,0.4831,100.0,239,2511,2014-2017,2018-2021,36,6,49,5,52,11,58,8,75,18,71,14,102,14,155,23,158,46,245,84,237,50,323,52,382,53,427,43,491,26,577,17,716,15,727,16,727,6,757,18,882,12,1075,"International classification of disease clinical modification 9 modeling of a patient comorbidity score predicts incidence of perioperative complications in a nationwide inpatient sample assessment of complications in spine surgery.
Treatment of femoral head osteonecrosis in the United States: 16-year analysis of the Nationwide Inpatient Sample.
Comparison between cervical total disc replacement and anterior cervical discectomy and fusion of 1 to 2 levels from 2002 to 2009.
Health care burden of anterior cervical spine surgery: national trends in hospital charges and length of stay, 2000-2009.
Incidence, outcomes, and mortality of reintubation after anterior cervical fusion.","Risk Factors for Postoperative Infections After Single-Level Lumbar Fusion Surgery.
The Impact of Resident Involvement in Elective Posterior Cervical Fusion.
Dynamic Splinting in Children and Adolescents With Stiffness After Knee Surgery.
Incidence and Risk Factors for 30-Day Unplanned Readmissions After Elective Posterior Lumbar Fusion.
Risk Factors for Readmissions Following Anterior Lumbar Interbody Fusion.","Psychosocial Factors and Surgical Outcomes in Adult Spinal Deformity: Do Dementia Patients Have More Complications?
Venous thromboembolic prophylaxis after simultaneous bilateral total knee arthroplasty: aspirin versus warfarin.
Insurance Status Affects In-Hospital Complication Rates After Total Knee Arthroplasty.
Total Joint Arthroplasty in Patients With Schizophrenia: How Much Does It Increase the Risk of Complications?
Increasing Burden of Total Hip Arthroplasty Revisions in Patients Between 45 and 64 Years of Age.",
28,critical limb ischemia,clti patient,2020,0.4812,100.0,404,107,2016-2019,2020-2023,7,13,0,27,0,38,0,44,0,66,0,66,0,79,0,82,0,95,0,86,0,89,0,126,0,104,4,90,4,84,5,80,21,67,32,38,30,22,24,29,24,29,29,"Clinical outcome of angiosome-oriented infrapopliteal percutaneous transluminal angioplasty for isolated infrapopliteal lesions in patients with critical limb ischemia.
Commentary: Carbon Dioxide Automated Angiography in Patients With a High Risk of Contrast-Induced Nephropathy Who Undergo Percutaneous Interventions for Critical Limb Ischemia.
Low Rates of Revascularization and High In-Hospital Mortality in Patients With Ischemic Lower Limb Amputation: Morbidity and Mortality of Ischemic Amputation.
[Indications and results of endovascular therapy of critical limb ischemia].
The Use of the Angiosome Concept for Treating Infrapopliteal Critical Limb Ischemia through Interventional Therapy and Determining the Clinical Significance of Collateral Vessels.","Outcomes of Pedal Artery Angioplasty Are Independent of the Severity of Inframalleolar Disease: A Subanalysis of the Multicenter RENDEZVOUS Registry.
External validation of the Vascular Quality Initiative prediction model for survival in no-option chronic limb-threatening ischemia patients.
Comparative 12-Month Outcomes of Drug-Coated Balloon Versus Non-Drug-Coated Balloon Revascularization Strategy in Chronic Limb-Threatening Ischemia: Results From the XLPAD Registry.
The Association of Preoperative Characteristics with Reintervention Risk in Patients Undergoing Revascularization for Chronic Limb-Threatening Ischemia.
Improved survival with angiotensin-converting enzyme inhibitors and angiotensin receptor blockers in chronic limb-threatening ischemia.","The Association of Preoperative Characteristics with Reintervention Risk in Patients Undergoing Revascularization for Chronic Limb-Threatening Ischemia.
Limb-Based Patency After Surgical vs Endovascular Revascularization in Patients with Chronic Limb-Threatening Ischemia.
Ambulatory Status Over Time after Revascularization in Patients with Chronic Limb-Threatening Ischemia.
Impact of homocysteine levels on mortality risk in patients with chronic limb-threatening ischemia undergoing revascularization.
Health Related Quality of Life Over Time After Revascularisation in Patients With Chronic Limb Threatening Ischaemia.",
29,cli,patient with clti,2020,0.4796,100.0,256,160,2016-2019,2020-2023,6,8,0,21,0,17,0,22,0,43,0,48,0,61,0,51,0,59,0,51,0,57,0,72,0,75,4,53,3,56,9,47,21,33,40,24,51,18,48,23,62,30,61,"Low Rates of Revascularization and High In-Hospital Mortality in Patients With Ischemic Lower Limb Amputation: Morbidity and Mortality of Ischemic Amputation.
[Indications and results of endovascular therapy of critical limb ischemia].
The Use of the Angiosome Concept for Treating Infrapopliteal Critical Limb Ischemia through Interventional Therapy and Determining the Clinical Significance of Collateral Vessels.
Endovascular Surgery, Open Surgery, and Primary Amputation in Nonagenarians Presenting with Critical Limb Ischemia.
In-hospital outcomes in patients with critical limb ischemia and end-stage renal disease after revascularization.","Outcomes of Pedal Artery Angioplasty Are Independent of the Severity of Inframalleolar Disease: A Subanalysis of the Multicenter RENDEZVOUS Registry.
Predictors of Major Adverse Limb Events after Open Forefoot Amputation in Patients with Chronic Limb-Threatening Ischemia.
Outcomes of Peripheral Vascular Interventions via Retrograde Pedal Access for Chronic Limb-Threatening Ischemia in a Multicenter Registry.
In Situ Vein Bypass Is Superior to Endovascular Treatment of Femoropopliteal Lesions in Chronic Limb-Threatening Ischemia.
Comparative 12-Month Outcomes of Drug-Coated Balloon Versus Non-Drug-Coated Balloon Revascularization Strategy in Chronic Limb-Threatening Ischemia: Results From the XLPAD Registry.","Risk Models and Scores in Patients with Peripheral Artery Disease and Chronic Limb-threatening Ischemia: A Comprehensive Review.
Surgery or Endovascular Therapy for Chronic Limb-Threatening Ischemia.
Relationship between WIfI stage and quality of life at revascularization in the BEST-CLI trial.
Baseline modern medical management in the BEST-CLI trial.
Perioperative complications following open or endovascular revascularization for chronic limb-threatening ischemia in the BEST-CLI Trial.",
30,limb ischemia cli,with clti,2020,0.4784,100.0,214,194,2016-2019,2020-2023,0,4,0,15,0,15,0,17,0,32,0,38,0,53,0,40,0,54,0,46,0,52,0,65,0,63,4,43,4,43,12,41,30,26,50,16,57,9,57,7,73,7,71,"Low Rates of Revascularization and High In-Hospital Mortality in Patients With Ischemic Lower Limb Amputation: Morbidity and Mortality of Ischemic Amputation.
[Indications and results of endovascular therapy of critical limb ischemia].
The Use of the Angiosome Concept for Treating Infrapopliteal Critical Limb Ischemia through Interventional Therapy and Determining the Clinical Significance of Collateral Vessels.
Endovascular Surgery, Open Surgery, and Primary Amputation in Nonagenarians Presenting with Critical Limb Ischemia.
In-hospital outcomes in patients with critical limb ischemia and end-stage renal disease after revascularization.","Descriptive title: The body with chronic limb-threatening ischaemia: A phenomenologically derived understanding.
Outcomes of Pedal Artery Angioplasty Are Independent of the Severity of Inframalleolar Disease: A Subanalysis of the Multicenter RENDEZVOUS Registry.
Predictors of Major Adverse Limb Events after Open Forefoot Amputation in Patients with Chronic Limb-Threatening Ischemia.
Outcomes of Peripheral Vascular Interventions via Retrograde Pedal Access for Chronic Limb-Threatening Ischemia in a Multicenter Registry.
In Situ Vein Bypass Is Superior to Endovascular Treatment of Femoropopliteal Lesions in Chronic Limb-Threatening Ischemia.",,
31,for critical limb,limb threatening,2021,0.4752,100.0,91,621,2017-2020,2021-2024,11,6,13,7,20,9,11,15,17,13,12,25,24,25,10,22,16,29,6,22,8,25,14,27,16,26,25,30,21,14,38,21,110,13,144,6,145,3,146,5,186,1,193,"A Multicenter Predictive Score for Amputation-Free Survival for Patients Operated on with an Heparin-Bonded ePTFE Graft for Critical Limb Ischemia.
[Omniflow-IITM for critical limb ischemia : Long-term results].
Editor's Choice - Dual Antiplatelet Therapy Improves Outcome in Diabetic Patients Undergoing Endovascular Femoropopliteal Stenting for Critical Limb Ischaemia.
The effect of ambulatory status on outcomes of percutaneous vascular interventions and lower extremity bypass for critical limb ischemia in the Vascular Quality Initiative.
Response to ""Re. Analysis of the Elective Treatment Process for Critical Limb Ischaemia with Tissue Loss: Diabetic Patients Require Rapid Revascularisation"".","Risk Models and Scores in Patients with Peripheral Artery Disease and Chronic Limb-threatening Ischemia: A Comprehensive Review.
Phage Therapy for Limb-threatening Prosthetic Knee Klebsiella pneumoniae Infection: Case Report and In Vitro Characterization of Anti-biofilm Activity.
Validation of Global Limb Anatomical Staging System (GLASS) in patients with hemodialysis and Chronic Limb-Threatening Ischemia after endovascular treatment.
Outcomes of open and hybrid treatments in below the knee pathology for critical limb threatening ischemia.
Evaluation of Clinical Outcomes After Revascularization in Patients With Chronic Limb-Threatening Ischemia: Results From a Prospective National Cohort Study (RIVALUTANDO).","Outcomes of open and hybrid treatments in below the knee pathology for critical limb threatening ischemia.
Modern multidisciplinary team approach is crucial in treatment for critical limb threatening ischemia.
Contemporary Endovascular 30-Day Outcomes for Critical Limb Threatening Ischemia Relative to Surgical Bypass Grafting.
Multi-Level Lower Extremity Arterial Revascularization Via Retrograde Pedal Access Under Local Anesthesia in a Patient With Severe Cardiopulmonary Comorbidities: A Case Report.
The Society for Vascular Surgery Objective Performance Goals for Critical Limb Ischemia are attainable in select patients with ischemic wounds managed with wound care alone.",
32,question purpose,ci,2016,0.475,100.0,1065,4378,2012-2015,2016-2019,331,0,88,0,114,0,121,0,161,20,204,195,235,249,343,248,425,276,525,317,656,224,815,171,964,135,1019,123,1115,133,1280,128,1452,128,1514,108,1477,75,1327,80,1628,87,2057,"Is percutaneous repair better than open repair in acute Achilles tendon rupture?
Can wedge osteotomy correct depression of the lateral tibial plateau mimicking posterolateral rotatory knee instability?
Can arthroscopically assisted treatment of chronic patellar tendinopathy reduce pain and restore function?
Can tantalum cones provide fixation in complex revision knee arthroplasty?
Single- versus double-bundle ACL reconstruction: is there any difference in stability and function at 3-year followup?","Risk Factors for Postoperative Infections After Single-Level Lumbar Fusion Surgery.
[Release of moveable segments after dorsal stabilization : Impact on affected discs].
Promising Mid-term Results With a Cup-cage Construct for Large Acetabular Defects and Pelvic Discontinuity.
Is There a Benefit to Highly Crosslinked Polyethylene in Posterior-stabilized Total Knee Arthroplasty? A Randomized Trial.
Orthopaedic Surgery Residents and Program Directors Agree on How Time Is Currently Spent in Training and Targets for Improvement.","Promising Mid-term Results With a Cup-cage Construct for Large Acetabular Defects and Pelvic Discontinuity.
Is There a Benefit to Highly Crosslinked Polyethylene in Posterior-stabilized Total Knee Arthroplasty? A Randomized Trial.
Orthopaedic Surgery Residents and Program Directors Agree on How Time Is Currently Spent in Training and Targets for Improvement.
Wear and Osteolysis of Highly Crosslinked Polyethylene at 10 to 14 Years: The Effect of Femoral Head Size.
What Are the Risk Factors and Management Options for Infection After Reconstruction With Massive Bone Allografts?",
33,question purpose,95 ci,2016,0.4738,100.0,1065,3938,2012-2015,2016-2019,315,0,72,0,99,0,104,0,139,20,181,195,209,249,297,248,379,276,478,317,598,224,732,171,878,135,919,123,985,133,1156,128,1287,128,1371,108,1326,75,1176,80,1419,87,1857,"Is percutaneous repair better than open repair in acute Achilles tendon rupture?
Can wedge osteotomy correct depression of the lateral tibial plateau mimicking posterolateral rotatory knee instability?
Can arthroscopically assisted treatment of chronic patellar tendinopathy reduce pain and restore function?
Can tantalum cones provide fixation in complex revision knee arthroplasty?
Single- versus double-bundle ACL reconstruction: is there any difference in stability and function at 3-year followup?","Risk Factors for Postoperative Infections After Single-Level Lumbar Fusion Surgery.
[Release of moveable segments after dorsal stabilization : Impact on affected discs].
Promising Mid-term Results With a Cup-cage Construct for Large Acetabular Defects and Pelvic Discontinuity.
Is There a Benefit to Highly Crosslinked Polyethylene in Posterior-stabilized Total Knee Arthroplasty? A Randomized Trial.
Orthopaedic Surgery Residents and Program Directors Agree on How Time Is Currently Spent in Training and Targets for Improvement.","Promising Mid-term Results With a Cup-cage Construct for Large Acetabular Defects and Pelvic Discontinuity.
Is There a Benefit to Highly Crosslinked Polyethylene in Posterior-stabilized Total Knee Arthroplasty? A Randomized Trial.
Orthopaedic Surgery Residents and Program Directors Agree on How Time Is Currently Spent in Training and Targets for Improvement.
Wear and Osteolysis of Highly Crosslinked Polyethylene at 10 to 14 Years: The Effect of Femoral Head Size.
What Are the Risk Factors and Management Options for Infection After Reconstruction With Massive Bone Allografts?",
34,critical limb ischemia,limb event male,2020,0.4724,100.0,404,77,2016-2019,2020-2023,10,13,0,27,0,38,0,44,0,66,0,66,1,79,3,82,1,95,6,86,8,89,10,126,10,104,6,90,15,84,13,80,25,67,21,38,18,22,13,29,40,29,43,"Clinical outcome of angiosome-oriented infrapopliteal percutaneous transluminal angioplasty for isolated infrapopliteal lesions in patients with critical limb ischemia.
Commentary: Carbon Dioxide Automated Angiography in Patients With a High Risk of Contrast-Induced Nephropathy Who Undergo Percutaneous Interventions for Critical Limb Ischemia.
Low Rates of Revascularization and High In-Hospital Mortality in Patients With Ischemic Lower Limb Amputation: Morbidity and Mortality of Ischemic Amputation.
[Indications and results of endovascular therapy of critical limb ischemia].
The Use of the Angiosome Concept for Treating Infrapopliteal Critical Limb Ischemia through Interventional Therapy and Determining the Clinical Significance of Collateral Vessels.","Selective Use of Anticoagulation or Dual Antiplatelet Therapy for Patients with Extra-anatomic Bypasses.
Effect of Intra-operative Intra-arterial Thrombolysis on Long Term Clinical Outcomes in Patients with Acute Popliteal Artery Aneurysm Thrombosis.
Real-World Outcomes of EKOS Ultrasound-Enhanced Catheter-Directed Thrombolysis for Acute Limb Ischemia.
Predictors of Major Adverse Limb Events after Open Forefoot Amputation in Patients with Chronic Limb-Threatening Ischemia.
Implications of early failure of isolated endovascular tibial interventions.","Outcomes after Open Lower Extremity Revascularization in Patients with Critical Limb Ischemia.
Single Tertiary Care Center Outcomes After Lower Extremity Cadaveric Vein Bypass for Limb Salvage.
Endovascular or open surgical treatment of high-risk patients with infrainguinal peripheral arterial disease and critical limb ischemia.
Laser Atherectomy for Infrapopliteal Lesions in Patients With Critical Limb Ischemia.
Contemporary Endovascular Outcomes for Critical Limb Ischemia Are Still Failing to Meet Society for Vascular Surgery Objective Performance Goals.",
35,nationwide inpatient sample,or 1,2018,0.4724,100.0,239,1340,2014-2017,2018-2021,27,6,30,5,29,11,29,8,46,18,40,14,61,14,69,23,70,46,113,84,125,50,159,52,222,53,241,43,261,26,312,17,377,15,390,16,390,6,367,18,428,12,519,"International classification of disease clinical modification 9 modeling of a patient comorbidity score predicts incidence of perioperative complications in a nationwide inpatient sample assessment of complications in spine surgery.
Treatment of femoral head osteonecrosis in the United States: 16-year analysis of the Nationwide Inpatient Sample.
Comparison between cervical total disc replacement and anterior cervical discectomy and fusion of 1 to 2 levels from 2002 to 2009.
Health care burden of anterior cervical spine surgery: national trends in hospital charges and length of stay, 2000-2009.
Incidence, outcomes, and mortality of reintubation after anterior cervical fusion.","Risk Factors for Postoperative Infections After Single-Level Lumbar Fusion Surgery.
The Impact of Resident Involvement in Elective Posterior Cervical Fusion.
Predictors of 30-Day Hospital Readmission After Posterior Cervical Fusion in 3401 Patients.
Incidence and Risk Factors for 30-Day Unplanned Readmissions After Elective Posterior Lumbar Fusion.
Blood Transfusion Incidence, Risk Factors, and Associated Complications in Surgical Treatment of Hip Dysplasia.","The Risks of Hepatitis C in Association With Cervical Spinal Surgery: Analysis of Radiculopathy and Myelopathy Patients.
Does Parkinson Disease Increase the Risk of Perioperative Complications After Total Hip Arthroplasty? A Nationwide Database Study.
Impact of Psychiatric Comorbidities on Short-Term Outcomes Following Intervention for Lumbar Degenerative Disc Disease.
What are the Short-Term Outcomes in Multiple Sclerosis Patients after Total Knee Arthroplasty?
Total Joint Arthroplasty in Patients With Schizophrenia: How Much Does It Increase the Risk of Complications?",
36,the nationwide inpatient,comorbidity,2019,0.4713,100.0,145,2645,2015-2018,2019-2022,20,3,39,2,53,8,82,6,108,13,130,10,148,8,198,18,217,38,306,74,343,34,365,34,423,42,454,35,500,15,618,8,675,6,647,12,705,4,639,11,798,6,906,"International classification of disease clinical modification 9 modeling of a patient comorbidity score predicts incidence of perioperative complications in a nationwide inpatient sample assessment of complications in spine surgery.
Health care burden of anterior cervical spine surgery: national trends in hospital charges and length of stay, 2000-2009.
Does HIV infection increase the risk of perioperative complications after THA? A nationwide database study.
Greater operative volume is associated with lower complication rates in adolescent spinal deformity surgery.
Periprosthetic shoulder infection in the United States: incidence and economic burden.","Participation in Regular Physical Activity After Total Knee or Hip Arthroplasty for Osteoarthritis: Prevalence, Associated Factors, and Type.
What Factors Influence Reimbursement for 1 to 2 Level Anterior Cervical Discectomy and Fusion Procedures?
Quantitative Risk Factor Analysis of Postoperative Dysphagia After Anterior Cervical Discectomy and Fusion (ACDF) Using the Eating Assessment Tool-10 (EAT-10).
Perioperative Catheter Use as a Risk Factor for Surgical Site Infection After Cervical Surgery: An Analysis of 39,893 Patients.
Lack of Cost Savings for Lumbar Spine Fusions After Bundled Payments for Care Improvement Initiative: A Consequence of Increased Case Complexity.","Patient and Practice Trends in Total Ankle Replacement and Tibiotalar Arthrodesis in the United States From 2007 to 2013.
Risk Factors for Cerebrospinal Fluid Leak Following Anterior Cervical Discectomy and Fusion.
Machine Learning Accurately Predicts Short-Term Outcomes Following Open Reduction and Internal Fixation of Ankle Fractures.
Smoking and Total Hip Arthroplasty: Increased Inpatient Complications, Costs, and Length of Stay.
Venous Thromboembolic Events after Total Knee Arthroplasty: Which Patients Are at a High Risk?",
37,femoral nerve block,canal block acb,2019,0.4685,100.0,188,89,2015-2018,2019-2022,19,16,0,19,0,9,0,14,0,19,0,19,0,22,0,26,0,29,2,49,4,54,5,58,21,39,16,37,13,31,23,28,20,24,22,20,24,16,11,21,20,21,21,"Effect of adductor canal block versus femoral nerve block on quadriceps strength, mobilization, and pain after total knee arthroplasty: a randomized, blinded study.
The reliability of the current perception threshold in volunteers and its applicability in a clinical setting.
Potential superiority of periarticular injection in analgesic effect and early mobilization ability over femoral nerve block following total knee arthroplasty.
Trends and Demographics in Anterior Cruciate Ligament Reconstruction in the United States.
Impact of regional femoral nerve block during general anesthesia for hip arthoplasty on blood pressure, heart rate and pain control: A randomized controlled study.","Evidence Basis for Regional Anesthesia in Ambulatory Arthroscopic Knee Surgery and Anterior Cruciate Ligament Reconstruction: Part II: Adductor Canal Nerve Block-A Systematic Review and Meta-analysis.
Addition of Infiltration Between the Popliteal Artery and the Capsule of the Posterior Knee and Adductor Canal Block to Periarticular Injection Enhances Postoperative Pain Control in Total Knee Arthroplasty: A Randomized Controlled Trial.
A prospective randomized open-label study of single injection versus continuous adductor canal block for postoperative analgesia after total knee arthroplasty.
The Efficacy and Safety of Combined Adductor Canal Block with Periarticular Anesthetic Injection Following Primary Total Knee Arthroplasty: A Meta-Analysis.
Effect of Adductor Canal Block on Acute Perioperative Pain and Function in Total Knee Arthroplasty.","Evidence Basis for Regional Anesthesia in Ambulatory Arthroscopic Knee Surgery and Anterior Cruciate Ligament Reconstruction: Part II: Adductor Canal Nerve Block-A Systematic Review and Meta-analysis.
A prospective randomized open-label study of single injection versus continuous adductor canal block for postoperative analgesia after total knee arthroplasty.
Effects of adductor canal block versus femoral nerve block in patients with anterior cruciate ligament reconstruction: A protocol for a systematic review and meta-analysis.
Continuous femoral nerve block is more effective than continuous adductor canal block for treating pain after total knee arthroplasty: A randomized, double-blind, controlled trial.
Adductor canal blocks for postoperative pain treatment in adults undergoing knee surgery.",
38,patient with cli,limb threatening ischemia,2020,0.4681,100.0,98,416,2016-2019,2020-2023,5,8,4,10,3,6,6,13,8,20,3,17,7,22,3,18,1,18,1,20,2,23,3,26,3,32,13,20,14,20,23,19,77,13,109,9,108,6,122,2,161,2,165,"Low Rates of Revascularization and High In-Hospital Mortality in Patients With Ischemic Lower Limb Amputation: Morbidity and Mortality of Ischemic Amputation.
Management of Critical Limb Ischemia.
Predictors of major amputation despite patent bypass grafts.
The Role of Sequential Pneumatic Compression in Limb Salvage in Non-reconstructable Critical Limb Ischemia.
Expansion and angiogenic potential of mesenchymal stem cells from patients with critical limb ischemia.","Paclitaxel-Coated Balloon for the Treatment of Infrainguinal Disease: 12-Month Outcomes in the All-Comers Cohort of BIOLUX P-III Global Registry.
Outcomes of Pedal Artery Angioplasty Are Independent of the Severity of Inframalleolar Disease: A Subanalysis of the Multicenter RENDEZVOUS Registry.
Predictors of Major Adverse Limb Events after Open Forefoot Amputation in Patients with Chronic Limb-Threatening Ischemia.
Implications of early failure of isolated endovascular tibial interventions.
Below-the-Ankle Arrival Time as a Novel Limb Tissue Perfusion Index: Two-dimensional Perfusion Angiography Evaluation.","Duplex Ultrasound May Predict the Best Level of Lower Limb Amputation in Patients with Chronic Limb-Threatening Ischemia: A Retrospective Observational Cohort Study.
Arterial calcification and long-term outcome in chronic limb-threatening ischemia patients.
Participation in a Chronic Limb Threatening Ischemia Randomized Trial Is Inversely Correlated With Regional Amputation Rate in Limb Threatening Ischemia Patients.
Mesenchymal stem cells for critical limb ischemia: their function, mechanism, and therapeutic potential.
ERICVA Risk Scale simplified as a predictor of amputation in critical limb ischemia.",
39,cli patient,limb threatening ischemia,2020,0.4678,100.0,83,416,2016-2019,2020-2023,3,1,4,1,3,3,6,7,8,15,3,15,7,13,3,17,1,16,1,14,2,17,3,24,3,25,13,18,14,16,23,10,77,12,109,5,108,4,122,2,161,1,165,"In-hospital outcomes in patients with critical limb ischemia and end-stage renal disease after revascularization.
Long-term clinical outcomes in critical limb ischemia--A retrospective study of 181 patients.
Expansion and angiogenic potential of mesenchymal stem cells from patients with critical limb ischemia.
Validation of the Wound, Ischemia, foot Infection (WIfI) classification system in nondiabetic patients treated by endovascular means for critical limb ischemia.
Geriatric Nutritional Risk Index (GNRI) Independently Predicts Amputation Inchronic Criticallimb Ischemia (CLI).","Paclitaxel-Coated Balloon for the Treatment of Infrainguinal Disease: 12-Month Outcomes in the All-Comers Cohort of BIOLUX P-III Global Registry.
Outcomes of Pedal Artery Angioplasty Are Independent of the Severity of Inframalleolar Disease: A Subanalysis of the Multicenter RENDEZVOUS Registry.
Predictors of Major Adverse Limb Events after Open Forefoot Amputation in Patients with Chronic Limb-Threatening Ischemia.
Implications of early failure of isolated endovascular tibial interventions.
Below-the-Ankle Arrival Time as a Novel Limb Tissue Perfusion Index: Two-dimensional Perfusion Angiography Evaluation.","Arterial calcification and long-term outcome in chronic limb-threatening ischemia patients.
Participation in a Chronic Limb Threatening Ischemia Randomized Trial Is Inversely Correlated With Regional Amputation Rate in Limb Threatening Ischemia Patients.
Perioperative complications following open or endovascular revascularization for chronic limb-threatening ischemia in the BEST-CLI Trial.",
40,limb ischemia cli,patient with clti,2020,0.4667,100.0,214,160,2016-2019,2020-2023,0,4,0,15,0,15,0,17,0,32,0,38,0,53,0,40,0,54,0,46,0,52,0,65,0,63,4,43,3,43,9,41,21,26,40,16,51,9,48,7,62,7,61,"Low Rates of Revascularization and High In-Hospital Mortality in Patients With Ischemic Lower Limb Amputation: Morbidity and Mortality of Ischemic Amputation.
[Indications and results of endovascular therapy of critical limb ischemia].
The Use of the Angiosome Concept for Treating Infrapopliteal Critical Limb Ischemia through Interventional Therapy and Determining the Clinical Significance of Collateral Vessels.
Endovascular Surgery, Open Surgery, and Primary Amputation in Nonagenarians Presenting with Critical Limb Ischemia.
In-hospital outcomes in patients with critical limb ischemia and end-stage renal disease after revascularization.","Outcomes of Pedal Artery Angioplasty Are Independent of the Severity of Inframalleolar Disease: A Subanalysis of the Multicenter RENDEZVOUS Registry.
Predictors of Major Adverse Limb Events after Open Forefoot Amputation in Patients with Chronic Limb-Threatening Ischemia.
Outcomes of Peripheral Vascular Interventions via Retrograde Pedal Access for Chronic Limb-Threatening Ischemia in a Multicenter Registry.
In Situ Vein Bypass Is Superior to Endovascular Treatment of Femoropopliteal Lesions in Chronic Limb-Threatening Ischemia.
Comparative 12-Month Outcomes of Drug-Coated Balloon Versus Non-Drug-Coated Balloon Revascularization Strategy in Chronic Limb-Threatening Ischemia: Results From the XLPAD Registry.",,
41,the nationwide inpatient,regression,2019,0.4662,100.0,145,5881,2015-2018,2019-2022,21,3,129,2,137,8,168,6,187,13,237,10,280,8,368,18,416,38,538,74,598,34,698,34,849,42,941,35,1093,15,1372,8,1496,6,1499,12,1514,4,1448,11,1715,6,2031,"International classification of disease clinical modification 9 modeling of a patient comorbidity score predicts incidence of perioperative complications in a nationwide inpatient sample assessment of complications in spine surgery.
Health care burden of anterior cervical spine surgery: national trends in hospital charges and length of stay, 2000-2009.
Does HIV infection increase the risk of perioperative complications after THA? A nationwide database study.
Greater operative volume is associated with lower complication rates in adolescent spinal deformity surgery.
Periprosthetic shoulder infection in the United States: incidence and economic burden.","Systematic Selection of Key Logistic Regression Variables for Risk Prediction Analyses: A Five-Factor Maximum Model.
Hospitals' adoption of medical device registers: Evidence from the German Arthroplasty Register.
Does Perioperative Hemoglobin A1c Level Affect the Incidence, Pattern and Mortality of Lower Extremity Amputation?
Is the ""Appropriate Use Criteria"" for Type II Supracondylar Humerus Fractures Really Appropriate?
Strength Testing After Anterior Cruciate Ligament Reconstruction: A Prospective Cohort Study Investigating Overlap of Tests.","Inhospital Complications of Patients With Neuromuscular Disorders Undergoing Total Joint Arthroplasty.
Risk Factors for Cerebrospinal Fluid Leak Following Anterior Cervical Discectomy and Fusion.
Machine Learning Accurately Predicts Short-Term Outcomes Following Open Reduction and Internal Fixation of Ankle Fractures.
Gender Differences for Hip and Knee Arthroplasty: Complications and Healthcare Utilization.
Insurance Status Affects Complication Rates After Total Hip Arthroplasty.",
42,limb ischemia cli,freedom from,2022,0.4661,100.0,153,216,2018-2021,2022-2025,3,4,2,15,3,15,7,17,6,32,11,38,13,53,13,40,14,54,27,46,35,52,26,65,26,63,31,43,26,43,44,41,52,26,35,16,36,9,36,7,73,7,71,"Axillobifemoral Bypasses: Reappraisal of an Extra-Anatomic Bypass by Analysis of Results and Prognostic Factors.
Predictors of delayed wound healing after successful isolated below-the-knee endovascular intervention in patients with ischemic foot ulcers.
Efficacy Outcomes of Endovascular Versus Surgical Revascularization in Critical Limb Ischemia: Results From a Prospective Cohort Study.
How to Treat a Patient with Thromboangiitis Obliterans: A Systematic Review.
Lutonix® 014 DCB global Below the Knee Registry Study: interim 6-month outcomes.","10-Year clinical outcomes of hemodialysis patients with peripheral arterial disease due to infrainguinal disease undergoing endovascular therapy.
Contemporary outcomes of limb-salvage procedures using Vascular Quality Initiative-Medicare-linked data: Racial and ethnic disparities persist.
Assessment of Sirolimus- vs. paCLitaxEl-coated balloon angioPlasty In atherosclerotic femoropopliteal lesiOnS (ASCLEPIOS Study): preliminary results.
Paclitaxel in real-life data is not associated with reduced survival but has limited benefit in preventing amputation.
Individual patient data meta-analysis of patients treated with a heparin-bonded Viabahn in the femoropopliteal artery for chronic limb-threatening ischemia.","Midterm Outcomes of Endovascular Therapy for TASC II D Femoropopliteal Lesions with Critical Limb Ischemia: A Retrospective Analysis.
Amputation-free survival in the long-term follow-up and gender-related characteristics in patients revascularized for critical limb ischemia.
Long-term Outcomes of the AcoArt II-BTK Trial: Drug-Coated Balloon Angioplasty Compared With Uncoated Balloons for the Treatment of Infrapopliteal Artery Lesions.",
43,for critical limb,limb threatening ischemia,2020,0.4661,100.0,97,416,2016-2019,2020-2023,13,6,4,7,3,9,6,15,8,13,3,25,7,25,3,22,1,29,1,22,2,25,3,27,3,26,13,30,14,14,23,21,77,13,109,6,108,3,122,5,161,1,165,"Commentary: Carbon Dioxide Automated Angiography in Patients With a High Risk of Contrast-Induced Nephropathy Who Undergo Percutaneous Interventions for Critical Limb Ischemia.
In-hospital outcomes in patients with critical limb ischemia and end-stage renal disease after revascularization.
Endovascular reconstruction of popliteal and infrapopliteal arteries for limb salvage and wound healing in patients with critical limb ischemia - A retrospective analysis.
Validation of the Wound, Ischemia, foot Infection (WIfI) classification system in nondiabetic patients treated by endovascular means for critical limb ischemia.
Using the diamond intermediate anastomosis in composite sequential bypass grafting for critical limb ischemia.","Paclitaxel-Coated Balloon for the Treatment of Infrainguinal Disease: 12-Month Outcomes in the All-Comers Cohort of BIOLUX P-III Global Registry.
Outcomes of Pedal Artery Angioplasty Are Independent of the Severity of Inframalleolar Disease: A Subanalysis of the Multicenter RENDEZVOUS Registry.
Predictors of Major Adverse Limb Events after Open Forefoot Amputation in Patients with Chronic Limb-Threatening Ischemia.
Implications of early failure of isolated endovascular tibial interventions.
Below-the-Ankle Arrival Time as a Novel Limb Tissue Perfusion Index: Two-dimensional Perfusion Angiography Evaluation.","Risk factors for reamputations in patients amputated after revascularization for critical limb-threatening ischemia.
Role of aorto(bi)femoral bypass in treatment of patients with critical limb threatening ischemia.
Seasonal variation in U.S. hospitalizations for chronic limb-threatening ischemia.
Early outcomes of patients with chronic kidney disease after revascularization for critical limb ischemia.
Influence of time interval between endovascular intervention and free flap transfer on flap outcomes in critical limb-threatening ischemia: A retrospective analysis of 64 consecutive cases.",
44,the nationwide inpatient,code,2017,0.4659,100.0,180,747,2013-2016,2017-2020,35,3,13,2,17,8,25,6,27,13,25,10,35,8,51,18,53,38,74,74,106,34,136,34,139,42,170,35,171,15,200,8,206,6,185,12,241,4,185,11,249,6,260,"International classification of disease clinical modification 9 modeling of a patient comorbidity score predicts incidence of perioperative complications in a nationwide inpatient sample assessment of complications in spine surgery.
Nationwide trends in the surgical management of lumbar spinal stenosis.
The incidence and mortality of thromboembolic events in lumbar spine surgery.
Increasing age at time of pectus excavatum repair in children: emerging consensus?
The incidence and mortality of thromboembolic events in cervical spine surgery.","Hip Dysplasia in Children With Osteogenesis Imperfecta: Association With Collagen Type I C-Propeptide Mutations.
The Impact of Resident Involvement in Elective Posterior Cervical Fusion.
The John N. Insall Award: Do Intraarticular Injections Increase the Risk of Infection After TKA?
Eligibility of Outpatient Spine Surgery Candidates in a Single Private Practice.
Risk Factors for Readmissions Following Anterior Lumbar Interbody Fusion.","Impact of Race and Insurance Status on Surgical Approach for Cervical Spondylotic Myelopathy in the United States: A Population-Based Analysis.
Insurance status affects postoperative morbidity and complication rate after shoulder arthroplasty.
Trends in Inpatient Vertebroplasty and Kyphoplasty Volume in the United States, 2005-2011: Assessing the Impact of Randomized Controlled Trials.
Arthroplasty treatment of proximal humerus fractures: 14-year trends in the United States.
Bone morphogenetic protein use in spine surgery in the United States: how have we responded to the warnings?",
45,cli,free survival afs,2020,0.4655,100.0,256,82,2016-2019,2020-2023,5,8,0,21,0,17,0,22,1,43,2,48,4,61,6,51,3,59,8,51,9,57,19,72,12,75,16,53,15,56,13,47,23,33,25,24,16,18,18,23,40,30,35,"Low Rates of Revascularization and High In-Hospital Mortality in Patients With Ischemic Lower Limb Amputation: Morbidity and Mortality of Ischemic Amputation.
[Indications and results of endovascular therapy of critical limb ischemia].
The Use of the Angiosome Concept for Treating Infrapopliteal Critical Limb Ischemia through Interventional Therapy and Determining the Clinical Significance of Collateral Vessels.
Endovascular Surgery, Open Surgery, and Primary Amputation in Nonagenarians Presenting with Critical Limb Ischemia.
In-hospital outcomes in patients with critical limb ischemia and end-stage renal disease after revascularization.","The Controlling Nutritional Status Score is Significantly Associated with Complete Ulcer Healing in Patients with Critical Limb Ischemia.
Outcomes of Peripheral Vascular Interventions via Retrograde Pedal Access for Chronic Limb-Threatening Ischemia in a Multicenter Registry.
Outcomes of isolated inframalleolar interventions for chronic limb-threatening ischemia in diabetic patients.
Amputation-free survival, limb symptom alleviation, and reintervention rates after open and endovascular revascularization of femoropopliteal lesions in patients with chronic limb-threatening ischemia.
Improved survival with angiotensin-converting enzyme inhibitors and angiotensin receptor blockers in chronic limb-threatening ischemia.","The Controlling Nutritional Status Score is Significantly Associated with Complete Ulcer Healing in Patients with Critical Limb Ischemia.
Endovascular or open surgical treatment of high-risk patients with infrainguinal peripheral arterial disease and critical limb ischemia.
End-stage renal disease patients undergoing angioplasty and bypass for critical limb ischemia have worse outcomes compared to non-ESRD patients: Systematic review and meta-analysis.
Validation of ERICVA Risk Score as a Predictor of One Year Amputation-Free Survival of Patients with Critical Limb Ischemia.
Outcomes of Endovascular Treatment for Critical Limb Threatening Ischemia.",
46,critical limb ischemia,clti and,2021,0.4654,100.0,358,94,2017-2020,2021-2024,3,13,0,27,0,38,0,44,0,66,0,66,0,79,0,82,0,95,0,86,0,89,0,126,0,104,3,90,0,84,3,80,15,67,25,38,23,22,25,29,21,29,26,"A Multicenter Predictive Score for Amputation-Free Survival for Patients Operated on with an Heparin-Bonded ePTFE Graft for Critical Limb Ischemia.
[Omniflow-IITM for critical limb ischemia : Long-term results].
Neutrophil-to-lymphocyte ratio is effective prognostic indicator for post-amputation patients with critical limb ischemia.
Clinical Outcomes of Pedal Artery Angioplasty for Patients With Ischemic Wounds: Results From the Multicenter RENDEZVOUS Registry.
Inframalleolar Interventions in Critical Limb Ischemia: Trailblazing the Path Toward the Final Frontier?","Inframalleolar bypass for chronic limb-threatening ischemia.
Association of peripheral artery disease and chronic limb-threatening ischemia with socioeconomic deprivation in people with diabetes: A population data-linkage and geospatial analysis.
Neutrophil-lymphocyte ratio as a link between complex pedal ulcers and poor clinical results after infrainguinal surgical revascularization.
Repeat BTK revascularization: when, how and what are the results?
A Severe Necrotizing Inflammatory Reaction of Leg Wounds Following Autologous Peripheral Blood Total Nucleated Cells Treatment in an Old Patient With Rheumatoid Arthritis and No-Option Chronic Limb-Threatening Ischemia: Is Cell Therapy Suitable for All Patients?","Impact of homocysteine levels on mortality risk in patients with chronic limb-threatening ischemia undergoing revascularization.
Critical Limb Ischemia in Nonagenarians: A Challenge of Our Times.
Free Flap Limb Salvage and Ulcer Recurrence in Chronic Limb-threatening Ischemia.",
47,the nationwide inpatient,odd ratio,2017,0.4645,100.0,180,2544,2013-2016,2017-2020,36,3,60,2,54,8,52,6,81,13,91,10,105,8,146,18,182,38,256,74,287,34,408,34,467,42,533,35,590,15,686,8,735,6,743,12,717,4,681,11,789,6,837,"International classification of disease clinical modification 9 modeling of a patient comorbidity score predicts incidence of perioperative complications in a nationwide inpatient sample assessment of complications in spine surgery.
Nationwide trends in the surgical management of lumbar spinal stenosis.
The incidence and mortality of thromboembolic events in lumbar spine surgery.
Increasing age at time of pectus excavatum repair in children: emerging consensus?
The incidence and mortality of thromboembolic events in cervical spine surgery.","Risk Factors for Postoperative Infections After Single-Level Lumbar Fusion Surgery.
Serial Casting for Infantile Idiopathic Scoliosis: Radiographic Outcomes and Factors Associated With Response to Treatment.
Why No Signals? Cerebral Anatomy Predicts Success of Intraoperative Neuromonitoring During Correction of Scoliosis Secondary to Cerebral Palsy.
What Is the Frequency of Noise Generation in Modern Knee Arthroplasty and Is It Associated With Residual Symptoms?
The Impact of Resident Involvement in Elective Posterior Cervical Fusion.","Impact of Race and Insurance Status on Surgical Approach for Cervical Spondylotic Myelopathy in the United States: A Population-Based Analysis.
Propensity-matched Analysis of Outcomes and Hospital Charges for Anterior Versus Posterior Cervical Fusion for Cervical Spondylotic Myelopathy.
Effect of Surgeon Volume on Complications, Length of Stay, and Costs Following Anterior Cervical Fusion.
Primary Versus Revision Spinal Fusion in Children: An Analysis of 74,525 Cases From the Nationwide Inpatient Sample.
Impact of Glycemic Control on Morbidity and Mortality in Adult Idiopathic Scoliosis Patients Undergoing Spinal Fusion.",
48,cli patient,limb threatening,2021,0.4645,100.0,69,621,2017-2020,2021-2024,3,1,13,1,20,3,11,7,17,15,12,15,24,13,10,17,16,16,6,14,8,17,14,24,16,25,25,18,21,16,38,10,110,12,144,5,145,4,146,2,186,1,193,"Impact of diabetes on outcome in critical limb ischemia with tissue loss: a large-scaled routine data analysis.
Demographic and Comorbidity Pattern of Patients with Critical Limb Ischemia.
Outcomes for critical limb ischemia are driven by lower extremity revascularization volume, not distance to hospital.
Midterm Outcomes After Infrapopliteal Interventions in Patients With Critical Limb Ischemia Based on the TASC II Classification of Below-the-Knee Arteries.
Lack of Association Between Limb Hemodynamics and Response to Infrapopliteal Endovascular Therapy in Patients With Critical Limb Ischemia.","Risk Models and Scores in Patients with Peripheral Artery Disease and Chronic Limb-threatening Ischemia: A Comprehensive Review.
Phage Therapy for Limb-threatening Prosthetic Knee Klebsiella pneumoniae Infection: Case Report and In Vitro Characterization of Anti-biofilm Activity.
Validation of Global Limb Anatomical Staging System (GLASS) in patients with hemodialysis and Chronic Limb-Threatening Ischemia after endovascular treatment.
Outcomes of open and hybrid treatments in below the knee pathology for critical limb threatening ischemia.
Evaluation of Clinical Outcomes After Revascularization in Patients With Chronic Limb-Threatening Ischemia: Results From a Prospective National Cohort Study (RIVALUTANDO).","Participation in a Chronic Limb Threatening Ischemia Randomized Trial Is Inversely Correlated With Regional Amputation Rate in Limb Threatening Ischemia Patients.
Perioperative complications following open or endovascular revascularization for chronic limb-threatening ischemia in the BEST-CLI Trial.
The Untold Story: Early and Mid-Term Results of Subintimal Angioplasty in Superficial Femoral Artery Versus Popliteal Artery Chronic Total Occlusion.",
49,critical limb ischemia,and major amputation,2020,0.4635,100.0,404,116,2016-2019,2020-2023,20,13,0,27,4,38,4,44,6,66,3,66,6,79,9,82,8,95,14,86,12,89,8,126,19,104,17,90,25,84,23,80,30,67,37,38,26,22,23,29,27,29,43,"Clinical outcome of angiosome-oriented infrapopliteal percutaneous transluminal angioplasty for isolated infrapopliteal lesions in patients with critical limb ischemia.
Commentary: Carbon Dioxide Automated Angiography in Patients With a High Risk of Contrast-Induced Nephropathy Who Undergo Percutaneous Interventions for Critical Limb Ischemia.
Low Rates of Revascularization and High In-Hospital Mortality in Patients With Ischemic Lower Limb Amputation: Morbidity and Mortality of Ischemic Amputation.
[Indications and results of endovascular therapy of critical limb ischemia].
The Use of the Angiosome Concept for Treating Infrapopliteal Critical Limb Ischemia through Interventional Therapy and Determining the Clinical Significance of Collateral Vessels.","Reduction in Diabetes-Related Major Amputation Rates After Implementation of a Multidisciplinary Model: An Evaluation in Alberta, Canada.
Risk of Death and Amputation with Use of Paclitaxel-Coated Balloons in the Infrapopliteal Arteries for Treatment of Critical Limb Ischemia: A Systematic Review and Meta-Analysis of Randomized Controlled Trials.
Trends in Hospitalization, Management, and Clinical Outcomes Among Veterans With Critical Limb Ischemia.
The IN.PACT DEEP Clinical Drug-Coated Balloon Trial: 5-Year Outcomes.
A conservative approach to select patients with ischemic wounds is safe and effective in the setting of deferred revascularization.","Risk of Death and Amputation with Use of Paclitaxel-Coated Balloons in the Infrapopliteal Arteries for Treatment of Critical Limb Ischemia: A Systematic Review and Meta-Analysis of Randomized Controlled Trials.
Trends in Hospitalization, Management, and Clinical Outcomes Among Veterans With Critical Limb Ischemia.
The IN.PACT DEEP Clinical Drug-Coated Balloon Trial: 5-Year Outcomes.
A conservative approach to select patients with ischemic wounds is safe and effective in the setting of deferred revascularization.
Long-Term Outcome of Common Femoral Artery Endarterectomy In Octogenarians and Non-Octogenarians.",
50,for critical limb,chronic limb threatening,2019,0.4632,100.0,108,347,2015-2018,2019-2022,5,6,1,7,0,9,0,15,0,13,0,25,0,25,0,22,0,29,0,22,0,25,0,27,1,26,9,30,11,14,29,21,86,13,115,6,117,3,132,5,158,1,174,"Three-year clinical outcome after infrapopliteal angioplasty for critical limb ischemia in hemodialysis patients with minor or major tissue loss.
Postprocedural Skin Perfusion Pressure Correlates With Clinical Outcomes 1 Year After Endovascular Therapy for Patients With Critical Limb Ischemia.
Amputation-Free Survival after Crural Percutaneous Transluminal Angioplasty for Critical Limb Ischemia.
Endovascular therapy for critical limb ischemia.
Outcomes of covered expandable stents for the treatment of TASC D aorto-iliac occlusive lesions.","Clinical outcomes of bypass-first versus endovascular-first strategy in patients with chronic limb-threatening ischemia due to infrageniculate arterial disease.
A Comparison of Clinical Outcomes Following Femoropopliteal Bypass or Plain Balloon Angioplasty with Selective Bare Metal Stenting in the Bypass Versus Angioplasty in Severe Ischaemia of the Limb (BASIL) Trial.
Contemporary (2009-2014) clinical outcomes after femoropopliteal bypass surgery for chronic limb threatening ischemia are inferior to those reported in the UK Bypass versus Angioplasty for Severe Ischaemia of the Leg (BASIL) trial (1999-2004).
Impact of Preoperative Symptoms and Revascularized Arterial Segment in Patients With Chronic Limb-Threatening Ischemia.
Using the Society for Vascular Surgery Wound, Ischemia, and foot Infection classification to identify patients most likely to benefit from revascularization.","Seasonal variation in U.S. hospitalizations for chronic limb-threatening ischemia.
Contemporary Endovascular 30-Day Outcomes for Critical Limb Threatening Ischemia Relative to Surgical Bypass Grafting.
Multi-Level Lower Extremity Arterial Revascularization Via Retrograde Pedal Access Under Local Anesthesia in a Patient With Severe Cardiopulmonary Comorbidities: A Case Report.
The Society for Vascular Surgery Objective Performance Goals for Critical Limb Ischemia are attainable in select patients with ischemic wounds managed with wound care alone.
Mesenchymal stem cells for critical limb ischemia: their function, mechanism, and therapeutic potential.",
