term,n,y0,udzial_2005,udzial_2006,udzial_2007,udzial_2008,udzial_2009,udzial_2010,udzial_2011,udzial_2012,udzial_2013,udzial_2014,udzial_2015,udzial_2016,udzial_2017,udzial_2018,udzial_2019,udzial_2020,udzial_2021,udzial_2022,udzial_2023,udzial_2024,udzial_2025,peak_year,peak_share_pct,prevalence_2021_2025_pct,docs_total,kandydaci_na_poprzednika,tytuly_okolo_y0,tytuly_2023_2025,poprzednik_glowny,tytuly_poprzednika,tytuly_WSPOLNE,kategoria,poprzednik,uwagi
systematic review,2,2014,0.496,0.394,0.82,0.756,1.413,1.501,1.859,2.013,2.518,2.957,3.559,3.712,4.201,4.691,4.999,5.312,6.599,6.903,6.95,7.228,7.612,2025,7.612,7.055,10854,"quasi randomized (lift 9.3, wsp. 26); conclusion on the (lift 8.8, wsp. 24); we undertook a (lift 6.7, wsp. 13); english literature (lift 6.6, wsp. 18); searched the cochrane (lift 6.5, wsp. 15)","[2013] Lateral extracavitary, costotransversectomy, and transthoracic thoracotomy approaches to the thoracic spine: review of techniques and complications. | [2013] Computer-assisted total knee arthroplasty is currently of no proven clinical benefit: a systematic review. | [2013] Prevalence of adjacent segment degeneration after spine surgery: a systematic review and meta-analysis.",[2023] Success Rate of Mandible Implants Placed in Vascularized Fibula Bone Graft: A Systematic Review. | [2023] Evaluation of the Posterior Tilt Angle in Predicting Failure of Nondisplaced Femoral Neck Fractures After Internal Fixation: A Systematic Review. | [2023] Management of Proximal Humeral Fractures in Adults: A Systematic Review and Meta-Analysis.,quasi randomized,[2012] Manipulative interventions for reducing pulled elbow in young children. | [2012] Intramedullary nailing for tibial shaft fractures in adults. | [2012] Surgical versus non-surgical interventions for treating humeral shaft fractures in adults.,[2012] Anatomic Bankart repair compared with nonoperative treatment and/or arthroscopic lavage for first-time traumatic shoulder dislocation. | [2012] Comparison of the minimally invasive and standard medial parapatellar approaches for primary total knee arthroplasty. | [2012] Chinese manipulation for mechanical neck pain: a systematic review.,,,
a systematic review,3,2014,0.318,0.239,0.586,0.611,0.965,1.142,1.365,1.483,1.866,2.339,2.693,2.957,3.436,3.822,4.076,4.247,5.425,5.831,5.95,6.007,6.374,2025,6.374,5.91,8794,"conclusion on the (lift 9.0, wsp. 19); we undertook a (lift 8.7, wsp. 13); quasi randomized (lift 8.4, wsp. 18); english literature (lift 8.2, wsp. 17); undertook a (lift 8.2, wsp. 14)",[2013] Computer-assisted total knee arthroplasty is currently of no proven clinical benefit: a systematic review. | [2013] Prevalence of adjacent segment degeneration after spine surgery: a systematic review and meta-analysis. | [2013] Risk factors for new osteoporotic vertebral compression fractures after vertebroplasty: a systematic review and meta-analysis.,[2023] Success Rate of Mandible Implants Placed in Vascularized Fibula Bone Graft: A Systematic Review. | [2023] Evaluation of the Posterior Tilt Angle in Predicting Failure of Nondisplaced Femoral Neck Fractures After Internal Fixation: A Systematic Review. | [2023] Management of Proximal Humeral Fractures in Adults: A Systematic Review and Meta-Analysis.,conclusion on the,[2012] Cervical myelopathy after cervical total disc arthroplasty: case report and literature review. | [2012] Massive swelling of Surgicel® Fibrillar™ hemostat after spinal surgery. Case report and a review of the literature. | [2012] Intramedullary nailing for tibial shaft fractures in adults.,[2012] Surgical protocols for ridge preservation after tooth extraction. A systematic review. | [2012] The role of subacromial decompression in patients undergoing arthroscopic repair of full-thickness tears of the rotator cuff: a systematic review and meta-analysis. | [2012] Treatment of Mason type II radial head fractures without associated fractures or elbow dislocation: a systematic review.,,,
retrospective cohort study,3,2017,0.305,0.227,0.387,0.311,0.36,0.433,0.544,0.638,0.832,1.132,1.228,1.525,2.156,2.231,2.806,3.004,3.858,4.136,4.343,5.116,6.869,2025,6.869,4.866,6123,"cephalogram (lift 6.7, wsp. 16); mandibular prognathism (lift 6.6, wsp. 11); background data there (lift 6.3, wsp. 9); prognathism (lift 6.0, wsp. 11); open bite (lift 5.3, wsp. 6)",[2016] Associations Between Body Mass and Revision Surgical Outcomes in Adult Scoliosis. | [2016] Perioperative Outcomes After Cervical Laminoplasty Versus Posterior Decompression and Fusion: Analysis of 779 Patients in the ACS-NSQIP Database. | [2016] The Mark Coventry Award: Custom Cutting Guides Do Not Improve Total Knee Arthroplasty Clinical Outcomes at 2 Years Followup.,[2023] Does a Reduced Secondary Operation Rate Offset Higher Implant Charges when Utilizing Suture Button Fixation for Syndesmotic Injuries? | [2023] Risk of Postoperative Sciatic Nerve Palsy After Posterior Acetabular Fracture Fixation: Does Patient Position Matter? | [2023] Radiological and Long-Term Functional Outcomes of Displaced Distal Clavicle Fractures.,cephalogram,[2015] Morphologic outcome of bimaxillary surgery--an anthropometric appraisal. | [2015] Skeletal stability after bilateral sagittal split osteotomy or distraction osteogenesis of the mandible: a randomized clinical trial. | [2015] Cephalometric analysis and long-term outcomes of orthognathic surgical treatment for obstructive sleep apnoea.,[2015] Does the Pharyngeal Airway Recover After Sagittal Split Ramus Osteotomy for Mandibular Prognathism? | [2015] Stability of Pre-Orthodontic Orthognathic Surgery Using Intraoral Vertical Ramus Osteotomy Versus Conventional Treatment. | [2015] Intraoral Vertical Ramus Osteotomy Results in Good Long-Term Mandibular Stability in Patients With Mandibular Prognathism and Anterior Open Bite.,,,
registry,1,2018,0.382,0.394,0.551,0.507,0.711,0.829,1.08,1.367,1.626,1.72,1.968,1.957,2.163,2.356,2.877,3.254,2.94,3.14,3.268,3.287,3.699,2025,3.699,3.263,5645,"author conclusion (lift 25.5, wsp. 41); collection and analysis (lift 21.1, wsp. 42); searched the cochrane (lift 20.0, wsp. 25); quasi randomized (lift 10.6, wsp. 10); replacement performed (lift 8.8, wsp. 19)",[2017] What Sport Activity Levels Are Achieved in Patients After Resection and Endoprosthetic Reconstruction for a Proximal Femur Bone Sarcoma? | [2018] Risk Factors for Readmissions Following Anterior Lumbar Interbody Fusion. | [2017] Performing a Definitive Fusion in Juvenile CP Patients is a Good Surgical Option.,"[2023] A Quantitative and Qualitative Literature Analysis of the Orthopedic Surgeons' Experience: Reflecting on 20 Years in the Global War on Terror. | [2023] First-time revision knee arthroplasty using a hinged prosthesis : temporal trends, indications, and risk factors associated with re-revision using data from the National Joint Registry for 3,855 patients. | [2023] Minimally invasive versus open transforaminal lumbar interbody fusion for grade I lumbar spondylolisthesis: 5-year follow-up from the prospective multicenter Quality Outcomes Database registry.",author conclusion,[2016] Pharmacological treatment for Buerger's disease. | [2016] Pharmacological treatment for Buerger's disease. | [2016] Anticoagulants (extended duration) for prevention of venous thromboembolism following total hip or knee replacement or hip fracture repair.,[2016] Surgical versus non-surgical treatment for lumbar spinal stenosis. | [2016] Skin grafting and tissue replacement for treating foot ulcers in people with diabetes. | [2016] Single dose intra-articular morphine for pain control after knee arthroscopy.,,,
a retrospective cohort,3,2016,0.115,0.167,0.211,0.176,0.224,0.221,0.31,0.398,0.607,0.618,0.622,0.935,1.196,1.126,1.49,1.416,1.736,2.068,2.201,2.639,3.498,2025,3.498,2.425,3155,"background data there (lift 10.0, wsp. 6); one consecutive (lift 8.5, wsp. 4); their age (lift 8.5, wsp. 4); patient died of (lift 8.3, wsp. 4); at operation (lift 7.5, wsp. 7)",[2016] Polyetheretherketone (PEEK) Rods in Lumbar Spine Degenerative Disease: A Case Series. | [2015] Removing Outer Gloves as a Method to Reduce Spinal Surgery Infection. | [2015] Analysis of Risk Factors Causing New Symptomatic Vertebral Compression Fractures After Percutaneous Vertebroplasty for Painful Osteoporotic Vertebral Compression Fractures: A 4-year Follow-up.,[2023] Total Knee Replacement After Arthroscopic Meniscectomy in Knee Osteoarthritis: A Nationwide Population-Based Cohort Study. | [2023] Correlation Analysis between Residual Pain after Vertebral Augmentation and the Diffusion Distribution of Bone Cement: A Retrospective Cohort Study. | [2023] Preoperative overweight and obesity do not cause inferior outcomes following open-wedge high tibial osteotomy: A retrospective cohort study of 123 patients.,background data there,[2015] Lumbar facet joint effusion on MRI as a sign of unstable degenerative spondylolisthesis: should it influence the treatment decision? | [2015] Prognostic factors for surgical outcomes including preoperative total knee replacement and knee osteoarthritis status in female patients with lumbar spinal stenosis. | [2014] Complications of spinal fusion with utilization of bone morphogenetic protein: a systematic review of the literature.,"[2014] Surgery for spinal stenosis: long-term reoperation rates, health care cost, and impact of instrumentation. | [2015] Reoperation Rates for Symptomatic Nonunions in Anterior Cervical Fusions From a National Spine Registry. | [2016] Results of Revision Surgery for Proximal Junctional Kyphosis Following Posterior Segmental Instrumentation: Minimum 2-Year Postrevision Follow-Up.",,,
patient specific,2,2015,0.178,0.167,0.211,0.176,0.224,0.313,0.368,0.605,0.682,0.894,0.984,1.18,1.05,1.397,1.245,1.35,1.467,1.785,1.698,1.782,2.736,2025,2.736,1.893,2909,"instrumentation for (lift 20.0, wsp. 28); computer assisted surgery (lift 18.1, wsp. 19); instrumentation the (lift 14.6, wsp. 14); rapid prototyping (lift 13.0, wsp. 12); a computer assisted (lift 12.8, wsp. 7)",[2014] Patient-specific guides do not improve accuracy in total knee arthroplasty: a prospective randomized controlled trial. | [2014] Bioreactor cultivation of anatomically shaped human bone grafts. | [2014] Patient-specific instrumentation and return to activities after unicondylar knee arthroplasty.,[2023] Functional Performance Outcomes of a Powered Knee-Ankle Prosthesis in Service Members With Unilateral Transfemoral Limb Loss. | [2023] Guided Bone Regeneration for Horizontal Maxillary Alveolar Ridge Augmentation Using Patient-Specific Solid Titanium Barriers: A Case Series | [2023] Failed and Revision Rotator Cuff Repair.,instrumentation for,[2013] Comparative analysis of perioperative differences between hybrid versus pedicle screw instrumentation in adolescent idiopathic scoliosis. | [2013] Mortality and morbidity in early-onset scoliosis surgery. | [2013] Propofol sedation for infants with idiopathic clubfoot undergoing percutaneous tendoachilles tenotomy.,[2013] Letter to the editor Lustig et al entitled 'unsatifactory accuracy as determined by computer navigation of visionaire patient-specific instrumentation for total knee arthroplasty'. | [2013] Evaluation of a patient specific femoral alignment guide for hip resurfacing. | [2013] Patient-specific instrumentation for total knee arthroplasty does not match the pre-operative plan as assessed by intra-operative computer-assisted navigation.,,,
printed,1,2015,0.013,0.012,0.023,0.031,0.029,0.028,0.017,0.025,0.045,0.067,0.163,0.331,0.584,0.702,0.793,0.987,0.905,1.162,1.15,1.228,1.578,2025,1.578,1.202,1459,"resin (lift 39.1, wsp. 4); rapid prototyping (lift 38.5, wsp. 9); the computer (lift 23.6, wsp. 7); lactic (lift 23.5, wsp. 4); seeded (lift 23.5, wsp. 4)",[2014] Fabrication of printed titanium shells for containment of BMP-2 composite graft materials for alveolar bone reconstruction. | [2014] Mandibular reconstruction with a prefabricated free vascularized fibula and implant-supported prosthesis based on fully three-dimensional virtual planning. | [2014] [Postoperative rehabilitation strategy for acetabular fracture: application of 3D printing technique].,[2023] Custom-made 3D-printed porous metal acetabular composite component in revision hip arthroplasty with Paprosky type III acetabular defects: A case report. | [2023] Rehabilitation of long-term mandibular defects by whole-process digital fibula flap combining with implants: A case report. | [2023] C2 pedicle screw placement on 3D-printed models for the performance assessment of CTA-based screw preclusion.,resin,[2013] Minimally invasive transcrestal guided sinus lift (TGSL): a clinical prospective proof-of-concept cohort study up to 52 months. | [2013] Randomized trial of Legflow(®) paclitaxel eluting balloon and stenting versus standard percutaneous transluminal angioplasty and stenting for the treatment of intermediate and long lesions of the superficial femoral artery (RAPID trial): study protocol for a randomized controlled trial. | [2013] Impact of operator experience on the accuracy of implant placement with stereolithographic surgical templates: an in vitro study.,[2014] Mandibular distraction combined with orthognathic techniques for the correction of severe adult mandibular hypoplasia. | [2017] Reconstruction of Maxillary and Orbital Floor Defect With Free Fibula Flap and Whole Individualized Titanium Mesh Assisted by Computer Techniques. | [2017] Dental occlusal-surface-supported titanium guide to assist cutting and drilling in mandibular bilateral sagittal split osteotomy.,,,
md,1,2010,0.064,0.06,0.059,0.176,0.097,0.313,0.352,0.431,0.352,0.529,0.533,0.727,0.8,0.702,0.697,0.666,0.88,1.044,1.157,1.161,1.331,2025,1.331,1.111,1714,"author conclusion (lift 37.9, wsp. 9); collection and analysis (lift 37.9, wsp. 9); searched the cochrane (lift 24.4, wsp. 4)","[2009] Clubfoot: etiology and treatment Ignacio V. Ponseti, MD, 1914-. | [2009] Application of curative therapy in the ward. 1920. | [2009] Hard and soft tissue changes after correction of mandibular prognathism and facial asymmetry by mandibular setback surgery: three-dimensional analysis using computerized tomography.","[2023] Retrospective Analysis of Paraspinal Muscle-Splitting Microscopic-Assisted Discectomy Versus Percutaneous Endoscopic Lumbar Discectomy for the Treatment of Far-Lateral Lumbar Disc Herniation. | [2023] Combined Anterior-Posterior versus Posterior-Only Fixation of Stress-Positive Minimally Displaced Lateral Compression Type 1 (LC1) Pelvic Ring Injuries. | [2023] Rotational Issues in Total Knee Arthroplasty: Commentary on an article by Eugene S. Jang, MD, MS, et al.: ""Reference Axes for Tibial Component Rotation in Total Knee Arthroplasty. Computed Tomography-Based Study of 1,351 Tibiae"".",collection and analysis,[2008] Post-operative therapy for metacarpophalangeal arthroplasty. | [2008] Spinal fixation surgery for acute traumatic spinal cord injury. | [2008] Arthroscopic debridement for knee osteoarthritis.,[2011] Surgery for lateral elbow pain. | [2011] Arthroscopy for temporomandibular disorders. | [2012] Hyperbaric oxygen therapy for chronic wounds.,,,
reverse total shoulder,3,2013,0.025,0.012,0.117,0.124,0.107,0.175,0.36,0.24,0.307,0.343,0.577,0.568,0.536,0.556,0.697,0.845,0.849,0.92,1.089,1.08,1.311,2025,1.311,1.047,1548,"total shoulder replacement (lift 73.5, wsp. 13); shoulder prosthesis (lift 66.6, wsp. 26); mean active (lift 30.9, wsp. 9); prosthesis have (lift 23.6, wsp. 6); the infraspinatus (lift 20.5, wsp. 4)",[2012] The cost-effectiveness of reverse total shoulder arthroplasty compared with hemiarthroplasty for rotator cuff tear arthropathy. | [2012] The use of the Lima reverse shoulder arthroplasty for the treatment of fracture sequelae of the proximal humerus. | [2012] Complications of the reverse prosthesis: prevention and treatment.,[2023] Treatment of Massive Rotator Cuff Tears with Reverse Shoulder Arthroplasty. | [2023] Augmentation of Arthroscopic Rotator Cuff Repair: Biologics and Grafts. | [2023] My Reverse Has Failed: Top Five Complications and How to Manage Them.,total shoulder replacement,[2011] A multicentre study of the long-term results of using a flat-back polyethylene glenoid component in shoulder replacement for primary osteoarthritis. | [2011] Factors predicting complication rates after primary shoulder arthroplasty. | [2011] Venous thromboembolic events are rare after shoulder surgery: analysis of a national database.,[2011] Infraglenoidal scapular notching in reverse total shoulder replacement: a prospective series of 60 cases and systematic review of the literature. | [2011] Irreparable spontaneous deltoid rupture in rotator cuff arthropathy: the use of a reverse total shoulder replacement. | [2011] Rotator cuff tears treated with a modified deltoid flap repair technique.,,,
arthroplasty a systematic,3,2011,0.025,0.0,0.012,0.041,0.107,0.074,0.134,0.108,0.157,0.246,0.296,0.381,0.424,0.479,0.561,0.488,0.755,0.968,0.819,0.877,1.124,2025,1.124,0.908,1169,"minimally invasive total (lift 27.6, wsp. 4); metal on metal (lift 5.9, wsp. 4); metal on (lift 5.5, wsp. 4); resurfacing (lift 3.8, wsp. 4)",[2010] How to treat the stiff total knee arthroplasty?: a systematic review. | [2010] Osteonecrosis is not a predictor of poor outcomes in primary total hip arthroplasty: a systematic literature review. | [2010] Minimally invasive versus conventional exposure for total hip arthroplasty: a systematic review and meta-analysis of clinical and radiological outcomes.,[2023] Predictors of Persistent Post-Surgical Pain Following Total Knee Arthroplasty: A Systematic Review and Meta-Analysis of Observational Studies. | [2023] The course of knee extensor strength after total knee arthroplasty: a systematic review with meta-analysis and -regression. | [2023] Efficacy of 11 anticoagulants for the prevention of venous thromboembolism after total hip or knee arthroplasty: A systematic review and network meta-analysis.,minimally invasive total,[2009] An arthroscopic technique to enhance visualization during total hip arthroplasty. | [2009] Modified two-incision minimally invasive total hip replacement for ankylosed hips. | [2009] Early discharge and recovery with three minimally invasive total hip arthroplasty approaches: a preliminary study.,[2009] Minimally invasive total hip arthroplasty: a systematic review. | [2009] Factors influencing early rehabilitation after THA: a systematic review. | [2009] Minimally invasive total knee arthroplasty: a systematic review.,,,
reverse shoulder arthroplasty,3,2011,0.0,0.012,0.105,0.155,0.156,0.157,0.402,0.282,0.45,0.581,0.622,0.547,0.661,0.653,0.671,0.767,0.749,0.795,0.887,1.019,0.936,2024,1.019,0.876,1504,"shoulder prosthesis (lift 124.1, wsp. 39); mean active (lift 35.2, wsp. 8); the tuberosity (lift 34.4, wsp. 7); shoulder the (lift 27.6, wsp. 9); the proximal humerus (lift 24.6, wsp. 18)",[2010] Suprascapular neuropathy secondary to reverse shoulder arthroplasty: a case report. | [2010] Reverse glenoid component fixation: is a posterior screw necessary? | [2010] Reverse shoulder arthroplasty as a salvage procedure for failed conventional shoulder replacement due to cuff failure--midterm results.,"[2023] Management of Proximal Humeral Fractures in Adults: A Systematic Review and Meta-Analysis. | [2023] Tendon Transfers, Balloon Spacers, and Bursal Acromial Reconstruction for Massive Rotator Cuff Tears. | [2023] Treatment of Massive Rotator Cuff Tears with Reverse Shoulder Arthroplasty.",shoulder prosthesis,[2009] Revision arthroplasty with use of a reverse shoulder prosthesis-allograft composite. | [2009] Short-term results after reversed shoulder arthroplasty (Delta III) in patients with rheumatoid arthritis and irreparable rotator cuff tear. | [2009] [In situ assembly of a modular noncemented total shoulder prosthesis for the reconstruction of complex joint pathology].,[2009] Fracture of a reverse total shoulder arthroplasty retentive liner. | [2009] Acromial insufficiency in reverse shoulder arthroplasties. | [2009] The SMR reverse shoulder prosthesis in the treatment of cuff-deficient shoulder conditions.,,,
opioid consumption,2,2014,0.038,0.048,0.047,0.062,0.068,0.092,0.1,0.124,0.21,0.283,0.318,0.374,0.445,0.535,0.664,0.779,0.68,0.872,0.691,0.938,0.983,2025,0.983,0.833,1210,"continuous femoral (lift 69.4, wsp. 14); of bupivacaine (lift 64.9, wsp. 10); continuous infusion (lift 55.8, wsp. 8); epidural analgesia (lift 51.1, wsp. 11); double blind study (lift 40.5, wsp. 7)","[2013] The 2012 Chitranjan Ranawat award: intraarticular analgesia after TKA reduces pain: a randomized, double-blinded, placebo-controlled, prospective study. | [2013] Stabilization of the cervicothoracic junction in tumoral cases with a hybrid less invasive-minimally invasive surgical technique: report of two cases. | [2013] Local infiltration analgesia is comparable to femoral nerve block after anterior cruciate ligament reconstruction with hamstring tendon graft: a randomised controlled trial.","[2023] Pain treatment after total hip arthroplasty: Detailed statistical analysis plan for the RECIPE randomised clinical trial. | [2023] Effect of gabapentin on length of stay, opioid use, and pain scores in posterior spinal fusion for adolescent idiopathic scoliosis: a retrospective review across a multi-hospital system. | [2023] Femoral Nerve Block and Local Instillation Analgesia Associated With More Reliable Efficacy in Regional Anesthesia Interventions Within 24 Hours Following Anterior Cruciate Ligament Reconstruction: A Network Meta-analysis.",continuous femoral,"[2012] Continuous femoral nerve blocks: decreasing local anesthetic concentration to minimize quadriceps femoris weakness. | [2012] Comments on ""Continuous spinal anesthesia versus continuous femoral nerve block for elective total knee replacement"". | [2012] Multimodal periarticular injection vs continuous femoral nerve block after total knee arthroplasty: a prospective, crossover, randomized clinical trial.",[2012] A randomized trial of epidural analgesia followed by continuous femoral analgesia compared with oral opioid analgesia on short- and long-term functional recovery after total knee replacement. | [2012] Comparing the analgesia effects of single-injection and continuous femoral nerve blocks with patient controlled analgesia after total knee arthroplasty. | [2013] Periarticular injection in knee arthroplasty improves quadriceps function.,,,
adult spinal deformity,3,2017,0.064,0.084,0.082,0.062,0.068,0.101,0.05,0.091,0.21,0.223,0.281,0.374,0.577,0.625,0.484,0.476,0.643,0.74,0.781,0.931,0.943,2025,0.943,0.806,1129,"background data there (lift 20.9, wsp. 7); data there (lift 14.8, wsp. 7); well recognized (lift 13.9, wsp. 4); of rigid (lift 12.8, wsp. 5); of background data (lift 12.3, wsp. 92)",[2016] Acute Complications After Adult Spinal Deformity Surgery in Patients Aged 70 Years and Older. | [2016] Detection of Pseudarthrosis in Adult Spinal Deformity: The Use of Health-related Quality-of-life Outcomes to Predict Pseudarthrosis. | [2016] Use of Recombinant Bone Morphogenetic Protein Is Associated With Reduced Risk of Reoperation After Spine Fusion for Adult Spinal Deformity.,[2023] Does the Global Alignment and Proportion score predict mechanical complications in circumferential minimally invasive surgery for adult spinal deformity? | [2023] Junctional Kyphosis after Correction with Long Instrumentation for Late Posttraumatic Thoracolumbar Kyphosis: Characteristics and Risk Factors. | [2023] The use of lateral lumbar interbody fusion for identifying adult patients with spinal deformities treatable by short corrective fusion in 2-stage surgery.,background data there,[2015] Lumbar facet joint effusion on MRI as a sign of unstable degenerative spondylolisthesis: should it influence the treatment decision? | [2015] Prognostic factors for surgical outcomes including preoperative total knee replacement and knee osteoarthritis status in female patients with lumbar spinal stenosis. | [2016] Relationship Between Percutaneous Procedures and Lumbar Infections Based on Data From The National Health Insurance Review & Assessment Service of Korea.,[2017] Impact of Smoking on 30-day Morbidity and Mortality in Adult Spinal Deformity Surgery. | [2017] Timing of Complications Occurring Within 30 Days After Adult Spinal Deformity Surgery. | [2018] Activity of Daily Living After Long Level Fusion in Adult Spinal Deformity: Compared With Over 60-Year-Old Degenerative Spine Patients Without Adult Spinal Deformity.,,,
retrospective observational,2,2015,0.025,0.036,0.035,0.041,0.078,0.074,0.092,0.166,0.172,0.134,0.192,0.245,0.341,0.417,0.458,0.41,0.737,0.657,0.736,0.85,0.93,2025,0.93,0.783,985,"were studied (lift 3.6, wsp. 5)",[2014] The use of multiple needle fasciotomy in Dupuytren disease: retrospective observational study of outcome and patient satisfaction. | [2014] Selection of lower instrumented vertebra in treating Lenke type 2A adolescent idiopathic scoliosis. | [2014] Prosthetic fitting after rotationplasty of the knee.,[2023] Risk Factors of Flexor Tendon Rupture After ORIF of Distal Radius Fracture. | [2023] Antibiotic Cement-Coated Interlocked Intramedullary Nails for the Treatment of Infected Nonunion After Intramedullary Nailing. | [2023] Radiographic alignment outcomes after the single-position prone transpsoas approach: a multi-institutional retrospective review of 363 cases.,were studied,[2013] Pedicle morphology using computed tomography-based navigation system in adolescent idiopathic scoliosis. | [2013] Reamed transacral interbody fusion for L5-s1 pseudoarthrosis: a novel salvage technique in 10 patients. | [2013] Comparison of mechanical and nonmechanical failure rates associated with rotating hinged total knee arthroplasty in nontumor patients.,"[2013] Preoperative indicators of length of stay following total hip replacement: a New Zealand-based retrospective, observational study. | [2014] Patterns of shoulder imbalance in adolescent idiopathic scoliosis: a retrospective observational study. | [2015] Management of paediatric maxillofacial fractures: conventional methods and resorbable materials.",,,
patient acceptable,2,2018,0.0,0.0,0.0,0.01,0.0,0.0,0.008,0.017,0.03,0.015,0.022,0.029,0.049,0.132,0.264,0.369,0.543,0.636,0.699,0.803,0.95,2025,0.95,0.725,679,"iv therapeutic case (lift 24.0, wsp. 6); therapeutic case series (lift 21.3, wsp. 6); clinical success (lift 12.3, wsp. 4); level iv therapeutic (lift 8.3, wsp. 6); hip in (lift 7.5, wsp. 6)",[2018] Clinically Meaningful Improvements After Hip Arthroscopy for Femoroacetabular Impingement in Adolescent and Young Adult Patients Regardless of Gender. | [2017] The Influence of Body Mass Index on Outcomes After Hip Arthroscopic Surgery With Capsular Plication for the Treatment of Femoroacetabular Impingement. | [2017] Total knee replacement: Are there any baseline factors that have influence in patient reported outcomes?,[2023] Patient Acceptable Symptom State Versus Latent Class Analysis Outcome Classification: A Comparative Longitudinal Study of Knee Arthroplasty. | [2023] Minimally Clinically Important Difference (MCID) Is a Low Bar. | [2023] Custom total knee arthroplasty combined with personalised alignment grants 94% patient satisfaction at minimum follow-up of 2 years.,iv therapeutic case,"[2016] Radiographic Outcomes of Hemiepiphyseal Stapling for Distal Radius Deformity Due to Multiple Hereditary Exostoses. | [2016] Lower Extremity Deformity Management in MPS IVA, Morquio-Brailsford Syndrome: Preliminary Report of Hemiepiphysiodesis Correction of Genu Valgum. | [2016] Guided Growth of the Proximal Femur for Hip Displacement in Children With Cerebral Palsy.",[2018] Clinically Meaningful Improvements After Hip Arthroscopy for Femoroacetabular Impingement in Adolescent and Young Adult Patients Regardless of Gender. | [2018] The Influence of Pain in Other Major Joints and the Spine on 2-Year Outcomes After Hip Arthroscopy. | [2019] Return to Dance and Predictors of Outcome After Hip Arthroscopy for Femoroacetabular Impingement Syndrome.,,,
a propensity,2,2016,0.013,0.048,0.023,0.01,0.029,0.037,0.025,0.041,0.067,0.074,0.111,0.18,0.195,0.243,0.368,0.434,0.512,0.65,0.631,0.823,0.956,2025,0.956,0.714,800,"of background data (lift 3.4, wsp. 9); summary of background (lift 3.4, wsp. 9); on the basis (lift 3.2, wsp. 4); the basis of (lift 3.1, wsp. 4)","[2015] Operative versus nonoperative treatment of displaced proximal humeral physeal fractures: a matched cohort. | [2015] Propensity score matching and randomization. | [2015] Differences in the outcomes of anterior versus posterior interbody fusion surgery of the lumbar spine: a propensity score-controlled cohort analysis of 10,941 patients.",[2023] Similar short-term KOOS between open-wedge high tibial osteotomy and total knee arthroplasty in patients over age 60: A propensity score-matched cohort study. | [2023] Comparison of the clinical outcomes following total knee arthroplasty in osseous ankylosed and non-ankylosed knees using propensity-score matching. | [2023] Total Knee Replacement After Arthroscopic Meniscectomy in Knee Osteoarthritis: A Nationwide Population-Based Cohort Study.,of background data,[2018] Clinical and Radiological Mid-Term Outcomes of Lumbar Single-Level Total Disc Replacement. | [2014] Risk factors for adjacent segment disease after posterior lumbar interbody fusion and efficacy of simultaneous decompression surgery for symptomatic adjacent segment disease. | [2014] The effect of a mismatched center of rotation on the clinical outcomes and flexion-extension range of motion: lumbar total disk replacement using mobidisc at a 5.5-year follow-up.,[2014] Spine surgeon specialty is not a risk factor for 30-day complication rates in single-level lumbar fusion: a propensity score-matched study of 2528 patients. | [2014] Preoperative anemia does not predict complications after single-level lumbar fusion: a propensity score-matched multicenter study. | [2015] Morbidity and Mortality After Vertebral Fractures: Comparison of Vertebral Augmentation and Nonoperative Management in the Medicare Population.,,,
tranexamic acid,2,2013,0.102,0.072,0.07,0.104,0.078,0.111,0.167,0.224,0.412,0.454,0.592,0.842,0.932,0.876,0.935,0.904,0.93,0.65,0.624,0.702,0.542,2019,0.935,0.695,1478,"autologous blood (lift 32.2, wsp. 13); bolus (lift 24.6, wsp. 9); packed (lift 20.8, wsp. 7); blood and (lift 19.9, wsp. 7); infusion of (lift 18.3, wsp. 9)","[2012] Are antifibrinolytics helpful in decreasing blood loss and transfusions during spinal fusion surgery in children with cerebral palsy scoliosis? | [2012] [Tranexamic acid reduces blood loss after major elective orthopaedic operations]. | [2012] Evaluation of the efficacy of tranexamic acid on blood loss in orthognathic surgery. A prospective, randomized clinical study.",[2023] Value of Tranexamic Acid and Progressive Nursing in Accelerating Postoperative Rehabilitation After Total Knee Arthroplasty. | [2023] Effect of Topical Administration of Tranexamic Acid on Intraoperative and Postoperative Blood Loss during Posterior Cervical Laminectomy and Fusion Surgery: A Retrospective Study. | [2023] Predisposing factors for allogeneic blood transfusion in patients with ankylosing spondylitis undergoing primary unilateral total hip arthroplasty: a retrospective study.,autologous blood,"[2011] Blood, bugs, and motion - what do we really know in regard to total joint arthroplasty? | [2011] Who needs autologous blood donation in joint replacement? | [2011] Comparison of unilateral and rapidly staged bilateral hip resurfacing arthroplasty.",[2012] Tranexamic acid reduces blood loss and financial cost in primary total hip and knee replacement surgery. | [2013] Repeat-dose intravenous tranexamic acid further decreases blood loss in total knee arthroplasty. | [2012] [How to improve perioperative blood management in patients undergoing total hip or knee replacement surgery?].,,,
covid 19,2,2020,0.0,0.0,0.0,0.0,0.0,0.0,0.0,0.0,0.0,0.0,0.0,0.0,0.0,0.0,0.0,1.285,1.011,0.878,0.669,0.432,0.375,2020,1.285,0.677,714,"waiting list (lift 35.5, wsp. 10); polymerase chain reaction (lift 22.0, wsp. 16); early experience (lift 15.0, wsp. 6); division of (lift 13.0, wsp. 5); caused a (lift 12.9, wsp. 6)",[2020] What's Important: Facing Fear in the Time of COVID-19. | [2020] What's Important: What Is Our Role in the COVID-19 Pandemic? | [2020] Preparing to Perform Trauma and Orthopaedic Surgery on Patients with COVID-19.,"[2023] All Feet on Deck: The Role of Podiatry During the COVID-19 Pandemic: Preventing Hospitalizations in an Overburdened Health-Care System, Reducing Amputation and Death in People with Diabetes. | [2023] Diabetes-Related Major and Minor Amputation Risk Increased During the COVID-19 Pandemic. | [2023] Diabetes-related Amputations During COVID-19: A Pandemic Within a Pandemic.",waiting list,"[2018] Total Knee Replacement and the Effect of Technology on Cocreation for Improved Outcomes and Delivery: Qualitative Multi-Stakeholder Study. | [2018] Paraplegia as a presentation of primary hyperoxaluria. | [2018] Improving physical activity, pain and function in patients waiting for hip and knee arthroplasty by combining targeted exercise training with behaviour change counselling: study protocol for a randomised controlled trial.",[2020] Operating room efficiency and timing during coronavirus disease 2019 outbreak in a referral orthopaedic hospital in Northern Italy. | [2020] Returning to Elective Orthopedic Surgery During the COVID-19 Pandemic: A Multidisciplinary and Pragmatic Strategy for Initial Patient Selection. | [2020] Resuming elective hip and knee arthroplasty in the COVID-19 era: a unique insight into patient risk aversion and sentiment.,,,
study from,2,2020,0.102,0.072,0.094,0.166,0.127,0.203,0.218,0.232,0.24,0.231,0.274,0.237,0.369,0.354,0.374,0.446,0.562,0.643,0.729,0.641,0.749,2025,0.749,0.662,984,"birmingham (lift 23.9, wsp. 5); study level ii (lift 19.6, wsp. 4); hip resurfacing (lift 7.1, wsp. 6); seen with (lift 6.2, wsp. 4); survived (lift 6.1, wsp. 6)",[2019] The Rates of LSS Surgery in Norwegian Public Hospitals: A Threefold Increase From 1999 to 2013. | [2019] Treating fractures in upper limb gunshot injuries: The Cape Town experience. | [2019] The Utility of Hip Arthroscopy in the Setting of Acetabular Dysplasia: A Systematic Review.,"[2023] Does the use of postoperative brace help preventing mechanical complications following adult deformity surgery? | [2023] Comparison of Outcomes Following Total Hip Arthroplasty Between Patients Diagnosed with Association Research Circulation Osseous (ARCO) Stage III and Stage IV Osteonecrosis of the Femoral Head: A Retrospective Study of 302 Patients. | [2023] Leveraging large, real-world data through machine-learning to increase efficiency in robotic-assisted total knee arthroplasty.",birmingham,[2018] 10-year results of the Birmingham Hip Resurfacing: a non-designer case series. | [2018] Numbness of the lower lip does not adversely affect quality of life or patients' satisfaction after mandibular orthognathic surgery. | [2018] Development and validation of two clinical prediction models to inform clinical decision-making for lumbar spinal fusion surgery for degenerative disorders and rehabilitation following surgery: protocol for a prospective observational study.,[2020] Is the Survivorship of Birmingham Hip Resurfacing Better Than Selected Conventional Hip Arthroplasties in Men Younger Than 65 Years of Age? A Study from the Australian Orthopaedic Association National Joint Replacement Registry. | [2020] CORR Insights®: Is the Survivorship of Birmingham Hip Resurfacing Better Than Selected Conventional Hip Arthroplasties in Men Younger Than 65 Years of Age? A Study from the Australian Orthopaedic Association National Joint Replacement Registry. | [2021] Letter to the Editor: Is the Survivorship of Birmingham Hip Resurfacing Better Than Selected Conventi,,,
printing,1,2014,0.0,0.0,0.0,0.01,0.029,0.028,0.008,0.008,0.037,0.134,0.155,0.266,0.529,0.625,0.632,0.72,0.624,0.643,0.609,0.641,0.642,2020,0.72,0.632,940,"rapid prototyping (lift 68.0, wsp. 8); the computer (lift 32.6, wsp. 5); ct scanning (lift 29.7, wsp. 4); scanning (lift 18.0, wsp. 11); of the tumor (lift 16.0, wsp. 4)",[2013] Construction and accuracy assessment of patient-specific biocompatible drill template for cervical anterior transpedicular screw (ATPS) insertion: an in vitro study. | [2013] A novel method of computer aided orthognathic surgery using individual CAD/CAM templates: a combination of osteotomy and repositioning guides. | [2013] Multistep pedicle screw insertion procedure with patient-specific lamina fit-and-lock templates for the thoracic spine: clinical article.,[2023] C2 pedicle screw placement on 3D-printed models for the performance assessment of CTA-based screw preclusion. | [2023] Three-dimensional printing designed customized plate in the treatment of coronal fracture of distal humerus in teenager: A case report. | [2023] The optimal design of 3D-printed lattice bone plate by considering fracture healing mechanism.,rapid prototyping,[2012] Multiscale design and multiobjective optimization of orthopedic hip implants with functionally graded cellular material. | [2012] Development of a new technique for pedicle screw and Magerl screw insertion using a 3-dimensional image guide. | [2012] The design and rapid prototyping of surgical guides and bone plates to support iliac free flaps for mandible reconstruction.,[2013] Construction and accuracy assessment of patient-specific biocompatible drill template for cervical anterior transpedicular screw (ATPS) insertion: an in vitro study. | [2014] Mandibular reconstruction using plates prebent to fit rapid prototyping 3-dimensional printing models ameliorates contour deformity. | [2015] Application of 3D rapid prototyping technology in posterior corrective surgery for Lenke 1 adolescent idiopathic scoliosis patients.,,,
of return to,3,2017,0.064,0.072,0.117,0.114,0.127,0.092,0.151,0.257,0.21,0.201,0.318,0.331,0.473,0.493,0.51,0.476,0.718,0.692,0.609,0.533,0.562,2021,0.718,0.624,1005,"the mean lysholm (lift 17.7, wsp. 5); iv therapeutic case (lift 13.8, wsp. 10); mean lysholm (lift 12.0, wsp. 5); therapeutic case series (lift 11.3, wsp. 9); autologous chondrocyte (lift 10.8, wsp. 7)",[2016] Outcomes and Complications of Tibial Tubercle Fractures in Pediatric Patients: A Systematic Review of the Literature. | [2016] Asymmetrical Lower Extremity Loading Early After Anterior Cruciate Ligament Reconstruction Is a Significant Predictor of Asymmetrical Loading at the Time of Return to Sport. | [2016] Sternoclavicular Reconstruction in the Young Active Patient: Risk Factor Analysis and Clinical Outcomes at Short-Term Follow-up.,[2023] Rehabilitation and Return to Work and Sport After Rotator Cuff. | [2023] Outcomes of Tibiotalocalcaneal Hindfoot Fusion Nails Used for Acute Lower Extremity Trauma in a High-Risk Patient Population. | [2023] Improvement following minimally invasive transforaminal lumbar interbody fusion in patients aged 70 years or older compared with younger age groups.,the mean lysholm,[2015] Long-term results of arthroscopic reshaping for symptomatic discoid lateral meniscus in children. | [2015] Which patients are less likely to improve during the first year after arthroscopic partial meniscectomy? A multivariate analysis of 201 patients with prospective follow-up. | [2015] Prone and direct posterior approach for management of posterior column tibial plateau fractures.,"[2016] Comparison Between Single- and Double-Bundle Anterior Cruciate Ligament Reconstruction With 6- to 8-Stranded Hamstring Autograft: A Prospective, Randomized Clinical Trial. | [2016] Arthroscopic transphyseal anterior cruciate ligament reconstruction in adolescent athletes. | [2017] Anterior cruciate ligament revision with Achilles tendon allograft in young athletes.",,,
pandemic,1,2020,0.0,0.0,0.012,0.031,0.0,0.0,0.008,0.0,0.007,0.0,0.0,0.0,0.014,0.014,0.006,0.987,0.824,0.823,0.601,0.371,0.288,2020,0.987,0.583,606,"waiting list (lift 42.7, wsp. 10); polymerase chain reaction (lift 16.6, wsp. 10); division of (lift 15.6, wsp. 5); caused a (lift 15.5, wsp. 6); early experience (lift 15.1, wsp. 5)",[2019] Obesity Disease Pandemic on Joint Disease and Longevity. | [2020] What's Important: What Is Our Role in the COVID-19 Pandemic? | [2020] Guidelines for Ambulatory Surgery Centers for the Care of Surgically Necessary/Time-Sensitive Orthopaedic Cases During the COVID-19 Pandemic.,"[2023] All Feet on Deck: The Role of Podiatry During the COVID-19 Pandemic: Preventing Hospitalizations in an Overburdened Health-Care System, Reducing Amputation and Death in People with Diabetes. | [2023] Diabetes-Related Major and Minor Amputation Risk Increased During the COVID-19 Pandemic. | [2023] Diabetes-related Amputations During COVID-19: A Pandemic Within a Pandemic.",waiting list,"[2018] Total Knee Replacement and the Effect of Technology on Cocreation for Improved Outcomes and Delivery: Qualitative Multi-Stakeholder Study. | [2018] Paraplegia as a presentation of primary hyperoxaluria. | [2018] Improving physical activity, pain and function in patients waiting for hip and knee arthroplasty by combining targeted exercise training with behaviour change counselling: study protocol for a randomised controlled trial.",[2020] Operating room efficiency and timing during coronavirus disease 2019 outbreak in a referral orthopaedic hospital in Northern Italy. | [2020] Returning to Elective Orthopedic Surgery During the COVID-19 Pandemic: A Multidisciplinary and Pragmatic Strategy for Initial Patient Selection. | [2021] Is it safe yet? Patient readiness and perceptions about returning to hospital for planned orthopaedic care.,,,
3d printing,2,2014,0.0,0.0,0.0,0.01,0.01,0.018,0.0,0.008,0.007,0.119,0.133,0.223,0.466,0.521,0.613,0.654,0.574,0.567,0.571,0.58,0.602,2020,0.654,0.579,844,"rapid prototyping (lift 52.1, wsp. 5); the computer (lift 31.9, wsp. 4); of the tumor (lift 19.6, wsp. 4); scanning (lift 18.0, wsp. 9); skull (lift 13.9, wsp. 4)","[2013] A novel method of computer aided orthognathic surgery using individual CAD/CAM templates: a combination of osteotomy and repositioning guides. | [2014] The marine sponge-derived inorganic polymers, biosilica and polyphosphate, as morphogenetically active matrices/scaffolds for the differentiation of human multipotent stromal cells: potential application in 3D printing and distraction osteogenesis. | [2014] Bone regenerative medicine: classic options, novel strategies, and future directions.",[2023] C2 pedicle screw placement on 3D-printed models for the performance assessment of CTA-based screw preclusion. | [2023] Three-dimensional printing designed customized plate in the treatment of coronal fracture of distal humerus in teenager: A case report. | [2023] The optimal design of 3D-printed lattice bone plate by considering fracture healing mechanism.,rapid prototyping,[2012] Multiscale design and multiobjective optimization of orthopedic hip implants with functionally graded cellular material. | [2012] Development of a new technique for pedicle screw and Magerl screw insertion using a 3-dimensional image guide. | [2012] The design and rapid prototyping of surgical guides and bone plates to support iliac free flaps for mandible reconstruction.,[2015] Application of 3D rapid prototyping technology in posterior corrective surgery for Lenke 1 adolescent idiopathic scoliosis patients. | [2015] Application of the polystyrene model made by 3-D printing rapid prototyping technology for operation planning in revision lumbar discectomy. | [2015] Custom Acetabular Cages Offer Stable Fixation and Improved Hip Scores for Revision THA With Severe Bone Defects.,,,
biomarker,1,2014,0.025,0.048,0.023,0.01,0.068,0.12,0.134,0.166,0.142,0.223,0.296,0.259,0.313,0.347,0.451,0.428,0.574,0.436,0.466,0.439,0.749,2025,0.749,0.536,821,"expression in (lift 20.5, wsp. 4); mrna (lift 20.3, wsp. 4); in animal (lift 16.6, wsp. 4); polymerase chain reaction (lift 16.5, wsp. 4); pathogenesis of (lift 16.0, wsp. 5)",[2013] Total hip replacement but not clinical osteoarthritis can be predicted by the shape of the hip: a prospective cohort study (CHECK). | [2013] Imaging biomarker with T1ρ and T2 mappings in osteoarthritis - in vivo human articular cartilage study. | [2013] Can urinary excretion rate of 8-isoprostrane and malonaldehyde predict postoperative cognitive dysfunction in aging?,"[2023] Individual participant data meta-analysis of metabolomics on sustained knee pain in primary osteoarthritis patients. | [2023] Quantitative MRI Biomarkers to Predict Risk of Reinjury Within 2 Years After Bridge-Enhanced ACL Restoration. | [2023] Influence of traumatic lower-limb amputation on physical activity, body composition, and cardiometabolic risks: A descriptive preliminary study.",expression in,[2012] Functional folate receptor beta-expressing macrophages in osteoarthritis synovium and their M1/M2 expression profiles. | [2012] Expression patterns of Notch receptors and their ligands in human osteoarthritic and healthy articular cartilage. | [2012] Activation of Indian hedgehog promotes chondrocyte hypertrophy and upregulation of MMP-13 in human osteoarthritic cartilage.,[2012] Serum proteomics of early postoperative cognitive dysfunction in elderly patients. | [2014] Possible effects of metallosis on spermatozoal apoptotic genes expression in individuals with intramedullary nailing prosthesis. | [2014] The host response: Toll-like receptor expression in periprosthetic tissues as a biomarker for deep joint infection.,,,
lateral lumbar,2,2016,0.051,0.048,0.059,0.021,0.049,0.055,0.059,0.041,0.157,0.209,0.178,0.273,0.285,0.299,0.322,0.393,0.518,0.567,0.601,0.466,0.488,2023,0.601,0.526,736,"visceral (lift 43.8, wsp. 8); in lateral bending (lift 43.5, wsp. 5); the disc space (lift 40.6, wsp. 7); disc space (lift 33.7, wsp. 16); the neural (lift 31.3, wsp. 5)","[2015] Minimally Invasive Lateral Lumbar Interbody Fusion: Clinical and Radiographic Outcome at a Minimum 2-year Follow-up. | [2015] Aortic perforation during lateral lumbar interbody fusion. | [2016] ""Push-Through"" Rod Passage Technique for the Improvement of Lumbar Lordosis and Sagittal Balance in Minimally Invasive Adult Degenerative Scoliosis Surgery.","[2023] Retrospective Analysis of Paraspinal Muscle-Splitting Microscopic-Assisted Discectomy Versus Percutaneous Endoscopic Lumbar Discectomy for the Treatment of Far-Lateral Lumbar Disc Herniation. | [2023] Extreme Lateral Lumbar Interbody Fusion Surgery with a Robot-Assisted System in a Swine Model. | [2023] Multilevel tandem spondylolisthesis associated with a reduced ""safe zone"" for a transpsoas lateral lumbar interbody fusion at L4-5.",visceral,[2014] [Complications after osteosynthetic treatment of acetabular fractures]. | [2014] [Current treatment of pelvic ring fractures]. | [2014] Comparison of external radiotherapy and percutaneous vertebroplasty for spinal metastasis.,"[2015] Aortic perforation during lateral lumbar interbody fusion. | [2014] Comparison of the different surgical approaches for lumbar interbody fusion. | [2016] Lateral Lumbar Interbody Fusion: Indications, Outcomes, and Complications.",,,
in individual with,3,2022,0.115,0.048,0.07,0.093,0.078,0.166,0.109,0.149,0.135,0.156,0.185,0.259,0.209,0.278,0.31,0.274,0.35,0.422,0.473,0.499,0.87,2025,0.87,0.522,733,"of loading (lift 20.5, wsp. 4); of the intact (lift 18.8, wsp. 8); muscle of (lift 17.6, wsp. 4); hip in (lift 4.8, wsp. 7); design prospective (lift 3.9, wsp. 4)",[2021] Trunk Muscle Endurance in Individuals With and Without a History of Anterior Cruciate Ligament Reconstruction. | [2021] Three-Dimensional Analysis of Craniofacial Structures of Individuals With Nonsyndromic Unilateral Complete Cleft Lip and Palate. | [2022] Costs of Joint Replacement in Osteoarthritis: A Study Using the National Joint Registry and Clinical Practice Research Datalink Data Sets.,"[2023] Immediate Effects of Walking With a Knee Brace After Anterior Cruciate Ligament Reconstruction: A Biomechanical, Biochemical, and Structural Approach. | [2023] Antimicrobial Remedies and Emerging Strategies for the Treatment of Diabetic Foot Ulcers. | [2023] Improvement Trajectories in Patient-Reported Outcomes Between Males and Females After Anterior Cruciate Ligament Reconstruction.",of loading,[2020] The sandwich osteotomy technique to treat vertical alveolar bone defects prior to implant placement: a systematic review. | [2020] Experimental shortening of the radius in the treatment of Kienböck's disease. | [2020] Effects of focal metallic implants on opposing cartilage - an in-vitro study with an abrasion test machine.,"[2022] Running footstrike pattern effect on lower extremity work in an individual with transtibial amputation. | [2023] Absent loading response knee flexion: The impact on gait kinetics and centre of mass motion in individuals with unilateral transfemoral amputation, and the effect of microprocessor controlled knee provision. | [2024] Dynamics of Center of Pressure Trajectory in Gait: Unilateral Transfemoral Amputees Versus Non-Disabled Individuals.",,,
enhanced recovery,2,2016,0.0,0.0,0.0,0.0,0.01,0.0,0.033,0.041,0.082,0.074,0.081,0.122,0.146,0.215,0.374,0.399,0.462,0.415,0.436,0.445,0.589,2025,0.589,0.47,582,"total hip replacement (lift 6.9, wsp. 10); hip replacement (lift 5.3, wsp. 11)",[2015] Blood transfusion in hip and knee arthroplasties: the end of the pre-operative group and save? | [2015] Pre-operative education prior to elective hip arthroplasty surgery improves postoperative outcome. | [2015] Short-stretch inelastic compression bandage in knee swelling following total knee arthroplasty study (STICKS): study protocol for a randomised controlled feasibility study.,"[2023] Key Elements of Enhanced Recovery after Total Joint Arthroplasty: A Reanalysis of the Enhanced Recovery after Surgery Guidelines. | [2024] Analgesic Effects of Preoperative Combination of Oral Pregabalin and Intravenous Magnesium Sulfate on Postoperative Pain in Patients Undergoing Posterolateral Spinal Fusion Surgery: A 4-arm, Randomized, Double-blind, Placebo-controlled Trial. | [2023] The implementation of enhanced recovery after surgery pathway in patients undergoing posterior thoracolumbar fusion for degenerative spinal deformity.",total hip replacement,[2014] Taper design affects failure of large-head metal-on-metal total hip replacements. | [2014] Palliative hip surgery in severe cerebral palsy: a systematic review. | [2014] Osteonecrosis of the hip in Korean patients with systemic lupus erythematosus: risk factors and clinical outcome.,[2014] A multidisciplinary enhanced recovery programme allows discharge within two days of total hip replacement; three- to five-year results of 100 patients. | [2014] Older patients have the most to gain from orthopaedic enhanced recovery programmes. | [2014] Is a preoperative group and save necessary for enhanced recovery joint replacement patients?,,,
covid 19 pandemic,3,2020,0.0,0.0,0.0,0.0,0.0,0.0,0.0,0.0,0.0,0.0,0.0,0.0,0.0,0.0,0.0,0.767,0.643,0.602,0.481,0.29,0.274,2020,0.767,0.46,467,"waiting list (lift 45.0, wsp. 8); division of (lift 20.5, wsp. 5); caused a (lift 20.4, wsp. 6); early experience (lift 19.8, wsp. 5); a massive (lift 16.1, wsp. 5)",[2020] What's Important: What Is Our Role in the COVID-19 Pandemic? | [2020] Guidelines for Ambulatory Surgery Centers for the Care of Surgically Necessary/Time-Sensitive Orthopaedic Cases During the COVID-19 Pandemic. | [2020] A Review of State Guidelines for Elective Orthopaedic Procedures During the COVID-19 Outbreak.,"[2023] All Feet on Deck: The Role of Podiatry During the COVID-19 Pandemic: Preventing Hospitalizations in an Overburdened Health-Care System, Reducing Amputation and Death in People with Diabetes. | [2023] Diabetes-Related Major and Minor Amputation Risk Increased During the COVID-19 Pandemic. | [2023] Physical and financial impacts caused by the COVID-19 pandemic exacerbate knee pain: A longitudinal study of a large-scale general population.",waiting list,"[2018] Total Knee Replacement and the Effect of Technology on Cocreation for Improved Outcomes and Delivery: Qualitative Multi-Stakeholder Study. | [2018] Paraplegia as a presentation of primary hyperoxaluria. | [2018] Improving physical activity, pain and function in patients waiting for hip and knee arthroplasty by combining targeted exercise training with behaviour change counselling: study protocol for a randomised controlled trial.",[2020] Operating room efficiency and timing during coronavirus disease 2019 outbreak in a referral orthopaedic hospital in Northern Italy. | [2020] Returning to Elective Orthopedic Surgery During the COVID-19 Pandemic: A Multidisciplinary and Pragmatic Strategy for Initial Patient Selection. | [2021] Is it safe yet? Patient readiness and perceptions about returning to hospital for planned orthopaedic care.,,,
the covid 19,3,2020,0.0,0.0,0.0,0.0,0.0,0.0,0.0,0.0,0.0,0.0,0.0,0.0,0.0,0.0,0.0,0.732,0.643,0.56,0.458,0.27,0.268,2020,0.732,0.442,448,"waiting list (lift 52.6, wsp. 9); division of (lift 21.3, wsp. 5); early experience (lift 20.6, wsp. 5); caused a (lift 17.7, wsp. 5); a massive (lift 16.8, wsp. 5)",[2020] What's Important: What Is Our Role in the COVID-19 Pandemic? | [2020] Guidelines for Ambulatory Surgery Centers for the Care of Surgically Necessary/Time-Sensitive Orthopaedic Cases During the COVID-19 Pandemic. | [2020] A Review of State Guidelines for Elective Orthopaedic Procedures During the COVID-19 Outbreak.,"[2023] All Feet on Deck: The Role of Podiatry During the COVID-19 Pandemic: Preventing Hospitalizations in an Overburdened Health-Care System, Reducing Amputation and Death in People with Diabetes. | [2023] Diabetes-Related Major and Minor Amputation Risk Increased During the COVID-19 Pandemic. | [2023] Physical and financial impacts caused by the COVID-19 pandemic exacerbate knee pain: A longitudinal study of a large-scale general population.",waiting list,"[2018] Total Knee Replacement and the Effect of Technology on Cocreation for Improved Outcomes and Delivery: Qualitative Multi-Stakeholder Study. | [2018] Paraplegia as a presentation of primary hyperoxaluria. | [2018] Improving physical activity, pain and function in patients waiting for hip and knee arthroplasty by combining targeted exercise training with behaviour change counselling: study protocol for a randomised controlled trial.",[2020] Returning to Elective Orthopedic Surgery During the COVID-19 Pandemic: A Multidisciplinary and Pragmatic Strategy for Initial Patient Selection. | [2020] Resuming elective hip and knee arthroplasty in the COVID-19 era: a unique insight into patient risk aversion and sentiment. | [2021] Is it safe yet? Patient readiness and perceptions about returning to hospital for planned orthopaedic care.,,,
cage subsidence,2,2021,0.076,0.06,0.047,0.072,0.039,0.055,0.084,0.083,0.127,0.112,0.074,0.072,0.16,0.167,0.187,0.214,0.306,0.408,0.473,0.364,0.615,2025,0.615,0.431,533,"mesh cage (lift 50.6, wsp. 8); titanium cage (lift 49.3, wsp. 11); odom (lift 38.4, wsp. 5); solid fusion (lift 21.7, wsp. 6); fusion was achieved (lift 16.8, wsp. 5)","[2020] Full Percutaneous Transforaminal Lumbar Interbody Fusion Using the Facet-sparing, Trans-Kambin Approach. | [2020] Thoracolumbar Vertebral Column Resection With Rectangular Endplate Cages Through a Posterior Approach: Surgical Techniques and Early Postoperative Outcomes. | [2020] Comparison of the effectiveness and safety of bioactive glass ceramic to allograft bone for anterior cervical discectomy and fusion with anterior plate fixation.",[2023] Computational comparison of anterior lumbar interbody fusion and oblique lumbar interbody fusion with various supplementary fixation systems: a finite element analysis. | [2023] Early effect of standalone oblique lateral interbody fusion vs. combined with lateral screw fixation of the vertebral body on single-level lumbar degenerative disc disease: A pilot study. | [2023] Midline Lumbar Fusion Versus Posterior Lumbar Interbody Fusion Involving L5-S1 For Degenerative Lumbar Diseases: A Comparative Study.,mesh cage,[2019] [Safety and efficacy of an electron beam melting technique-manufactured titanium mesh cage for lumbar interbody fusion]. | [2019] Effect of Dome-Shaped Titanium Mesh Cages on Cervical Endplate Under Cyclic Loading: An In Vitro Biomechanics Study. | [2019] Design and preliminary biomechanical analysis of a novel motion preservation device for lumbar spinal disease after vertebral corpectomy.,[2020] Application of Titanium Alloy 3D-Printed Artificial Vertebral Body for Stage III Kümmell's Disease Complicated by Neurological Deficits. | [2021] PEEK vs Titanium Cage for Anterior Column Reconstruction in Active Spinal Tuberculosis: A Comparative Study. | [2021] The effects of titanium mesh cage size on the biomechanical responses of cervical spine after anterior cervical corpectomy and fusion: A finite element study.,,,
dual mobility,2,2011,0.0,0.012,0.012,0.041,0.01,0.074,0.1,0.116,0.127,0.156,0.17,0.288,0.313,0.375,0.322,0.357,0.431,0.484,0.458,0.344,0.408,2022,0.484,0.424,663,"this hypothesis (lift 89.3, wsp. 5); cup were (lift 73.4, wsp. 6); acetabular component and (lift 60.0, wsp. 4); recurrent dislocation (lift 59.2, wsp. 9); cup was (lift 57.4, wsp. 5)",[2010] Dual mobility design use in preventing total hip replacement dislocation following tumor resection. | [2010] Acetabular revision using a press-fit dual mobility cup. | [2010] Do tantalum components provide adequate primary fixation in all acetabular revisions?,[2023] Dual-Mobility Articulations in Total Hip Arthroplasty: A Durable Game Changer or the Next Cause for Concern? | [2023] Fretting corrosion testing of acetabular modular tapers for total hip replacements: A comparison of two designs. | [2023] Hip Abduction Can Be Considered the Sole Posterior Precaution Strategy to Lower the Rate of Impingement After Posterior Approach Total Hip Arthroplasty With Large Femoral Head: A Computer Simulation Study.,this hypothesis,"[2009] Total shoulder arthroplasty: downward inclination of the glenoid component to balance supraspinatus deficiency. | [2009] Greater trochanter displacements after Charnley's trochanterotomy, during passive hip movements: a real-time 3D cadaveric approach. | [2009] A randomized clinical trial comparing immediate active motion with immobilization after tendon transfer for claw deformity.",[2009] Prevention of dislocation in total hip revision surgery using a dual mobility design. | [2010] Posterior approach and dislocation rate: a 213 total hip replacements case-control study comparing the dual mobility cup with a conventional 28-mm metal head/polyethylene prosthesis. | [2011] Treatment of recurrent THR dislocation using of a cementless dual-mobility cup: a 59 cases series with a mean 8 years' follow-up.,,,
at minimum,2,2021,0.038,0.048,0.152,0.114,0.088,0.083,0.117,0.124,0.105,0.119,0.2,0.194,0.243,0.271,0.277,0.387,0.437,0.429,0.541,0.391,0.321,2023,0.541,0.421,654,"two hip (lift 19.1, wsp. 5); of the sf (lift 18.8, wsp. 4); range 24 to (lift 14.8, wsp. 4); reviewed at (lift 13.0, wsp. 6); knee had (lift 12.4, wsp. 5)",[2020] Hip Arthroscopy Successfully Treats Femoroacetabular Impingement in Adolescent Athletes. | [2020] Effective Prevention of Proximal Junctional Failure in Adult Spinal Deformity Surgery Requires a Combination of Surgical Implant Prophylaxis and Avoidance of Sagittal Alignment Overcorrection. | [2020] Fixation of Transverse Acetabular Fractures With Precontoured Plates Alone Causes Fracture Malreduction: A Biomechanical Assessment.,"[2023] Minimally invasive decompression alone versus fusion surgery for acute lumbar disk herniation combined incomplete cauda equina syndrome. | [2023] Lateral decubitus single position anterior posterior surgery improves operative efficiency, improves perioperative outcomes, and maintains radiological outcomes comparable with traditional anterior posterior fusion at minimum 2-year follow-up. | [2023] Anatomical risk factors for aseptic loosening of full hinge knee prosthesis in primary and revision TKAs.",two hip,[2019] Are Complications After the Bernese Periacetabular Osteotomy Associated With Subsequent Outcomes Scores? | [2019] Cementless hip arthroplasty and transverse shortening femoral osteotomy with the S-ROM stem for Crowe type IV developmental dysplasia. | [2019] What Is the Survivorship of Revision Surgery Performed for the Chronically Dislocated THA?,"[2019] Long-Term Survival of the Cemented Exeter Universal Stem in Patients 50 Years and Younger: An Update on 130 Hips. | [2021] Patients Obtain Meaningful Clinical Benefit After Hip Arthroscopy Despite Preoperative Psychological Distress: A Propensity-Matched Analysis of Mid-Term Outcomes. | [2021] Patients With Concomitant Painful External Snapping Hip and Femoroacetabular Impingement Syndromes Reported Complete Snapping Resolution With Release of the Gluteus Maximus and Iliotibial Band, and Comparable Minimum 2-Year Outcomes to a Propensity-Matched Control Group.",,,
study protocol,2,2019,0.076,0.06,0.035,0.062,0.058,0.064,0.084,0.066,0.127,0.179,0.2,0.23,0.285,0.271,0.31,0.696,0.362,0.353,0.376,0.412,0.515,2020,0.696,0.404,693,"waiting list (lift 28.9, wsp. 5); immobilization in (lift 19.3, wsp. 5); the usual (lift 15.1, wsp. 5); of immobilization (lift 14.6, wsp. 5); replacement has (lift 12.7, wsp. 5)","[2018] Grave fraudulence in medical device research: a narrative review of the PIN seeding study for the Pinnacle hip system. | [2018] The prevention of delirium in elderly with obstructive sleep apnea (PODESA) study: protocol for a multi-centre prospective randomized, controlled trial. | [2018] An integrated-delivery-of-care approach to improve patient reported physical function and mental wellbeing after orthopedic trauma: study protocol for a randomized controlled trial.",[2023] Surgical treatment of neuromuscular Early Onset Scoliosis with a bilateral posterior one-way rod compared to the Spring Distraction System: study protocol for a limited-efficacy Randomized Controlled Trial (BiPOWR). | [2023] Effect of dexmedetomidine on postoperative cognitive dysfunction in elderly patients undergoing orthopaedic surgery: study protocol for a randomized controlled trial. | [2023] Readability of Online Patient Education Materials for Total Joint Arthroplasty: A Systematic Review.,waiting list,[2017] Rationing of hip and knee referrals in the public hospital: the true unmet need. | [2017] Hip and knee arthroplasty waiting list - how accurate and fair? | [2017] Factors associated with local recurrence in operated osteosarcomas: A retrospective evaluation of 95 cases from a tertiary care center in a resource challenged environment.,"[2018] Improving physical activity, pain and function in patients waiting for hip and knee arthroplasty by combining targeted exercise training with behaviour change counselling: study protocol for a randomised controlled trial. | [2019] Local infiltration with cocktail analgesics during 2 level lumbar spinal fusion surgery: Study protocol of a randomized controlled trial. | [2020] Osteoarthritis Preoperative Package for care of Orthotics, Rehabilitation, Topical and oral agent Usage and Nutrition to Improve ouTcomes at a Year (OPPORTUNITY); a feasibility study protocol for a randomised contro",,,
recovery after surgery,3,2018,0.0,0.012,0.035,0.021,0.019,0.018,0.05,0.05,0.015,0.03,0.089,0.058,0.09,0.167,0.297,0.268,0.387,0.36,0.391,0.371,0.482,2025,0.482,0.398,469,"infusion (lift 6.6, wsp. 4); experience with (lift 4.1, wsp. 5)","[2017] Spine Oncology-Metastatic Spine Tumors. | [2017] Enhanced recovery after surgery for hip and knee arthroplasty: where is the evidence? | [2017] Effect of low appendicular lean mass, grip strength, and gait speed on the functional outcome after surgery for distal radius fractures.","[2023] Key Elements of Enhanced Recovery after Total Joint Arthroplasty: A Reanalysis of the Enhanced Recovery after Surgery Guidelines. | [2024] Analgesic Effects of Preoperative Combination of Oral Pregabalin and Intravenous Magnesium Sulfate on Postoperative Pain in Patients Undergoing Posterolateral Spinal Fusion Surgery: A 4-arm, Randomized, Double-blind, Placebo-controlled Trial. | [2023] The implementation of enhanced recovery after surgery pathway in patients undergoing posterior thoracolumbar fusion for degenerative spinal deformity.",infusion,"[2016] Narcotic-only Epidural Infusion for Posterior Spinal Fusion Patients: A Single-Center, Retrospective Review. | [2016] Dexmedetomidine added to an opioid-based analgesic regimen for the prevention of postoperative nausea and vomiting in highly susceptible patients: A randomised controlled trial. | [2016] An Observational Study of Cerebral Blood Flow Velocity During Hypotensive Epidural Anesthesia.","[2019] Multimodal Nutritional Management in Primary Lumbar Spine Surgery: A Randomized Controlled Trial. | [2019] Reductions in length of stay, narcotics use, and pain following implementation of an enhanced recovery after surgery program for 1- to 3-level lumbar fusion surgery. | [2019] Establishment and Implementation of an Enhanced Recovery After Surgery (ERAS) Pathway Tailored for Minimally Invasive Transforaminal Lumbar Interbody Fusion Surgery.",,,
to sport after,3,2013,0.038,0.0,0.012,0.072,0.029,0.009,0.042,0.075,0.112,0.127,0.111,0.173,0.195,0.25,0.374,0.268,0.362,0.318,0.346,0.452,0.502,2025,0.502,0.397,559,"of the involved (lift 43.5, wsp. 4); suture anchor (lift 13.3, wsp. 4); guideline for (lift 5.9, wsp. 4); resurfacing (lift 5.1, wsp. 4)",[2012] Predictors of participation in sports after hip and knee arthroplasty. | [2012] Translation and measurement properties of the Swedish version of ACL-Return to Sports after Injury questionnaire. | [2012] Running activity after hip resurfacing arthroplasty: a prospective study.,[2023] Validation of a Survey to Characterize Barriers to Physical Activity After Anterior Cruciate Ligament Reconstruction. | [2023] Return to Sport After Arthroscopic Bankart Repair With Remplissage: A Systematic Review. | [2023] Return-to-Sport Outcomes After Anterior Cruciate Ligament Surgical Treatment May Be Improved by Attention to Modifiable Factors and Consideration of Nonmodifiable Factors.,of the involved,[2011] Long head of the biceps tendon rupture in professional wrestlers: treatment with a mini-open tenodesis. | [2011] Sagittal segmental alignment as predictor of adjacent-level degeneration after a cloward procedure. | [2011] [Recommendations for the treatment of thoracolumbar and lumbar spine injuries].,[2012] No association of time from surgery with functional deficits in athletes after anterior cruciate ligament reconstruction: evidence for objective return-to-sport criteria. | [2013] Gait patterns differ between ACL-reconstructed athletes who pass return-to-sport criteria and those who fail. | [2015] The influence of quadriceps strength asymmetry on patient-reported function at time of return to sport after anterior cruciate ligament reconstruction.,,,
matched analysis,2,2018,0.0,0.0,0.0,0.01,0.0,0.009,0.025,0.008,0.022,0.03,0.052,0.05,0.09,0.153,0.174,0.184,0.287,0.353,0.368,0.472,0.468,2024,0.472,0.389,406,"of background data (lift 5.3, wsp. 11); summary of background (lift 5.3, wsp. 11); technique of (lift 3.1, wsp. 4)",[2017] The Frank Stinchfield Award : Total Hip Arthroplasty for Femoral Neck Fracture Is Not a Typical DRG 470: A Propensity-matched Cohort Study. | [2017] Propensity-matched Analysis of Outcomes and Hospital Charges for Anterior Versus Posterior Cervical Fusion for Cervical Spondylotic Myelopathy. | [2017] Endovascular Versus Open Revascularization for Peripheral Arterial Disease.,[2023] Clinical Effect of Isolated Lateral Closing Wedge Distal Femoral Osteotomy Compared to Medial Opening Wedge High Tibial Osteotomy for the Correction of Varus Malalignment: A Propensity Score-Matched Analysis. | [2023] A propensity score-matched analysis on the impact of patient and surgical factors on early periprosthetic joint infection in minimally invasive anterolateral and transgluteal total hip arthroplasty. | [2023] Effects of a Continuous Adductor Canal Block After Total Knee Arthroplasty.,of background data,"[2018] Clinical and Radiological Mid-Term Outcomes of Lumbar Single-Level Total Disc Replacement. | [2016] Evaluation of Anterior Vertebral Interbody Fusion Using Osteogenic Mesenchymal Stem Cells Transplanted in Collagen Sponge. | [2016] PEEK Versus Ti Interbody Fusion Devices: Resultant Fusion, Bone Apposition, Initial and 26-Week Biomechanics.",[2017] Propensity-matched Analysis of Outcomes and Hospital Charges for Anterior Versus Posterior Cervical Fusion for Cervical Spondylotic Myelopathy. | [2017] Endovascular Versus Open Revascularization for Peripheral Arterial Disease. | [2018] Comparison of 30-Day Complications Between Navigated and Conventional Single-level Instrumented Posterior Lumbar Fusion: A Propensity Score Matched Analysis.,,,
a retrospective observational,3,2016,0.013,0.024,0.012,0.01,0.039,0.055,0.042,0.083,0.067,0.045,0.096,0.158,0.181,0.174,0.168,0.19,0.331,0.304,0.368,0.439,0.348,2024,0.439,0.358,452,"patient with rheumatoid (lift 15.4, wsp. 4); with rheumatoid arthritis (lift 13.5, wsp. 4); in whom (lift 6.0, wsp. 4); rheumatoid arthritis (lift 5.1, wsp. 4); of background data (lift 3.8, wsp. 8)",[2015] Prophylactic effect of fondaparinux and enoxaparin for preventing pulmonary embolism after total hip or knee arthroplasty: A retrospective observational study using the Japanese Diagnosis Procedure Combination database. | [2015] Management of paediatric maxillofacial fractures: conventional methods and resorbable materials. | [2015] Clinical characteristics and survival of patients with diabetes mellitus following non-traumatic lower extremity amputation.,[2023] Prosthetic fitting associated with better survival at 5 years after above-knee amputation due to vascular insufficiency. | [2023] Surgical and perioperative management of flail chest with titanium plates: a French cohort series from a thoracic referral center. | [2023] How Does Preoperative Anemia Impact Clinical Outcomes Following Primary Total Hip Arthroplasty?: Experience From Colombia.,patient with rheumatoid,"[2014] [Knee pain of unknown origin after total knee prosthesis in a patient with chronic polyarthritis]. | [2014] Editorial: Arthroplasty outcomes are improving, but why isn't my patient with rheumatoid arthritis doing as well? | [2014] Increased risk of complications following total joint arthroplasty in patients with rheumatoid arthritis.",[2015] Longer operative time is the risk for delayed wound healing after forefoot surgery in patients with rheumatoid arthritis. | [2017] Outcomes of modified metatarsal shortening offset osteotomy for forefoot deformity in patients with rheumatoid arthritis: Short to mid-term follow-up. | [2018] Modified Scarf Osteotomy with Medial Capsule Interposition for Hallux Valgus in Rheumatoid Arthritis: A Study of Cases Including Severe First Metatarsophalangeal Joint Destruction.,,,
learning model,2,2021,0.0,0.0,0.0,0.0,0.0,0.0,0.0,0.0,0.0,0.0,0.0,0.007,0.007,0.028,0.064,0.077,0.144,0.277,0.323,0.472,0.522,2025,0.522,0.345,283,,[2020] A Novel Machine Learning Model Developed to Assist in Patient Selection for Outpatient Total Shoulder Arthroplasty. | [2020] Intraoperative integration of structured light scanning for automatic tissue classification: a feasibility study. | [2021] Classification of Opioid Usage Through Semi-Supervised Learning for Total Joint Replacement Patients.,[2023] Artificial Intelligence-Based Prediction of Lower Extremity Deep Vein Thrombosis Risk After Knee/Hip Arthroplasty. | [2023] The Use of Artificial Intelligence for the Prediction of Periprosthetic Joint Infection Following Aseptic Revision Total Knee Arthroplasty. | [2023] Using machine learning to predict venous thromboembolism and major bleeding events following total joint arthroplasty.,because,[2019] Customised Cranioplasty Implant for Decompressive Craniectomy Patients ? A Technical Note. | [2019] Recurrent Patellar Instability: Implications of Preoperative Patellar Crepitation on the Status of the Patellofemoral Articular Cartilage. | [2019] Medical Versus Surgical Approach to Initial Treatment in Septic Arthritis: A Single Spanish Center's 8-Year Experience.,[2021] Using machine learning to identify diabetes patients with canagliflozin prescriptions at high-risk of lower extremity amputation using real-world data. | [2022] Deep learning for biomechanical modeling of facial tissue deformation in orthognathic surgical planning. | [2022] Automatic Detection of Meniscus Tears Using Backbone Convolutional Neural Networks on Knee MRI.,,,
network meta analysis,3,2017,0.0,0.0,0.0,0.0,0.01,0.0,0.008,0.041,0.007,0.037,0.104,0.065,0.153,0.132,0.181,0.291,0.287,0.242,0.338,0.452,0.401,2024,0.452,0.344,407,"dabigatran (lift 67.8, wsp. 4); epidural analgesia (lift 49.5, wsp. 4); enoxaparin (lift 36.7, wsp. 4); molecular weight heparin (lift 33.6, wsp. 5); low molecular weight (lift 32.7, wsp. 5)",[2016] A Network Meta-analysis of Outcomes of 7 Surgical Treatments for Distal Radius Fractures. | [2016] AMSSM Scientific Statement Concerning Viscosupplementation Injections for Knee Osteoarthritis: Importance for Individual Patient Outcomes. | [2016] AMSSM scientific statement concerning viscosupplementation injections for knee osteoarthritis: importance for individual patient outcomes.,[2023] Efficacy of 11 anticoagulants for the prevention of venous thromboembolism after total hip or knee arthroplasty: A systematic review and network meta-analysis. | [2023] Comparative efficacy of the different cutting guides in unicompartmental knee arthroplasty: A systematic-review and network meta-analysis. | [2023] Femoral Nerve Block and Local Instillation Analgesia Associated With More Reliable Efficacy in Regional Anesthesia Interventions Within 24 Hours Following Anterior Cruciate Ligament Reconstruction: A Network Meta-analysis.,dabigatran,"[2015] A systematic review of contemporary trials of anticoagulants in orthopaedic thromboprophylaxis: suggestions for a radical reappraisal. | [2015] Practical aspects of treatment with target specific anticoagulants: initiation, payment and current market, transitions, and venous thromboembolism treatment. | [2015] Clinical experience with novel oral anticoagulants for thromboprophylaxis after elective hip and knee arthroplasty.",[2015] Testing the therapeutic equivalence of novel oral anticoagulants for thromboprophylaxis in orthopedic surgery and for prevention of stroke in atrial fibrillation. | [2019] Preventive Effects of Different Drugs on Asymptomatic Lower Extremities Deep Venous Thrombosis After Artificial Joint Replacement: A Mixed Treatment Comparison. | [2017] Low-Molecular-Weight Heparin and the Relative Risk of Surgical Site Bleeding Complications: Results of a Systematic Review and Meta-Analysis of Randomized Controlled Trials of Venous Thromboprophylaxis in Patients After Total Joint Arthroplasty.,,,
joint infection after,3,2014,0.0,0.0,0.023,0.041,0.029,0.018,0.042,0.075,0.06,0.112,0.163,0.151,0.188,0.264,0.271,0.363,0.356,0.339,0.406,0.331,0.294,2023,0.406,0.344,512,"infected total (lift 26.5, wsp. 5); all but (lift 13.7, wsp. 4); of the prosthesis (lift 10.5, wsp. 5); hip replacement (lift 3.5, wsp. 7)","[2013] Increased risk of prosthetic joint infection associated with esophago-gastro-duodenoscopy with biopsy. | [2014] The Chitranjan Ranawat Award: Should prophylactic antibiotics be withheld before revision surgery to obtain appropriate cultures? | [2013] Early prosthetic hip joint infection treated with debridement, prosthesis retention and biofilm-active antibiotics: functional outcomes, quality of life and complications.",[2023] Microbiological profiles and antibiotic resistance of periprosthetic joint infection after hip replacement in patients with fracture or non-fracture: A comparative study. | [2023] Application of next-generation sequencing technology in the detection of pathogenic bacteria of the periprosthetic joint infection after arthroplasty. | [2023] Comparison of survival rates between total knee arthroplasty after a previous anterior cruciate ligament reconstruction and primary total knee arthroplasty via propensity score matching.,infected total,[2012] Restoration of the distal femur impacts patellar height in revision TKA. | [2012] Is there a preferred articulating spacer technique for infected knee arthroplasty? A preliminary study. | [2012] Repeat 2-stage exchange for infected total hip arthroplasty: a viable option?,[2013] [The microbiology and antimicrobial susceptibility of the infected knee arthroplasty]. | [2014] Tantalum acetabular augments in one-stage exchange of infected total hip arthroplasty: a case-control study. | [2015] Cement-within-cement revision of infected total hip replacement; disappointing results in 10 retrospective cases.,,,
after hip arthroscopy,3,2014,0.013,0.036,0.023,0.031,0.029,0.064,0.084,0.133,0.097,0.164,0.2,0.209,0.181,0.292,0.432,0.41,0.412,0.318,0.316,0.391,0.274,2019,0.432,0.344,593,"iv therapeutic case (lift 32.3, wsp. 12); therapeutic case series (lift 31.9, wsp. 13); chondral defect (lift 31.3, wsp. 5); arthroscopy of (lift 21.4, wsp. 5); level iv therapeutic (lift 14.0, wsp. 12)",[2013] The accuracy of magnetic resonance arthrography in hip arthroscopic labral revision surgery. | [2013] Return to play after hip arthroscopy with microfracture in elite athletes. | [2013] Joint space predicts THA after hip arthroscopy in patients 50 years and older.,[2023] Editorial Commentary: Most Patients With Borderline Hip Dysplasia Do Well After Hip Arthroscopy: Could Instability Be the Problem for Those Who Do Poorly? | [2023] Editorial Commentary: The Optimal Nerve Block for Hip Arthroscopy Is Undetermined. | [2023] Editorial Commentary: Diminished Hip Labral Width May Predict Inferior Outcome After Hip Femoroacetabular Impingement Surgery: Diminutive Labral Width Is a Relative Indication for Labral Reconstruction.,iv therapeutic case,[2012] Histopathology of residual tendon in high-grade articular-sided partial-thickness rotator cuff tears (PASTA lesions). | [2012] Micro-organism colonization and intraoperative contamination in patients undergoing arthroscopic anterior cruciate ligament reconstruction. | [2012] Arthroscopic management of selective loss of external rotation after surgical stabilization of traumatic anterior glenohumeral instability: arthroscopic restoration of anterior transverse sliding procedure.,[2012] Intra-abdominal fluid extravasation during hip arthroscopy: a survey of the MAHORN group. | [2013] Arthroscopic management of primary synovial chondromatosis of the hip. | [2013] The incidence of heterotopic ossification in hip arthroscopy.,,,
joint replacement registry,3,2012,0.0,0.012,0.023,0.021,0.058,0.101,0.05,0.116,0.157,0.164,0.163,0.101,0.132,0.16,0.258,0.214,0.306,0.394,0.331,0.304,0.314,2022,0.394,0.329,481,"per cent (lift 34.4, wsp. 4); hip replacement for (lift 31.1, wsp. 5); bearing surface (lift 26.3, wsp. 8); resurfacing (lift 11.5, wsp. 12); hip resurfacing (lift 9.9, wsp. 6)",[2011] Meat consumption and risk of primary hip and knee joint replacement due to osteoarthritis: a prospective cohort study. | [2011] Perioperative mortality after hemiarthroplasty related to fixation method. | [2011] Different competing risks models applied to data from the Australian Orthopaedic Association National Joint Replacement Registry.,[2023] The James A. Rand Young Investigator's Award: Increased Revision Risk With Mobile Bearings in Total Knee Arthroplasty: An Analysis of the American Joint Replacement Registry. | [2023] Are joint replacement registries associated with burden of revision changes? A real-world panel data regression analysis. | [2023] Is Enoxaparin Associated With a Higher Risk of Persistent Wound Drainage Than Aspirin? A Secondary Analysis of Data From the CRISTAL Randomized Trial.,per cent,[2010] Anatomic stem design reduces risk of thin cement mantles in primary hip replacement. | [2010] Effect of genistin on bone formation. | [2010] Quantitative sensory tests before and 1(1/2) years after orthognathic surgery: a cross-sectional study.,[2010] Early outcomes of patella resurfacing in total knee arthroplasty. | [2010] Poor outcome of revised resurfacing hip arthroplasty. | [2010] Outcome of revision of unicompartmental knee replacement.,,,
biportal endoscopic,2,2022,0.0,0.0,0.0,0.0,0.0,0.0,0.0,0.0,0.0,0.0,0.0,0.022,0.014,0.049,0.058,0.083,0.081,0.297,0.248,0.371,0.508,2025,0.508,0.299,255,"epidural hematoma (lift 57.0, wsp. 8); decompressive laminectomy (lift 50.8, wsp. 5); herniated (lift 40.3, wsp. 14); decompressive (lift 30.5, wsp. 9); microscope (lift 20.9, wsp. 5)","[2021] Clinical Comparison of Unilateral Biportal Endoscopic Laminectomy versus Microendoscopic Laminectomy for Single-Level Laminectomy: A Single-Center, Retrospective Analysis. | [2021] Postoperative spinal epidural hematoma in a biportal endoscopic spine surgery. | [2021] Modified far lateral endoscopic transforaminal lumbar interbody fusion using a biportal endoscopic approach: technical report and preliminary results.",[2023] A Low-Cost Mobile Training Model for Biportal Endoscopic Spinal Surgery. | [2023] Comparison of Clinical Outcomes and Muscle Invasiveness between Unilateral Biportal Endoscopic Discectomy and Percutaneous Endoscopic Interlaminar Discectomy for Lumbar Disc Herniation at L5/S1 Level. | [2023] Transforaminal Interbody Fusion Using the Unilateral Biportal Endoscopic Technique Compared With Transforaminal Lumbar Interbody Fusion for the Treatment of Lumbar Spine Diseases: Analysis of Clinical and Radiological Outcomes.,epidural hematoma,[2020] Five-year Reoperation Rates and Causes for Reoperations Following Lumbar Microendoscopic Discectomy and Decompression. | [2020] Lumbar artery pseudoaneurysm: a rare case of delayed onset incomplete cauda equina syndrome following transforaminal lumbar interbody fusion. | [2020] Spontaneous Spinal Epidural Hematoma After Normal Spontaneous Delivery with Epidural Analgesia: Case Report and Literature Review.,[2021] Postoperative spinal epidural hematoma in a biportal endoscopic spine surgery. | [2022] [Comparison of unilateral biportal endoscopic transforaminal lumbar interbody fusion versus minimally invasive tubular transforaminal lumbar interbody fusion for lumbar degenerative disease]. | [2022] [Unilateral biportal endoscopic discectomy for high-grade migrated lumbar disc herniation].,,,
cephalomedullary,1,2019,0.051,0.012,0.035,0.031,0.039,0.074,0.092,0.066,0.09,0.156,0.2,0.137,0.23,0.146,0.206,0.196,0.343,0.311,0.27,0.297,0.261,2021,0.343,0.298,459,"of the nail (lift 51.7, wsp. 14); the trochanteric (lift 46.6, wsp. 6); gamma (lift 29.8, wsp. 8); the unstable (lift 25.5, wsp. 5); the tip of (lift 22.6, wsp. 10)",[2018] Does the Angle of the Nail Matter for Pertrochanteric Fracture Reduction? Matching Nail Angle and Native Neck-Shaft Angle. | [2018] Comparison of a twin interlocking derotation and compression screw cephalomedullary nail (InterTAN) with a single screw derotation cephalomedullary nail (proximal femoral nail antirotation): a systematic review and meta-analysis for intertrochanteric fractures. | [2018] What Is the Influence of a Delay to Surgery >24 Hours on the Rate of Red Blood Cell Transfusion in Elderly Patients With Intertrochanteric or Subtrochanteric Hip Fractures Treated With Cepha,[2023] Improving Cephalad Lag Screw Placement in the Femoral Head During Cephalomedullary Nailing Using a Novel Augmented Reality System. | [2023] Conversion total hip arthroplasty following proximal femur fracture: A retrospective analysis. | [2023] Rotational Instability and Complications Following Extracapsular Hip Fracture Fixation.,of the nail,[2017] Are fingernails a key to unlocking the puzzle of mammalian limb regeneration? | [2017] The risk of iatrogenic injury to anterior tibial artery variations during tibial nail distal interlocking. | [2017] Removal of interlocking intramedullary nail for relieve of knee pain after tibial fracture repair.,[2017] Is calcar referenced tip-apex distance a better predicting factor for cutting out in biaxial cephalomedullary nails than tip-apex distance? | [2018] Does the Angle of the Nail Matter for Pertrochanteric Fracture Reduction? Matching Nail Angle and Native Neck-Shaft Angle. | [2018] Validation of Neck-Shaft Angle Correction After Cephalomedullary Nail Fixation.,,,
a scoping review,3,2021,0.0,0.0,0.0,0.0,0.0,0.0,0.0,0.008,0.015,0.007,0.015,0.022,0.021,0.049,0.077,0.065,0.156,0.194,0.316,0.324,0.462,2025,0.462,0.288,254,"give (lift 4.8, wsp. 4); animal (lift 3.7, wsp. 5)",[2020] Development of a core outcome set for lower limb orthopaedic surgical interventions in ambulant children and young people with cerebral palsy: a study protocol. | [2020] There Is Limited and Inconsistent Reporting of Postoperative Rehabilitation for Femoroacetabular Impingement Syndrome: A Scoping Review of 169 Studies. | [2020] Acetabular Component Migration Measured Using Radiostereometric Analysis Following Revision Total Hip Arthroplasty: A Scoping Review.,[2023] Elbow joint biomechanics during ADL focusing on total elbow arthroplasty - a scoping review. | [2023] Should orthognathic surgery be performed in growing patients? A scoping review. | [2023] Return to Pivoting Sports after Cartilage Repair Surgery of the Knee: A Scoping Review.,give,[2019] General versus spinal anesthesia for the elderly hip fractured patient. | [2019] [80 years of intramedullary nailing : New facts and information about a milestone in osteosynthesis]. | [2019] Locking nail versus locking plate for proximal humeral fracture fixation in an elderly population: a prospective randomised controlled trial.,[2019] Cementing technique for primary knee arthroplasty: a scoping review. | [2022] Factors influencing self-perceived functioning after volar locking plate fixation of distal radius fractures: a scoping review protocol. | [2023] Elbow joint biomechanics during ADL focusing on total elbow arthroplasty - a scoping review.,,,
for adult spinal,3,2016,0.038,0.024,0.012,0.0,0.019,0.018,0.017,0.041,0.082,0.104,0.059,0.144,0.167,0.195,0.161,0.184,0.25,0.201,0.323,0.277,0.268,2023,0.323,0.262,371,"object (lift 17.6, wsp. 9); thoracic spine (lift 10.7, wsp. 4); of background data (lift 9.2, wsp. 20); summary of background (lift 9.2, wsp. 20); bone morphogenetic protein (lift 6.7, wsp. 4)","[2015] Time to development, clinical and radiographic characteristics, and management of proximal junctional kyphosis following adult thoracolumbar instrumented fusion for spinal deformity. | [2015] Proximal Junctional Failure After Long-Segment Instrumentation for Degenerative Lumbar Kyphosis With Ankylosing Spinal Disorder. | [2015] Complications and neurological deficits following minimally invasive anterior column release for adult spinal deformity: a retrospective study.",[2023] Does the Global Alignment and Proportion score predict mechanical complications in circumferential minimally invasive surgery for adult spinal deformity? | [2023] Junctional Kyphosis after Correction with Long Instrumentation for Late Posttraumatic Thoracolumbar Kyphosis: Characteristics and Risk Factors. | [2023] Effects of Perioperative Teriparatide Treatment on the Hounsfield Unit Values at the Upper Instrumented Vertebra in Adult Spinal Deformity Surgery.,object,[2016] Conservative and Operative Treatment in Extension Teardrop Fractures of the Axis. | [2014] Real-time control of an interactive impulsive virtual prosthesis. | [2014] Displaced intra-articular fractures of the great toe in children: intervene with caution!,"[2014] Impact of age on the likelihood of reaching a minimum clinically important difference in 374 three-column spinal osteotomies: clinical article. | [2014] Management of sagittal balance in adult spinal deformity with minimally invasive anterolateral lumbar interbody fusion: a preliminary radiographic study. | [2014] Comparison of radiographic results after minimally invasive, hybrid, and open surgery for adult spinal deformity: a multicenter study of 184 patients.",,,
lateral extra articular,3,2019,0.0,0.012,0.0,0.0,0.0,0.018,0.025,0.008,0.007,0.007,0.044,0.036,0.077,0.049,0.116,0.143,0.2,0.214,0.21,0.29,0.395,2025,0.395,0.262,273,"sectioned (lift 57.4, wsp. 5); posterior to the (lift 40.4, wsp. 4); reviewed at (lift 33.0, wsp. 5); in association with (lift 17.2, wsp. 4); portal (lift 8.4, wsp. 4)","[2018] Editorial Commentary: Filling the Void in Translational Research for Lateral Extra-articular Tenodesis for Anterior Cruciate Ligament Reconstruction: Are We Saturated With Biomechanical Studies? | [2018] Lateral Augmentation Procedures in Anterior Cruciate Ligament Reconstruction: Anatomic, Biomechanical, Imaging, and Clinical Evidence. | [2018] The anterolateral complex of the knee: results from the International ALC Consensus Group Meeting.","[2023] Editorial Commentary: Autograft, Early Surgery, 2-Stage Surgery for 1 cm of Tunnel Widening or Greater, and Anterolateral Ligament Reconstruction or Lateral Extra-articular Tenodesis May Improve Outcomes of Anterior Cruciate Ligament Revision Surgery. | [2023] Editorial Commentary: During Anterior Cruciate Ligament Reconstruction, Lateral Extra-Articular Procedures Have Risks and Should be Reserved for Proper Indications: Do Not LET ALL Revision Anterior Cruciate Ligament Reconstructions Be the Same. | [2023] No increase in adverse events with lateral extra-articular tenodesis augmentat",sectioned,[2017] Reconstruction of the Shallow Acetabulum With a Combination of Autologous Bulk and Impaction Bone Grafting Fixed by Cement. | [2017] Novel Spiked-Washer Repair Is Biomechanically Superior to Suture and Bone Tunnels for Arcuate Fracture Repair. | [2017] Is an Anterolateral Ligament Reconstruction Required in ACL-Reconstructed Knees With Associated Injury to the Anterolateral Structures? A Robotic Analysis of Rotational Knee Stability.,[2017] Anterolateral Knee Extra-articular Stabilizers: A Robotic Study Comparing Anterolateral Ligament Reconstruction and Modified Lemaire Lateral Extra-articular Tenodesis. | [2019] Biomechanical Assessment of a Distally Fixed Lateral Extra-articular Augmentation Procedure in the Treatment of Anterolateral Rotational Laxity of the Knee. | [2020] Lateral Extra-articular Tenodesis Reduces Anterior Cruciate Ligament Graft Force and Anterior Tibial Translation in Response to Applied Pivoting and Anterior Drawer Loads.,,,
assisted total hip,3,2021,0.025,0.012,0.023,0.031,0.019,0.018,0.008,0.025,0.007,0.022,0.059,0.043,0.035,0.042,0.045,0.089,0.169,0.201,0.218,0.337,0.268,2024,0.337,0.238,242,"cup were (lift 53.5, wsp. 7); computer navigation (lift 37.1, wsp. 6); of the cup (lift 34.8, wsp. 7); the cup (lift 18.6, wsp. 7); the acetabular component (lift 16.5, wsp. 4)","[2020] Errors in femoral anteversion, femoral offset, and vertical offset following robot-assisted total hip arthroplasty. | [2020] A retrospective study comparing a single surgeon's experience on manual versus robot-assisted total hip arthroplasty after the learning curve of the latter procedure - A cohort study. | [2020] Impact of surgeon handedness in manual and robot-assisted total hip arthroplasty.",[2023] Evaluation of Comparative Efficacy and Safety of Surgical Approaches for Total Hip Arthroplasty: A Systematic Review and Network Meta-analysis. | [2023] Robotic arm-assisted total hip arthroplasty via a minimally invasive anterolateral approach in the supine position improves the precision of cup placement in patients with developmental dysplasia of the hip. | [2023] CT required to perform robotic-assisted total hip arthroplasty can identify previously undiagnosed osteoporosis and guide femoral fixation strategy.,cup were,[2019] Outcomes of Dual Mobility Acetabular Cups in Total Hip Arthroplasty Patients. | [2019] A comparative study about the incidence of dislocation and peri-prosthetic fracture between dual mobility versus standard cups after primary total hip arthroplasty. | [2019] Dislocation rates with combinations of anti-protrusio cages and dual mobility cups in revision cases: Are we safe?,[2020] Robotic-Arm Assisted Direct Anterior Total Hip Arthroplasty; Improving Implant Accuracy. | [2021] Consideration of pelvic tilt at the time of preoperative planning improves standing acetabular position after robotic-arm assisted total hip arthroplasty. | [2021] [Application of Mako robot-assisted total hip arthroplasty in developmental dysplasia of the hip].,,,
unilateral biportal endoscopic,3,2022,0.0,0.0,0.0,0.0,0.0,0.0,0.0,0.0,0.0,0.0,0.0,0.007,0.014,0.035,0.026,0.024,0.019,0.187,0.173,0.277,0.361,2025,0.361,0.201,164,"epidural hematoma (lift 80.4, wsp. 7); decompression of the (lift 25.2, wsp. 4); herniated (lift 18.5, wsp. 4); epidural (lift 14.4, wsp. 8); portal (lift 13.9, wsp. 6)","[2021] Clinical Comparison of Unilateral Biportal Endoscopic Laminectomy versus Microendoscopic Laminectomy for Single-Level Laminectomy: A Single-Center, Retrospective Analysis. | [2021] Analysis of risk factors for perioperative hidden blood loss in unilateral biportal endoscopic spine surgery: a retrospective multicenter study. | [2021] Clinical comparison of unilateral biportal endoscopic discectomy with percutaneous endoscopic lumbar discectomy for single l4/5-level lumbar disk herniation.",[2023] Comparison of Clinical Outcomes and Muscle Invasiveness between Unilateral Biportal Endoscopic Discectomy and Percutaneous Endoscopic Interlaminar Discectomy for Lumbar Disc Herniation at L5/S1 Level. | [2023] Transforaminal Interbody Fusion Using the Unilateral Biportal Endoscopic Technique Compared With Transforaminal Lumbar Interbody Fusion for the Treatment of Lumbar Spine Diseases: Analysis of Clinical and Radiological Outcomes. | [2023] Clinical Efficacy of Bilateral Decompression Using Biportal Endoscopic Versus Minimally Invasive Transforaminal Lumbar Interbody Fusion for the Tr,epidural hematoma,[2020] Five-year Reoperation Rates and Causes for Reoperations Following Lumbar Microendoscopic Discectomy and Decompression. | [2020] Lumbar artery pseudoaneurysm: a rare case of delayed onset incomplete cauda equina syndrome following transforaminal lumbar interbody fusion. | [2020] Spontaneous Spinal Epidural Hematoma After Normal Spontaneous Delivery with Epidural Analgesia: Case Report and Literature Review.,[2022] [Comparison of unilateral biportal endoscopic transforaminal lumbar interbody fusion versus minimally invasive tubular transforaminal lumbar interbody fusion for lumbar degenerative disease]. | [2022] [Unilateral biportal endoscopic discectomy for high-grade migrated lumbar disc herniation]. | [2022] [Learning curve analysis of unilateral biportal endoscopic lumbar interbody fusion].,,,
of covid 19,3,2020,0.0,0.0,0.0,0.0,0.0,0.0,0.0,0.0,0.0,0.0,0.0,0.0,0.0,0.0,0.0,0.446,0.362,0.242,0.21,0.115,0.06,2020,0.446,0.2,222,"waiting list (lift 53.4, wsp. 5); polymerase chain reaction (lift 37.2, wsp. 9); testing of (lift 9.1, wsp. 4); had to (lift 8.7, wsp. 5); we report a (lift 5.2, wsp. 6)",[2020] What's Important: Facing Fear in the Time of COVID-19. | [2020] Recommendations for the Care of Pediatric Orthopaedic Patients During the COVID-19 Pandemic. | [2020] COVID-19 and orthopaedic surgeons: the Indian scenario.,"[2023] Physical and financial impacts caused by the COVID-19 pandemic exacerbate knee pain: A longitudinal study of a large-scale general population. | [2023] COVID-19 vaccination improved outcomes in the treatment of geriatric hip fractures between December 2020 and January 2022. | [2023] Impact of COVID-19 on Elective Orthopaedic Surgery Outcomes During the Peak of the Pandemic, an Uptick of Complications: An Analysis of the ACS-NSQIP.",waiting list,"[2018] Total Knee Replacement and the Effect of Technology on Cocreation for Improved Outcomes and Delivery: Qualitative Multi-Stakeholder Study. | [2018] Paraplegia as a presentation of primary hyperoxaluria. | [2018] Improving physical activity, pain and function in patients waiting for hip and knee arthroplasty by combining targeted exercise training with behaviour change counselling: study protocol for a randomised controlled trial.",[2020] Operating room efficiency and timing during coronavirus disease 2019 outbreak in a referral orthopaedic hospital in Northern Italy. | [2021] Is it safe yet? Patient readiness and perceptions about returning to hospital for planned orthopaedic care. | [2021] Impact of COVID-19 on opioid use in those awaiting hip and knee arthroplasty: a retrospective cohort study.,,,
anterolateral ligament,2,2016,0.0,0.0,0.0,0.0,0.0,0.0,0.0,0.0,0.007,0.007,0.074,0.144,0.223,0.153,0.181,0.196,0.187,0.159,0.188,0.182,0.268,2025,0.268,0.197,292,"ligament of the (lift 120.7, wsp. 14); ligament of (lift 96.3, wsp. 14); restraint (lift 83.3, wsp. 6); sectioned (lift 60.7, wsp. 6); 6 degree (lift 40.9, wsp. 6)","[2015] Outcome of a Combined Anterior Cruciate Ligament and Anterolateral Ligament Reconstruction Technique With a Minimum 2-Year Follow-up. | [2015] Arthroscopic arthritis options are on the horizon. | [2015] A review of ligament augmentation with the InternalBrace™: the surgical principle is described for the lateral ankle ligament and ACL repair in particular, and a comprehensive review of other surgical applications and techniques is presented.","[2023] Editorial Commentary: Autograft, Early Surgery, 2-Stage Surgery for 1 cm of Tunnel Widening or Greater, and Anterolateral Ligament Reconstruction or Lateral Extra-articular Tenodesis May Improve Outcomes of Anterior Cruciate Ligament Revision Surgery. | [2023] Editorial Commentary: During Anterior Cruciate Ligament Reconstruction, Lateral Extra-Articular Procedures Have Risks and Should be Reserved for Proper Indications: Do Not LET ALL Revision Anterior Cruciate Ligament Reconstructions Be the Same. | [2023] Failure Rates of Repaired Bucket-Handle Tears of the Medial Meniscus Concomita",ligament of the,[2014] Value of ultrasonography for detecting chronic injury of the lateral ligaments of the ankle joint compared with ultrasonography findings. | [2014] Spontaneous reduction in ossification of the posterior longitudinal ligament of the thoracic spine after posterior spinal fusion without decompression: a case report. | [2014] The interference of distal humeral plating with the medial and lateral collateral ligaments of the elbow.,[2015] Biomechanical analysis of simulated clinical testing and reconstruction of the anterolateral ligament of the knee. | [2015] The anterolateral ligament (ALL) and its role in rotational extra-articular stability of the knee joint: a review of anatomy and surgical concepts. | [2015] Revisiting the Anterolateral Ligament of the Knee.,,,
medial open wedge,3,2019,0.025,0.024,0.012,0.021,0.039,0.018,0.042,0.058,0.03,0.052,0.081,0.065,0.097,0.09,0.168,0.125,0.169,0.166,0.158,0.223,0.147,2024,0.223,0.173,257,"of the mechanical (lift 31.2, wsp. 4); therapeutic case series (lift 23.3, wsp. 4); the patellar (lift 14.3, wsp. 5); osteoarthritis of the (lift 11.9, wsp. 7); osteotomy of the (lift 8.3, wsp. 4)",[2018] Ten-Year Results of Medial Open-Wedge High Tibial Osteotomy and Chondral Resurfacing in Severe Medial Osteoarthritis and Varus Malalignment. | [2018] Ankle and Hindfoot Symptoms after Medial Open Wedge High Tibial Osteotomy. | [2018] The correlation of sagittal osteotomy inclination and the anteroposterior translation in medial open-wedge high tibial osteotomy-one of the causes affecting the patellofemoral joint?,[2023] Allogeneic Umbilical Cord-Blood-Derived Mesenchymal Stem Cells and Hyaluronate Composite Combined with High Tibial Osteotomy for Medial Knee Osteoarthritis with Full-Thickness Cartilage Defects. | [2023] Higher Association of Pelvis-Knee-Ankle Angle Compared With Hip-Knee-Ankle Angle With Knee Adduction Moment and Patient-Reported Outcomes After High Tibial Osteotomy. | [2023] Hybrid Lateral Closed-Wedge High Tibial Osteotomy Showed Similar Accuracy in Angular Correction and Reduction of Posterior Tibial Slope Compared to Opening-Wedge High Tibial Osteotomy: A Correction Angle Matched C,of the mechanical,[2017] Preventive Effect of Dynamic Stabilization Against Adjacent Segment Degeneration After Posterior Lumbar Interbody Fusion. | [2018] Rebound of Frontal Plane Malalignment After Tension Band Plating. | [2017] Two-Layer Elastographic 3-D Traction Force Microscopy.,[2018] Release of the medial collateral ligament is mandatory in medial open-wedge high tibial osteotomy. | [2019] ACL degeneration after an excessive increase in the medial proximal tibial angle with medial open wedge high tibial osteotomy. | [2020] CAS and PSI increase coronal alignment accuracy and reduce outliers when compared to traditional technique of medial open wedge high tibial osteotomy: a meta-analysis.,,,
tranexamic acid in,3,2014,0.038,0.036,0.012,0.021,0.019,0.037,0.059,0.075,0.127,0.171,0.178,0.324,0.264,0.306,0.245,0.208,0.25,0.152,0.15,0.196,0.107,2016,0.324,0.173,422,"bolus (lift 29.6, wsp. 5); infusion (lift 9.6, wsp. 6); injection of (lift 6.5, wsp. 5)",[2013] Use of intravenous tranexamic acid in total knee arthroplasty: a meta-analysis of randomized controlled trials. | [2013] Practical issues for the use of tranexamic acid in total knee arthroplasty: a systematic review. | [2013] [Local application of tranexamic acid reduces blood less in unilateral total knee arthroplasty: a retrospective comparison analysis].,[2023] Tranexamic acid in total knee arthroplasty. | [2023] The Clinical Effect of Topical Application of Tranexamic Acid in Arthroscopic Synovectomy of Pigmented Villonodular Synovitis of the Knee. | [2023] Efficacy and safety of tranexamic acid in elderly patients with femoral neck fracture treated with hip arthroplasty: A systematic review and meta-analysis.,bolus,"[2012] Influence of preoperative 7.5% hypertonic saline on neutrophil activation after reamed intramedullary nailing of femur shaft fractures: a prospective randomized pilot study. | [2012] Continuous femoral nerve blocks: decreasing local anesthetic concentration to minimize quadriceps femoris weakness. | [2012] Evaluation of the efficacy of tranexamic acid on blood loss in orthognathic surgery. A prospective, randomized clinical study.",[2012] The effect of bolus administration of tranexamic acid in revision hip arthroplasty. | [2013] Effect of tranexamic acid on reducing postoperative blood loss in combined hypotensive epidural anesthesia and general anesthesia for total hip replacement. | [2014] Single perioperative dose of tranexamic acid in primary hip and knee arthroplasty.,,,
study protocol for,3,2015,0.0,0.0,0.0,0.0,0.0,0.0,0.025,0.025,0.067,0.089,0.126,0.129,0.16,0.146,0.174,0.161,0.144,0.187,0.203,0.148,0.181,2023,0.203,0.171,286,"the usual (lift 36.2, wsp. 4); of tissue (lift 13.3, wsp. 4); this group (lift 7.7, wsp. 4); painful (lift 3.7, wsp. 4)",[2014] Targeted rehabilitation to improve outcome after total knee replacement (TRIO): study protocol for a randomised controlled trial. | [2014] Comparative effectiveness of microdecompression and laminectomy for central lumbar spinal stenosis: study protocol for an observational study. | [2014] Is additional hyperbaric oxygen therapy cost-effective for treating ischemic diabetic ulcers? Study protocol for the Dutch DAMOCLES multicenter randomized clinical trial?,[2023] Surgical treatment of neuromuscular Early Onset Scoliosis with a bilateral posterior one-way rod compared to the Spring Distraction System: study protocol for a limited-efficacy Randomized Controlled Trial (BiPOWR). | [2023] Effect of dexmedetomidine on postoperative cognitive dysfunction in elderly patients undergoing orthopaedic surgery: study protocol for a randomized controlled trial. | [2023] Lateral compression type 1 fracture fixation in the elderly (L1FE): study protocol for a randomised controlled trial (with internal pilot) comparing the effects of INFIX surgery and non-surgic,the usual,"[2013] Fractures in children younger than 18 months. | [2013] Measurement of dabigatran and rivaroxaban in primary prevention of venous thromboembolism in 106 patients, who have undergone major orthopedic surgery: an observational study. | [2013] Pre-extractive interradicular implant bed preparation: case presentations of a novel approach to immediate implant placement at multirooted molar sites.",[2014] Effectiveness of mechanical traction as a non-surgical treatment for carpal tunnel syndrome compared to care as usual: study protocol for a randomized controlled trial. | [2016] Physical therapy aimed at self-management versus usual care physical therapy after hip arthroscopy for femoroacetabular impingement: study protocol for a randomized controlled trial. | [2016] Effectiveness and cost-effectiveness of outpatient physiotherapy after knee replacement for osteoarthritis: study protocol for a randomised controlled trial.,,,
development and validation,3,2023,0.038,0.0,0.0,0.0,0.019,0.018,0.025,0.033,0.037,0.052,0.052,0.065,0.063,0.083,0.058,0.083,0.075,0.083,0.143,0.182,0.254,2025,0.254,0.147,194,"tested in (lift 14.3, wsp. 4); total hip replacement (lift 4.7, wsp. 5); hip replacement (lift 3.7, wsp. 6)",[2022] Development and Validation of a Finite Element Model of Wear in UHMWPE Liner Using Experimental Data From Hip Simulator Studies. | [2022] A Patient-specific Approach to Alignment and Proximal Junctional Kyphosis Risk Assessment in Adult Spinal Deformity Surgery: Development and Validation of a Predictive Tool. | [2022] Application of a robotics path planning algorithm to assess the risk of mobile bearing dislocation in lateral unicompartmental knee replacement.,[2023] Development and Validation of a Nomogram to Predict the Risk of Lumbar Disk Reherniation within 2 Years After Percutaneous Endoscopic Lumbar Discectomy. | [2023] Development and validation of a nomogram to predict the risk of surgical site infection within 1 month after transforaminal lumbar interbody fusion. | [2023] Development and Validation of a Prognostic Model for the Risk of Recurrent Lumbar Disc Herniation After Percutaneous Endoscopic Transforaminal Discectomy.,tested in,[2021] What Factors Predict Adverse Discharge Disposition in Patients Older Than 60 Years Undergoing Lower-extremity Surgery? The Adverse Discharge in Older Patients after Lower-extremity Surgery (ADELES) Risk Score. | [2021] The Anatomical and Biomechanical Superiority of Novel Posterior En Bloc Elevation Cervical Laminoplasty. | [2021] Stiffness of a type II external skeletal fixator and locking compression plate in a fracture gap model.,[2024] Development and validation of a new drug-focused predictive risk score for postoperative delirium in orthopaedic and trauma surgery patients. | [2025] Development and validation of collaborative robot-assisted cutting method for iliac crest flap raising: Randomized crossover trial. | [2024] Development and validation of a biomechanically fidelic surgical training knee model.,,,
local infiltration analgesia,3,2013,0.0,0.0,0.012,0.031,0.01,0.046,0.109,0.066,0.105,0.119,0.17,0.122,0.16,0.16,0.174,0.22,0.169,0.173,0.113,0.121,0.127,2020,0.22,0.141,315,"30 mg (lift 159.6, wsp. 9); epidural analgesia (lift 114.3, wsp. 10); continuous infusion (lift 57.0, wsp. 4); intrathecal (lift 56.1, wsp. 6); bolus (lift 53.8, wsp. 6)",[2012] Local infiltration analgesia with levobupivacaine compared with intrathecal morphine in total hip arthroplasty patients. | [2012] Local infusion analgesia using intra-articular double lumen catheter after total knee arthroplasty: a double blinded randomized control study. | [2012] Local infiltration analgesia in hip and knee arthroplasty: an emerging technique.,"[2023] Is Local Infiltration Analgesia the Preferred Analgesic Approach for Total Knee Arthroplasty?: Commentary on an article by Caroline Pic, MD, et al.: ""No Benefit of Adductor Canal Block Compared with Anterior Local Infiltration Analgesia in Primary Total Knee Arthroplasty. A Single-Blinded Randomized Controlled Clinical Trial"". | [2023] Addition of Infiltration Between the Popliteal Artery and the Capsule of the Posterior Knee (IPACK) to Local Infiltration Analgesia for Total Knee Arthroplasty: A Prospective Randomized Controlled Trial. | [2023] Repeat dose steroid in high pain responder",30 mg,[2011] Bone morphogenetic protein-2 retained in synthetic polymer/β-tricalcium phosphate composite promotes hypertrophy of a vascularized long bone graft in rabbits. | [2011] Reduced opioid consumption and improved early rehabilitation with local and intraarticular cocktail analgesic injection in total hip arthroplasty: a randomized controlled clinical trial. | [2011] A systematic review of rivaroxaban versus enoxaparin in the prevention of venous thromboembolism after hip or knee replacement.,[2011] [High volume local infiltration analgesia (LIA) for total hip and knee arthroplasty: a brief review of the current status]. | [2011] Local infiltration analgesia in TKA patients reduces length of stay and postoperative pain scores. | [2011] Intraarticular vs. extraarticular ropivacaine infusion following high-dose local infiltration analgesia after total knee arthroplasty: a randomized double-blind study.,,,
pericapsular,1,2023,0.0,0.036,0.0,0.021,0.01,0.0,0.0,0.017,0.0,0.007,0.015,0.0,0.007,0.035,0.032,0.042,0.094,0.076,0.165,0.169,0.187,2025,0.187,0.137,130,"injection of (lift 10.4, wsp. 4); total hip replacement (lift 4.0, wsp. 4); hip replacement (lift 3.3, wsp. 5)",[2022] Rescue Pericapsular Nerve Group Block for Hip Arthroscopy: A Report of 3 Cases. | [2022] Functional recovery after pericapsular nerve group block for hip surgery: a reply. | [2022] Evaluation of Pericapsular Nerve Group (PENG) Block for Analgesic Effect in Elderly Patients with Femoral Neck Fracture Undergoing Hip Arthroplasty.,[2023] Editorial Commentary: The Optimal Nerve Block for Hip Arthroscopy Is Undetermined. | [2023] Randomized clinical trial comparing pericapsular nerve group (PENG) block and periarticular local anesthetic infiltration for total hip arthroplasty. | [2023] Randomized clinical trial comparing pericapsular nerve group (PENG) block and periarticular local anesthetic infiltration for total hip arthroplasty.,injection of,[2021] Injection route affects intra-articular hyaluronic acid distribution and clinical outcome in viscosupplementation treatment for knee osteoarthritis: a combined cadaver study and randomized clinical trial. | [2021] Synthetic Bone Graft Substitute for Treatment of Unicameral Bone Cysts. | [2021] Intra-Articular Corticosteroid or Hyaluronic Acid Injections Are Not Associated with Periprosthetic Joint Infection Risk following Total Knee Arthroplasty.,"[2021] Total Knee Arthroplasty in Freestanding Ambulatory Surgery Centers: 5-Year Retrospective Chart Review of 90-Day Postsurgical Outcomes and Health Care Resource Utilization. | [2021] Preoperative pericapsular nerve group (PENG) block for total hip arthroplasty: a randomized, placebo-controlled trial. | [2025] Quadratus Lumborum Block Provides Similar or Reduced Postoperative Pain and Opioid Consumption Compared to Control Following Hip Arthroscopy: A Systematic Review.",,,
fracture a finite,3,2023,0.0,0.012,0.0,0.0,0.01,0.0,0.0,0.017,0.007,0.022,0.03,0.022,0.042,0.021,0.064,0.042,0.119,0.083,0.15,0.115,0.12,2023,0.15,0.117,127,"stiffness of the (lift 23.1, wsp. 4); cancellous bone (lift 12.1, wsp. 5); solid (lift 10.4, wsp. 5); bone in (lift 8.9, wsp. 4); cancellous (lift 8.0, wsp. 5)",[2022] Comparison between external locking plate fixation and conventional external fixation for extraarticular proximal tibial fractures: a finite element analysis. | [2022] Application of a lateral intertubercular sulcus plate in the treatment of proximal humeral fractures: a finite element analysis. | [2022] Effect of coronal fracture angle on the stability of screw fixation in medial malleolar fractures: A finite element analysis.,[2023] Novel screw fixation placement configuration for the treatment of Pauwels type III femoral neck fractures: a finite element analysis. | [2023] How to choose the suitable FNS specification in young patients with femoral neck fracture: A finite element analysis- letter to editor. | [2023] Biomechanical study of femoral neck system for young patients with nonanatomically reduced femoral neck fractures: a finite element.,stiffness of the,[2021] Comparison of the Biomechanical Stiffness of Titanium and Sonic Weld RX Osteofixation Systems for Monoblock Zygomaticomaxillary Complex Fractures. | [2021] Tendon release reduced joint stiffness with unaltered leg stiffness during gait in spastic diplegic cerebral palsy. | [2021] MRI analysis and surgical treatment of Wassel Type IV duplicated thumbs.,[2021] S2-alar-iliac screw and S1 pedicle screw fixation for the treatment of non-osteoporotic sacral fractures: a finite element study. | [2021] Biomechanical properties of a novel fixation system for intra-articular distal humerus fractures: a finite element analysis. | [2022] Comparison between external locking plate fixation and conventional external fixation for extraarticular proximal tibial fractures: a finite element analysis.,,,
vertebral bone quality,3,2023,0.0,0.0,0.0,0.0,0.0,0.0,0.0,0.0,0.0,0.0,0.0,0.007,0.0,0.0,0.0,0.006,0.0,0.048,0.135,0.155,0.227,2025,0.227,0.111,84,"the cervical (lift 13.8, wsp. 9); of the cervical (lift 12.4, wsp. 4); of background data (lift 3.6, wsp. 4); summary of background (lift 3.5, wsp. 4); the author (lift 3.3, wsp. 6)","[2022] MRI-based vertebral bone quality score effectively reflects bone quality in patients with osteoporotic vertebral compressive fractures. | [2022] Preoperative MRI-based vertebral bone quality (VBQ) score assessment in patients undergoing lumbar spinal fusion. | [2022] The predictive value of a novel site-specific MRI-based bone quality assessment, endplate bone quality (EBQ), for severe cage subsidence among patients undergoing standalone lateral lumbar interbody fusion.",[2023] Commentary: A Novel Cervical Vertebral Bone Quality Score Independently Predicts Cage Subsidence Following Anterior Cervical Diskectomy and Fusion. | [2023] Vertebral Bone Quality Score as a Predictor of Pedicle Screw Loosening Following Surgery for Degenerative Lumbar Disease. | [2023] Vertebral bone quality score to predict cage subsidence following oblique lumbar interbody fusion.,the cervical,[2021] 2021 Young Investigator Award Winner: Anatomic Gradients in the Microbiology of Spinal Fusion Surgical Site Infection and Resistance to Surgical Antimicrobial Prophylaxis. | [2021] Ten-Year Long-term Results of Modified Cervical Double-door Laminoplasty With C3 Laminectomy Preserving the Semispinalis Cervicis Inserted Into the Axis Compared With Those of Conventional Cervical Laminoplasty. | [2021] Comparison of Clinical Outcomes and Sagittal Alignment After Different Levels of Anterior Cervical Discectomy and Fusion in Patients With Cervical Spondylotic Myelopathy: From One-level to Th,[2022] A Novel Cervical Vertebral Bone Quality Score Independently Predicts Cage Subsidence After Anterior Cervical Diskectomy and Fusion. | [2023] Cervical Vertebral Bone Quality Score Independently Predicts Distal Junctional Kyphosis After Posterior Cervical Fusion. | [2023] The Association between High Preoperative MRI-based Vertebral Bone Quality (VBQ) Score and Titanium Mesh Cage Subsidence after Anterior Cervical Corpectomy and Fusion.,,,
clinical article,2,2012,0.0,0.0,0.0,0.01,0.049,0.092,0.067,0.133,0.217,0.171,0.022,0.022,0.021,0.014,0.013,0.012,0.006,0.021,0.0,0.02,0.0,2013,0.217,0.01,114,"object the (lift 81.9, wsp. 20); object (lift 74.8, wsp. 70); cervical arthroplasty (lift 63.7, wsp. 8); conclusion the author (lift 59.7, wsp. 7); artificial disc (lift 47.8, wsp. 7)","[2011] Effect of deep wound infection following lumbar arthrodesis for degenerative disc disease on long-term outcome: a prospective study: clinical article. | [2011] Prospective, randomized, multicenter study of cervical arthroplasty: 269 patients from the Kineflex|C artificial disc investigational device exemption study with a minimum 2-year follow-up: clinical article. | [2011] Long-term outcomes of revision fusion for lumbar pseudarthrosis: clinical article.",[2024] Efficacy of bone ring grafts for the reconstruction of alveolar ridge deficiencies: A systematic review. Part I: Clinical trials. | [2024] Risk of surgical site infection after hip hemiarthroplasty of femoral neck fractures: a systematic review and meta-analysis. | [2024] The Association of Preoperative Bone Mineral Density and Outcomes After Anterior Cervical Discectomy and Fusion: A Systematic Review.,object the,"[2010] ""Skip"" corpectomy in the treatment of multilevel cervical spondylotic myelopathy and ossified posterior longitudinal ligament. | [2010] Long-term surgical outcome and risk factors in patients with cervical myelopathy and a change in signal intensity of intramedullary spinal cord on Magnetic Resonance imaging. | [2010] Smaller facet effusion in association with restabilization at the time of operation in Japanese patients with lumbar degenerative spondylolisthesis.",[2010] The influence of approach side on facet preservation in microscopic bilateral decompression via a unilateral approach for degenerative lumbar scoliosis. Clinical article. | [2011] Long-term outcomes of revision fusion for lumbar pseudarthrosis: clinical article. | [2011] Trends in the treatment of lumbar spine fractures in the United States: a socioeconomics perspective: clinical article.,,,
